ID,Description,GeneRatio,BgRatio,RichFactor,FoldEnrichment,zScore,pvalue,p.adjust,qvalue,geneID,Count
GO:0030198,extracellular matrix organization,36/230,179/7572,0.201117318435754,6.62113189215448,13.4701765811229,2.845795385513E-20,6.8526752883153E-17,5.84736062370671E-17,LOC111327880/LOC111328024/LOC111320817/LOC111336303/LOC111320871/LOC111334934/LOC111330856/LOC111320781/LOC111335366/LOC111324935/LOC111320821/LOC111332308/LOC111327252/LOC111320822/LOC111322288/LOC111324993/LOC111336934/LOC111335693/LOC111322400/LOC111327625/LOC111320842/LOC111321759/LOC111324983/LOC111321489/LOC111320751/LOC111321680/LOC111326819/LOC111331622/LOC111326544/LOC111325220/LOC111324368/LOC111324945/LOC111335667/LOC111324943/LOC111321308/LOC111328842,36
GO:0098743,cell aggregation,8/230,20/7572,0.4,13.1686956521739,9.64409294911557,5.90147838878998E-08,7.10537998010314E-05,6.06299253416739E-05,LOC111327880/LOC111328024/LOC111320817/LOC111323862/LOC111320821/LOC111333478/LOC111320842/LOC111338817,8
GO:0042330,taxis,32/230,394/7572,0.0812182741116751,2.67384683292871,6.03942301767096,2.69521909814746E-07,0.000166030523375755,0.000141673186583963,LOC111327880/LOC111328024/LOC111328393/LOC111336303/LOC111332158/LOC111323862/LOC111342023/LOC111322288/LOC111328749/LOC111336934/LOC111335693/LOC111322400/LOC111327625/LOC111333478/LOC111333901/LOC111331664/LOC111323127/LOC111323777/LOC111345144/LOC111321759/LOC111323527/LOC111326819/LOC111323636/LOC111324532/LOC111325220/LOC111331301/LOC111333767/LOC111334761/LOC111331073/LOC111338912/LOC111327558/LOC111340622,32
GO:0001502,cartilage condensation,7/230,17/7572,0.411764705882353,13.556010230179,9.17259541885666,3.26843808252318E-07,0.000166030523375755,0.000141673186583963,LOC111327880/LOC111328024/LOC111320817/LOC111323862/LOC111320821/LOC111320842/LOC111338817,7
GO:1903035,negative regulation of response to wounding,10/230,42/7572,0.238095238095238,7.83850931677019,7.86542059571932,3.4474776448454E-07,0.000166030523375755,0.000141673186583963,LOC111336303/LOC111342023/LOC111320952/LOC111322288/LOC111332789/LOC111322400/LOC111333901/LOC111327334/LOC111330961/LOC111321308,10
GO:0008045,motor neuron axon guidance,13/230,77/7572,0.168831168831169,5.55821569734613,7.11521073597734,4.3762134191366E-07,0.000175632031888015,0.000149866115686923,LOC111327880/LOC111328024/LOC111328393/LOC111332158/LOC111342023/LOC111336934/LOC111333478/LOC111333901/LOC111323777/LOC111345144/LOC111341532/LOC111342215/LOC111338912,13
GO:0072376,protein activation cascade,6/230,14/7572,0.428571428571429,14.1093167701863,8.68908374266759,1.80218233777575E-06,0.000522461886391965,0.00044581465388928,LOC111327252/LOC111328749/LOC111338418/LOC111327334/LOC111323636/LOC111328207,6
GO:0033273,response to vitamin,10/230,50/7572,0.2,6.58434782608696,7.01171329161145,1.94406712224932E-06,0.000522461886391965,0.00044581465388928,LOC111320817/LOC111320821/LOC111327625/LOC111320842/LOC111338776/LOC111326819/LOC111331303/LOC111333893/LOC111325220/LOC111326058,10
GO:0006935,chemotaxis,28/230,348/7572,0.0804597701149425,2.64887556221889,5.57342274700007,1.95272299731216E-06,0.000522461886391965,0.00044581465388928,LOC111327880/LOC111328024/LOC111328393/LOC111336303/LOC111332158/LOC111323862/LOC111342023/LOC111322288/LOC111328749/LOC111336934/LOC111335693/LOC111322400/LOC111333478/LOC111333901/LOC111331664/LOC111323127/LOC111323777/LOC111345144/LOC111321759/LOC111323527/LOC111323636/LOC111324532/LOC111331301/LOC111333767/LOC111331073/LOC111338912/LOC111327558/LOC111340622,28
GO:0071711,basement membrane organization,8/230,32/7572,0.25,8.2304347826087,7.25415916751078,3.59282757639196E-06,0.000865152880395184,0.000738231518854432,LOC111336303/LOC111330856/LOC111322400/LOC111327625/LOC111321759/LOC111320751/LOC111326819/LOC111325220,8
GO:0030574,collagen catabolic process,7/230,24/7572,0.291666666666667,9.60217391304348,7.4701830633492,4.84798821327148E-06,0.00106126869250525,0.000905576362900088,LOC111324935/LOC111324993/LOC111324983/LOC111326544/LOC111333695/LOC111324945/LOC111324943,7
GO:0035336,long-chain fatty-acyl-CoA metabolic process,5/230,10/7572,0.5,16.4608695652174,8.65862499550155,5.50982462856319E-06,0.00110563814213168,0.000943436638153978,LOC111346087/LOC111331664/LOC111346320/LOC111331622/LOC111341830,5
GO:0007411,axon guidance,23/230,276/7572,0.0833333333333333,2.74347826086957,5.2223023968784,9.66915410088776E-06,0.00179102485191829,0.00152827439716056,LOC111327880/LOC111328024/LOC111328393/LOC111336303/LOC111332158/LOC111329099/LOC111323862/LOC111342023/LOC111336934/LOC111335693/LOC111322400/LOC111333478/LOC111333901/LOC111331664/LOC111323777/LOC111345144/LOC111321759/LOC111331301/LOC111333767/LOC111331073/LOC111338912/LOC111327558/LOC111340622,23
GO:0008038,neuron recognition,12/230,89/7572,0.134831460674157,4.43888617489008,5.77574861839133,1.38833749986158E-05,0.00226015906797644,0.00192858476162354,LOC111327880/LOC111328024/LOC111332158/LOC111336934/LOC111335693/LOC111335321/LOC111333478/LOC111333901/LOC111345144/LOC111326544/LOC111338912/LOC111340622,12
GO:0061448,connective tissue development,13/230,104/7572,0.125,4.11521739130435,5.66156144061747,1.40790639616473E-05,0.00226015906797644,0.00192858476162354,LOC111327880/LOC111328024/LOC111320817/LOC111330631/LOC111323862/LOC111320821/LOC111322288/LOC111341087/LOC111333478/LOC111320842/LOC111325851/LOC111344472/LOC111338817,13
GO:1903034,regulation of response to wounding,13/230,107/7572,0.121495327102804,3.99983746444535,5.53105603705069,1.92307809823196E-05,0.00273953539365848,0.00233763467757534,LOC111328393/LOC111336303/LOC111342023/LOC111320952/LOC111322288/LOC111332789/LOC111322400/LOC111333901/LOC111323127/LOC111320751/LOC111327334/LOC111330961/LOC111321308,13
GO:0050900,leukocyte migration,12/230,92/7572,0.130434782608696,4.29413988657845,5.6262432307195,1.9579115868721E-05,0.00273953539365848,0.00233763467757534,LOC111320871/LOC111323862/LOC111322288/LOC111328749/LOC111333170/LOC111335693/LOC111325671/LOC111326654/LOC111323527/LOC111323636/LOC111324532/LOC111328842,12
GO:0097485,neuron projection guidance,22/230,269/7572,0.0817843866171004,2.6924842411508,5.00245826817716,2.04782546037594E-05,0.00273953539365848,0.00233763467757534,LOC111327880/LOC111328024/LOC111328393/LOC111336303/LOC111332158/LOC111323862/LOC111342023/LOC111336934/LOC111335693/LOC111322400/LOC111333478/LOC111333901/LOC111331664/LOC111323777/LOC111345144/LOC111321759/LOC111331301/LOC111333767/LOC111331073/LOC111338912/LOC111327558/LOC111340622,22
GO:0051216,cartilage development,11/230,79/7572,0.139240506329114,4.58403962575674,5.66750396998294,2.33919209435405E-05,0.0028533736354046,0.00243477239740767,LOC111327880/LOC111328024/LOC111320817/LOC111323862/LOC111320821/LOC111341087/LOC111333478/LOC111320842/LOC111325851/LOC111344472/LOC111338817,11
GO:0001501,skeletal system development,19/230,214/7572,0.088785046728972,2.92295814709468,5.05045118647045,2.47409901284732E-05,0.0028533736354046,0.00243477239740767,LOC111327880/LOC111328024/LOC111320817/LOC111330631/LOC111329099/LOC111320871/LOC111323862/LOC111320821/LOC111320822/LOC111341087/LOC111333478/LOC111320842/LOC111340883/LOC111321680/LOC111325851/LOC111331301/LOC111333767/LOC111344472/LOC111338817,19
GO:0009611,response to wounding,24/230,313/7572,0.0766773162939297,2.52435060425059,4.8747459691552,2.48840724017843E-05,0.0028533736354046,0.00243477239740767,LOC111332158/LOC111325642/LOC111329099/LOC111320871/LOC111323911/LOC111327252/LOC111320822/LOC111322288/LOC111328749/LOC111327625/LOC111333478/LOC111338776/LOC111340398/LOC111321759/LOC111327334/LOC111326819/LOC111323636/LOC111331303/LOC111328517/LOC111333893/LOC111325851/LOC111333695/LOC111325220/LOC111328207,24
GO:0030199,collagen fibril organization,6/230,21/7572,0.285714285714286,9.40621118012422,6.82717537984302,2.72268974875039E-05,0.00298010768863225,0.0025429140619908,LOC111320817/LOC111320871/LOC111320821/LOC111320822/LOC111320842/LOC111324368,6
GO:0042476,odontogenesis,10/230,69/7572,0.144927536231884,4.77126654064272,5.56964674808381,3.87998194102869E-05,0.00406217239739004,0.0034662355830151,LOC111329099/LOC111320871/LOC111336974/LOC111335693/LOC111326654/LOC111321759/LOC111333767/LOC111328842/LOC111344472/LOC111338817,10
GO:0048667,cell morphogenesis involved in neuron differentiation,30/230,458/7572,0.0655021834061135,2.15644579456996,4.51891779205646,4.92313876511432E-05,0.0048644963639816,0.00415085543910302,LOC111327880/LOC111328024/LOC111328393/LOC111336303/LOC111332158/LOC111325642/LOC111323862/LOC111342023/LOC111324621/LOC111336974/LOC111336934/LOC111335693/LOC111322400/LOC111333478/LOC111333901/LOC111331664/LOC111323777/LOC111345144/LOC111321759/LOC111326544/LOC111333893/LOC111331301/LOC111326058/LOC111333767/LOC111330060/LOC111331073/LOC111333334/LOC111338912/LOC111327558/LOC111340622,30
GO:0061564,axon development,26/230,370/7572,0.0702702702702703,2.31341950646298,4.58470204446321,5.09814316143781E-05,0.0048644963639816,0.00415085543910302,LOC111327880/LOC111328024/LOC111328393/LOC111336303/LOC111332158/LOC111323862/LOC111342023/LOC111324621/LOC111336934/LOC111335693/LOC111322400/LOC111333478/LOC111333901/LOC111331664/LOC111323777/LOC111345144/LOC111321759/LOC111328517/LOC111333893/LOC111331301/LOC111333767/LOC111331073/LOC111333334/LOC111338912/LOC111327558/LOC111340622,26
GO:0035108,limb morphogenesis,11/230,86/7572,0.127906976744186,4.21092012133468,5.30013787095608,5.25236318370106E-05,0.0048644963639816,0.00415085543910302,LOC111328024/LOC111320817/LOC111329099/LOC111323862/LOC111320821/LOC111336974/LOC111320842/LOC111340883/LOC111321680/LOC111333767/LOC111338817,11
GO:0048858,cell projection morphogenesis,31/230,484/7572,0.0640495867768595,2.10862378727991,4.46147403932471,5.58971693143831E-05,0.00498519939663091,0.00425385085776514,LOC111327880/LOC111328024/LOC111328393/LOC111336303/LOC111332158/LOC111325642/LOC111323862/LOC111342023/LOC111324621/LOC111336974/LOC111336934/LOC111335693/LOC111322400/LOC111333478/LOC111333901/LOC111331664/LOC111323777/LOC111340398/LOC111345144/LOC111321759/LOC111326544/LOC111328517/LOC111333893/LOC111331301/LOC111333767/LOC111330060/LOC111331073/LOC111333334/LOC111338912/LOC111327558/LOC111340622,31
GO:0010469,regulation of signaling receptor activity,11/230,87/7572,0.126436781609195,4.16251874062969,5.25085689989397,5.85415013961541E-05,0.00503456912006925,0.00429597784681552,LOC111336303/LOC111325642/LOC111329099/LOC111322288/LOC111328749/LOC111322400/LOC111333478/LOC111327334/LOC111323636/LOC111343646/LOC111338817,11
GO:0007409,axonogenesis,25/230,353/7572,0.0708215297450425,2.33156792708462,4.5346681306179,6.31502371076774E-05,0.00524364727432024,0.00447438340595957,LOC111327880/LOC111328024/LOC111328393/LOC111336303/LOC111332158/LOC111323862/LOC111342023/LOC111324621/LOC111336934/LOC111335693/LOC111322400/LOC111333478/LOC111333901/LOC111331664/LOC111323777/LOC111345144/LOC111321759/LOC111333893/LOC111331301/LOC111333767/LOC111331073/LOC111333334/LOC111338912/LOC111327558/LOC111340622,25
GO:0060173,limb development,12/230,104/7572,0.115384615384615,3.79866220735786,5.0862575699272,6.76158735030415E-05,0.00542730077984413,0.00463109421326095,LOC111328024/LOC111320817/LOC111329099/LOC111323862/LOC111320821/LOC111336974/LOC111335693/LOC111320842/LOC111340883/LOC111321680/LOC111333767/LOC111338817,12
GO:0042475,odontogenesis of dentin-containing tooth,8/230,47/7572,0.170212765957447,5.60370027752081,5.60319928677355,7.24695931062045E-05,0.00562925097418517,0.00480341751250632,LOC111329099/LOC111336974/LOC111335693/LOC111326654/LOC111333767/LOC111328842/LOC111344472/LOC111338817,8
GO:0050922,negative regulation of chemotaxis,5/230,16/7572,0.3125,10.2880434782609,6.58220808189479,8.22149146716739E-05,0.00608402357933055,0.0051914731713819,LOC111328749/LOC111333478/LOC111333901/LOC111323636/LOC111340622,5
GO:0032102,negative regulation of response to external stimulus,14/230,140/7572,0.1,3.29217391304348,4.84498106318517,8.33773995506264E-05,0.00608402357933055,0.0051914731713819,LOC111336303/LOC111342023/LOC111320952/LOC111322288/LOC111328749/LOC111332789/LOC111322400/LOC111333478/LOC111333901/LOC111327334/LOC111323636/LOC111324532/LOC111321308/LOC111340622,14
GO:0048812,neuron projection morphogenesis,30/230,480/7572,0.0625,2.05760869565217,4.23735274636197,0.000116226282614838,0.00800182021999594,0.00682792143269456,LOC111327880/LOC111328024/LOC111328393/LOC111336303/LOC111332158/LOC111325642/LOC111323862/LOC111342023/LOC111324621/LOC111336974/LOC111336934/LOC111335693/LOC111322400/LOC111333478/LOC111333901/LOC111331664/LOC111323777/LOC111340398/LOC111345144/LOC111321759/LOC111326544/LOC111333893/LOC111331301/LOC111333767/LOC111330060/LOC111331073/LOC111333334/LOC111338912/LOC111327558/LOC111340622,30
GO:0007155,cell adhesion,20/230,260/7572,0.0769230769230769,2.53244147157191,4.45026456426327,0.000116305526453429,0.00800182021999594,0.00682792143269456,LOC111328024/LOC111332158/LOC111323911/LOC111334934/LOC111320822/LOC111335693/LOC111335321/LOC111327625/LOC111333478/LOC111333901/LOC111323127/LOC111323777/LOC111321759/LOC111326819/LOC111333893/LOC111332138/LOC111325220/LOC111334412/LOC111324368/LOC111340622,20
GO:0007162,negative regulation of cell adhesion,12/230,111/7572,0.108108108108108,3.55910693301998,4.80711767839648,0.000127887482856403,0.00855425163106161,0.00729930896303211,LOC111330856/LOC111342023/LOC111327625/LOC111323777/LOC111345144/LOC111321759/LOC111326819/LOC111333893/LOC111325220/LOC111333767/LOC111321308/LOC111340622,12
GO:0048565,digestive tract development,15/230,165/7572,0.0909090909090909,2.99288537549407,4.58074874156123,0.00013851595757769,0.00883674004971032,0.00754035520940485,LOC111324192/LOC111333986/LOC111320822/LOC111322288/LOC111335693/LOC111326654/LOC111338776/LOC111321759/LOC111339275/LOC111320751/LOC111342546/LOC111331301/LOC111333767/LOC111343646/LOC111344472,15
GO:0008037,cell recognition,12/230,112/7572,0.107142857142857,3.52732919254658,4.76908169958622,0.000139450216731309,0.00883674004971032,0.00754035520940485,LOC111327880/LOC111328024/LOC111332158/LOC111336934/LOC111335693/LOC111335321/LOC111333478/LOC111333901/LOC111345144/LOC111326544/LOC111338912/LOC111340622,12
GO:0060326,cell chemotaxis,8/230,52/7572,0.153846153846154,5.06488294314381,5.20564018434476,0.00015216617446999,0.00916040370309337,0.00781653612014262,LOC111322288/LOC111328749/LOC111333478/LOC111323127/LOC111323527/LOC111323636/LOC111324532/LOC111340622,8
GO:0060840,artery development,8/230,52/7572,0.153846153846154,5.06488294314381,5.20564018434476,0.00015216617446999,0.00916040370309337,0.00781653612014262,LOC111320822/LOC111325671/LOC111333478/LOC111340366/LOC111340883/LOC111333767/LOC111340596/LOC111344472,8
GO:0060021,roof of mouth development,7/230,40/7572,0.175,5.76130434782609,5.34360237190864,0.000172501136466312,0.0100100898255779,0.00854156991586291,LOC111320817/LOC111329099/LOC111320821/LOC111320842/LOC111333893/LOC111333767/LOC111344472,7
GO:1905954,positive regulation of lipid localization,8/230,53/7572,0.150943396226415,4.96931911402789,5.13224356540323,0.000174594589981009,0.0100100898255779,0.00854156991586291,LOC111319860/LOC111328749/LOC111325671/LOC111331664/LOC111346320/LOC111321178/LOC111323636/LOC111340596,8
GO:0009725,response to hormone,30/230,494/7572,0.0607287449392713,1.9992958986094,4.06570301001341,0.000193724047006759,0.0108485466323785,0.00925702178108186,LOC111320817/LOC111325642/LOC111320871/LOC111320952/LOC111320821/LOC111327252/LOC111322288/LOC111328749/LOC111332789/LOC111325671/LOC111327625/LOC111320842/LOC111323127/LOC111338776/LOC111329762/LOC111339275/LOC111342143/LOC111346320/LOC111327334/LOC111325560/LOC111326819/LOC111323636/LOC111331303/LOC111333893/LOC111336999/LOC111333695/LOC111325220/LOC111326058/LOC111328842/LOC111342147,30
GO:1903317,regulation of protein maturation,8/230,55/7572,0.145454545454545,4.78861660079051,4.9908334655946,0.00022763576418836,0.0116053969176621,0.00990283912540497,LOC111327252/LOC111328749/LOC111340883/LOC111338418/LOC111327334/LOC111344634/LOC111323636/LOC111326544,8
GO:0030195,negative regulation of blood coagulation,4/230,11/7572,0.363636363636364,11.9715415019763,6.44477447991266,0.000231332280178231,0.0116053969176621,0.00990283912540497,LOC111320952/LOC111322288/LOC111327334/LOC111321308,4
GO:0050819,negative regulation of coagulation,4/230,11/7572,0.363636363636364,11.9715415019763,6.44477447991266,0.000231332280178231,0.0116053969176621,0.00990283912540497,LOC111320952/LOC111322288/LOC111327334/LOC111321308,4
GO:1900047,negative regulation of hemostasis,4/230,11/7572,0.363636363636364,11.9715415019763,6.44477447991266,0.000231332280178231,0.0116053969176621,0.00990283912540497,LOC111320952/LOC111322288/LOC111327334/LOC111321308,4
GO:0007584,response to nutrient,14/230,154/7572,0.0909090909090909,2.99288537549407,4.42214131725271,0.00023133681563446,0.0116053969176621,0.00990283912540497,LOC111320817/LOC111320821/LOC111327252/LOC111327625/LOC111320842/LOC111331664/LOC111338776/LOC111346320/LOC111326819/LOC111331303/LOC111333893/LOC111328120/LOC111325220/LOC111326058,14
GO:0042472,inner ear morphogenesis,9/230,70/7572,0.128571428571429,4.2327950310559,4.8091908375718,0.000243690127478438,0.0119756291217975,0.0102187567956586,LOC111320817/LOC111330631/LOC111323862/LOC111320821/LOC111320842/LOC111333893/LOC111331301/LOC111326058/LOC111344472,9
GO:0006869,lipid transport,11/230,102/7572,0.107843137254902,3.55038363171356,4.58964028044353,0.000249616762481346,0.0120215432811016,0.0102579351655492,LOC111337480/LOC111325671/LOC111337489/LOC111331664/LOC111323127/LOC111342143/LOC111346320/LOC111321178/LOC111331303/LOC111334900/LOC111342147,11
GO:0050808,synapse organization,17/230,214/7572,0.0794392523364486,2.61527834213734,4.24236192132054,0.000260841587056832,0.0123158145418206,0.0105090356642917,LOC111332158/LOC111342023/LOC111321843/LOC111322288/LOC111336974/LOC111335693/LOC111335321/LOC111323777/LOC111321759/LOC111320751/LOC111322311/LOC111341777/LOC111327210/LOC111326544/LOC111333893/LOC111326058/LOC111343646,17
GO:0055123,digestive system development,15/230,176/7572,0.0852272727272727,2.80583003952569,4.29010682913845,0.000282787405764722,0.0130952321746433,0.0111741096366951,LOC111324192/LOC111333986/LOC111320822/LOC111322288/LOC111335693/LOC111326654/LOC111338776/LOC111321759/LOC111339275/LOC111320751/LOC111342546/LOC111331301/LOC111333767/LOC111343646/LOC111344472,15
GO:0061045,negative regulation of wound healing,5/230,21/7572,0.238095238095238,7.83850931677019,5.55395307610992,0.000338208829995739,0.0153218037881696,0.0130740343567525,LOC111320952/LOC111322288/LOC111332789/LOC111327334/LOC111321308,5
GO:0007419,ventral cord development,6/230,32/7572,0.1875,6.17282608695652,5.18979907970292,0.000343595267674899,0.0153218037881696,0.0130740343567525,LOC111324192/LOC111327625/LOC111339275/LOC111326819/LOC111325851/LOC111325220,6
GO:0090092,regulation of transmembrane receptor protein serine/threonine kinase signaling pathway,12/230,125/7572,0.096,3.16048695652174,4.3107151843871,0.000392814308911631,0.0171981246519856,0.0146750915023063,LOC111327880/LOC111328024/LOC111325642/LOC111336934/LOC111335693/LOC111333901/LOC111331664/LOC111321680/LOC111326544/LOC111333893/LOC111331301/LOC111343646,12
GO:0048608,reproductive structure development,21/230,308/7572,0.0681818181818182,2.24466403162055,3.94705275409879,0.000418067231144758,0.0179768909392246,0.0153396096841084,LOC111330631/LOC111332158/LOC111324192/LOC111325642/LOC111329099/LOC111323862/LOC111330856/LOC111320816/LOC111327252/LOC111322288/LOC111326654/LOC111333901/LOC111321759/LOC111329762/LOC111339275/LOC111331622/LOC111331303/LOC111333695/LOC111333767/LOC111343646/LOC111328842,21
GO:0048705,skeletal system morphogenesis,11/230,109/7572,0.100917431192661,3.32237734343837,4.32237721452614,0.000446213026013876,0.0188505432744107,0.0160850937539997,LOC111327880/LOC111328024/LOC111320817/LOC111330631/LOC111323862/LOC111320821/LOC111320842/LOC111321680/LOC111333767/LOC111344472/LOC111338817,11
GO:0015718,monocarboxylic acid transport,8/230,61/7572,0.131147540983607,4.3176051318603,4.6044109883117,0.000470781174207368,0.0188582182040948,0.0160916427410356,LOC111330589/LOC111331664/LOC111342077/LOC111330251/LOC111346320/LOC111331303/LOC111334900/LOC111328842,8
GO:0061458,reproductive system development,21/230,311/7572,0.067524115755627,2.22301132392003,3.89803563799612,0.000475699054833046,0.0188582182040948,0.0160916427410356,LOC111330631/LOC111332158/LOC111324192/LOC111325642/LOC111329099/LOC111323862/LOC111330856/LOC111320816/LOC111327252/LOC111322288/LOC111326654/LOC111333901/LOC111321759/LOC111329762/LOC111339275/LOC111331622/LOC111331303/LOC111333695/LOC111333767/LOC111343646/LOC111328842,21
GO:0007414,axonal defasciculation,4/230,13/7572,0.307692307692308,10.1297658862876,5.83085840965069,0.000477720643874494,0.0188582182040948,0.0160916427410356,LOC111327880/LOC111336934/LOC111335693/LOC111345144,4
GO:0099054,presynapse assembly,4/230,13/7572,0.307692307692308,10.1297658862876,5.83085840965069,0.000477720643874494,0.0188582182040948,0.0160916427410356,LOC111336974/LOC111335321/LOC111323777/LOC111333893,4
GO:0043627,response to estrogen,7/230,47/7572,0.148936170212766,4.90323774283071,4.75066090716801,0.000485744020841274,0.0188656710029966,0.0160980021847566,LOC111322288/LOC111328749/LOC111327625/LOC111326819/LOC111323636/LOC111334900/LOC111325220,7
GO:0042471,ear morphogenesis,9/230,78/7572,0.115384615384615,3.79866220735786,4.39718047801542,0.000553654134034598,0.0211618913453224,0.0180573578886472,LOC111320817/LOC111330631/LOC111323862/LOC111320821/LOC111320842/LOC111333893/LOC111331301/LOC111326058/LOC111344472,9
GO:0022617,extracellular matrix disassembly,6/230,35/7572,0.171428571428571,5.64372670807453,4.87343040314593,0.000570329992456318,0.021458665966169,0.0183105944946502,LOC111327880/LOC111335366/LOC111327252/LOC111336934/LOC111326544/LOC111328842,6
GO:0060174,limb bud formation,4/230,14/7572,0.285714285714286,9.40621118012422,5.57178334943917,0.000652965318782162,0.0241898536558069,0.0206411061095187,LOC111320817/LOC111320821/LOC111320842/LOC111340883,4
GO:0048844,artery morphogenesis,6/230,36/7572,0.166666666666667,5.48695652173913,4.77601869145144,0.000667265010113067,0.0243450627932161,0.02077354545041,LOC111320822/LOC111325671/LOC111333478/LOC111340883/LOC111340596/LOC111344472,6
GO:0035272,exocrine system development,11/230,115/7572,0.0956521739130435,3.1490359168242,4.11001941642729,0.000705389145900625,0.0253518964675926,0.0216326726284057,LOC111324192/LOC111329099/LOC111322288/LOC111335693/LOC111326654/LOC111333478/LOC111333901/LOC111338776/LOC111339275/LOC111333893/LOC111325851,11
GO:0032101,regulation of response to external stimulus,24/230,390/7572,0.0615384615384615,2.02595317725753,3.68188733380799,0.000727089249802254,0.0257475134341739,0.0219702510156966,LOC111328393/LOC111336303/LOC111342023/LOC111320952/LOC111327252/LOC111322288/LOC111328749/LOC111332789/LOC111322400/LOC111333478/LOC111333901/LOC111323777/LOC111338418/LOC111320751/LOC111327334/LOC111323636/LOC111331303/LOC111333893/LOC111324532/LOC111334113/LOC111321502/LOC111321308/LOC111338817/LOC111340622,24
GO:0048568,embryonic organ development,20/230,300/7572,0.0666666666666667,2.19478260869565,3.73728257200161,0.000762785616052344,0.0266201125138267,0.0227148363468219,LOC111327880/LOC111320817/LOC111330631/LOC111323862/LOC111330856/LOC111320821/LOC111327252/LOC111322288/LOC111341087/LOC111326654/LOC111320842/LOC111340398/LOC111321759/LOC111339275/LOC111321680/LOC111333893/LOC111331301/LOC111326058/LOC111333767/LOC111344472,20
GO:0048841,regulation of axon extension involved in axon guidance,5/230,25/7572,0.2,6.58434782608696,4.94981128231356,0.000799640585159699,0.0275076361294936,0.0234721567252892,LOC111342023/LOC111333478/LOC111333901/LOC111323777/LOC111340622,5
GO:0060562,epithelial tube morphogenesis,27/230,465/7572,0.0580645161290323,1.91158485273492,3.59098647898191,0.00082818410494924,0.0280882721791235,0.023967611161763,LOC111327880/LOC111332158/LOC111329099/LOC111330856/LOC111336828/LOC111322288/LOC111336934/LOC111335693/LOC111327625/LOC111333478/LOC111340398/LOC111321759/LOC111340883/LOC111329762/LOC111339275/LOC111320751/LOC111326819/LOC111333893/LOC111325851/LOC111325220/LOC111331301/LOC111334412/LOC111333767/LOC111343646/LOC111344472/LOC111327558/LOC111340622,27
GO:0007548,sex differentiation,19/230,281/7572,0.0676156583629893,2.22602506575894,3.70674159232823,0.000871677616357904,0.0291527736137477,0.0248759460106817,LOC111330631/LOC111332158/LOC111324192/LOC111325642/LOC111329099/LOC111323862/LOC111320816/LOC111327252/LOC111322288/LOC111335693/LOC111326654/LOC111333901/LOC111321759/LOC111329762/LOC111339275/LOC111331622/LOC111331303/LOC111333767/LOC111343646,19
GO:0050920,regulation of chemotaxis,11/230,119/7572,0.092436974789916,3.04318597004019,3.97602557140006,0.000939807640949767,0.0308853999426743,0.0263543891799704,LOC111342023/LOC111322288/LOC111328749/LOC111333478/LOC111333901/LOC111323777/LOC111323636/LOC111333893/LOC111321502/LOC111338817/LOC111340622,11
GO:0030155,regulation of cell adhesion,19/230,283/7572,0.0671378091872792,2.21029343985251,3.67268154729567,0.000949136044749959,0.0308853999426743,0.0263543891799704,LOC111329099/LOC111330856/LOC111342023/LOC111335693/LOC111327625/LOC111333478/LOC111323127/LOC111323777/LOC111345144/LOC111321759/LOC111326819/LOC111331622/LOC111328517/LOC111333893/LOC111325220/LOC111333767/LOC111321308/LOC111325968/LOC111340622,19
GO:0072001,renal system development,15/230,198/7572,0.0757575757575758,2.49407114624506,3.77038464583047,0.000981375313245625,0.0315086900572729,0.0268862401607784,LOC111328024/LOC111330631/LOC111324192/LOC111336828/LOC111322288/LOC111336974/LOC111335693/LOC111326654/LOC111333478/LOC111321759/LOC111340883/LOC111339275/LOC111320751/LOC111330961/LOC111333767,15
GO:0007156,homophilic cell adhesion via plasma membrane adhesion molecules,7/230,53/7572,0.132075471698113,4.34815422477441,4.32909082954506,0.00102017733936172,0.0319037277036757,0.0272233242164605,LOC111332158/LOC111321843/LOC111341777/LOC111333893/LOC111332138/LOC111334412/LOC111342215,7
GO:0070613,regulation of protein processing,7/230,53/7572,0.132075471698113,4.34815422477441,4.32909082954506,0.00102017733936172,0.0319037277036757,0.0272233242164605,LOC111327252/LOC111328749/LOC111338418/LOC111327334/LOC111344634/LOC111323636/LOC111326544,7
GO:0072359,circulatory system development,27/230,474/7572,0.0569620253164557,1.87528893780958,3.48342098726875,0.00110505107255904,0.0335369506282006,0.0286169468553277,LOC111327880/LOC111320817/LOC111324192/LOC111320871/LOC111320821/LOC111320822/LOC111322288/LOC111335693/LOC111325671/LOC111335321/LOC111326654/LOC111333478/LOC111320842/LOC111340366/LOC111323127/LOC111321759/LOC111340883/LOC111320751/LOC111333893/LOC111325851/LOC111332138/LOC111333767/LOC111324368/LOC111321502/LOC111340596/LOC111344472/LOC111340622,27
GO:0030517,negative regulation of axon extension,4/230,16/7572,0.25,8.2304347826087,5.12403138218421,0.00113170792608018,0.0335369506282006,0.0286169468553277,LOC111342023/LOC111333478/LOC111333901/LOC111340622,4
GO:0048147,negative regulation of fibroblast proliferation,4/230,16/7572,0.25,8.2304347826087,5.12403138218421,0.00113170792608018,0.0335369506282006,0.0286169468553277,LOC111322266/LOC111329755/LOC111322261/LOC111336999,4
GO:0048704,embryonic skeletal system morphogenesis,7/230,54/7572,0.12962962962963,4.26763285024155,4.26493408715362,0.00114238010562017,0.0335369506282006,0.0286169468553277,LOC111320817/LOC111330631/LOC111320821/LOC111320842/LOC111338776/LOC111333767/LOC111344472,7
GO:0048839,inner ear development,11/230,122/7572,0.0901639344262295,2.96835352815396,3.87916482412601,0.00115511545812596,0.0335369506282006,0.0286169468553277,LOC111320817/LOC111330631/LOC111329099/LOC111323862/LOC111320821/LOC111320842/LOC111333893/LOC111331301/LOC111326058/LOC111333767/LOC111344472,11
GO:0007431,salivary gland development,10/230,104/7572,0.0961538461538462,3.16555183946488,3.93564982854668,0.001178094063723,0.0335369506282006,0.0286169468553277,LOC111324192/LOC111329099/LOC111322288/LOC111335693/LOC111326654/LOC111333478/LOC111333901/LOC111339275/LOC111333893/LOC111325851,10
GO:0071300,cellular response to retinoic acid,6/230,40/7572,0.15,4.93826086956522,4.41990231803018,0.00118830043790715,0.0335369506282006,0.0286169468553277,LOC111320817/LOC111320871/LOC111320821/LOC111320842/LOC111333893/LOC111344472,6
GO:0007416,synapse assembly,8/230,70/7572,0.114285714285714,3.76248447204969,4.1095444914664,0.00119401881631192,0.0335369506282006,0.0286169468553277,LOC111342023/LOC111322288/LOC111336974/LOC111335321/LOC111323777/LOC111322311/LOC111327210/LOC111333893,8
GO:0001568,blood vessel development,16/230,223/7572,0.0717488789237668,2.3620978748294,3.65409617910717,0.00119774823672145,0.0335369506282006,0.0286169468553277,LOC111327880/LOC111320871/LOC111320822/LOC111322288/LOC111335693/LOC111325671/LOC111333478/LOC111340366/LOC111323127/LOC111340883/LOC111320751/LOC111333767/LOC111324368/LOC111340596/LOC111344472/LOC111340622,16
GO:0007600,sensory perception,19/230,289/7572,0.0657439446366782,2.16440499473447,3.57216225404419,0.00121797632596667,0.0337113447462958,0.0287657566640887,LOC111320817/LOC111329099/LOC111323862/LOC111336828/LOC111320821/LOC111335693/LOC111320842/LOC111340398/LOC111321759/LOC111323527/LOC111330961/LOC111333893/LOC111324532/LOC111325851/LOC111331301/LOC111326058/LOC111331073/LOC111344472/LOC111340622,19
GO:0032368,regulation of lipid transport,7/230,55/7572,0.127272727272727,4.1900395256917,4.20231385199275,0.00127578032207898,0.034317255992777,0.0292827783257128,LOC111319860/LOC111331664/LOC111342143/LOC111346320/LOC111321178/LOC111340596/LOC111342147,7
GO:0090596,sensory organ morphogenesis,20/230,313/7572,0.0638977635782748,2.10362550354216,3.5293022221052,0.00128800094797792,0.034317255992777,0.0292827783257128,LOC111320817/LOC111330631/LOC111332158/LOC111329099/LOC111323862/LOC111342023/LOC111320821/LOC111322288/LOC111320842/LOC111323777/LOC111340398/LOC111329762/LOC111321680/LOC111330961/LOC111333893/LOC111331301/LOC111326058/LOC111334412/LOC111333767/LOC111344472,20
GO:0022408,negative regulation of cell-cell adhesion,8/230,71/7572,0.112676056338028,3.70949173300674,4.05967037918992,0.00131112439839513,0.034317255992777,0.0292827783257128,LOC111330856/LOC111342023/LOC111327625/LOC111323777/LOC111326819/LOC111325220/LOC111333767/LOC111321308,8
GO:0048706,embryonic skeletal system development,8/230,71/7572,0.112676056338028,3.70949173300674,4.05967037918992,0.00131112439839513,0.034317255992777,0.0292827783257128,LOC111328024/LOC111320817/LOC111330631/LOC111320821/LOC111320842/LOC111325851/LOC111333767/LOC111344472,8
GO:0090100,positive regulation of transmembrane receptor protein serine/threonine kinase signaling pathway,8/230,71/7572,0.112676056338028,3.70949173300674,4.05967037918992,0.00131112439839513,0.034317255992777,0.0292827783257128,LOC111327880/LOC111328024/LOC111325642/LOC111336934/LOC111333901/LOC111326544/LOC111331301/LOC111343646,8
GO:0007424,open tracheal system development,12/230,144/7572,0.0833333333333333,2.74347826086957,3.73848107188074,0.00139155202947174,0.0360307235157844,0.0307448733619563,LOC111332158/LOC111335693/LOC111335321/LOC111327625/LOC111323127/LOC111326819/LOC111333893/LOC111332138/LOC111325220/LOC111334412/LOC111333767/LOC111327558,12
GO:0048681,negative regulation of axon regeneration,4/230,17/7572,0.235294117647059,7.7462915601023,4.92839699267937,0.0014449702860437,0.0370158345616302,0.0315854647072487,LOC111336303/LOC111342023/LOC111322400/LOC111333901,4
GO:0022612,gland morphogenesis,10/230,107/7572,0.0934579439252336,3.07679804957334,3.8291695886769,0.0014652291499488,0.037139703085018,0.0316911612265934,LOC111329099/LOC111336828/LOC111322288/LOC111335693/LOC111326654/LOC111333478/LOC111339275/LOC111333893/LOC111325851/LOC111333767,10
GO:2001236,regulation of extrinsic apoptotic signaling pathway,9/230,90/7572,0.1,3.29217391304348,3.87162530164009,0.00156500024951215,0.0390419056028592,0.0333143030847968,LOC111320817/LOC111320821/LOC111335693/LOC111327625/LOC111333478/LOC111320842/LOC111346320/LOC111326819/LOC111325220,9
GO:1905952,regulation of lipid localization,10/230,108/7572,0.0925925925925926,3.04830917874396,3.7945032097239,0.00157270134695903,0.0390419056028592,0.0333143030847968,LOC111319860/LOC111328749/LOC111325671/LOC111331664/LOC111342143/LOC111346320/LOC111321178/LOC111323636/LOC111340596/LOC111342147,10
GO:0001775,cell activation,25/230,439/7572,0.0569476082004556,1.87481430127761,3.34229957176114,0.00170120372719962,0.0418010058683335,0.0356686323898352,LOC111329099/LOC111320871/LOC111323911/LOC111346891/LOC111327418/LOC111320822/LOC111328749/LOC111333170/LOC111326654/LOC111340883/LOC111323527/LOC111327334/LOC111325560/LOC111329755/LOC111336425/LOC111323636/LOC111328517/LOC111333893/LOC111333695/LOC111344752/LOC111326942/LOC111333767/LOC111329016/LOC111340596/LOC111322259,25
GO:0048679,regulation of axon regeneration,6/230,43/7572,0.13953488372093,4.59373104145602,4.18258235698128,0.00174958654400152,0.0425555999793502,0.0363125245496116,LOC111328393/LOC111336303/LOC111342023/LOC111322400/LOC111333901/LOC111320751,6
GO:0008643,carbohydrate transport,4/230,18/7572,0.222222222222222,7.31594202898551,4.74809334641993,0.00181398132145011,0.0432481883371472,0.0369035074462806,LOC111327414/LOC111327248/LOC111331589/LOC111341071,4
GO:0035909,aorta morphogenesis,4/230,18/7572,0.222222222222222,7.31594202898551,4.74809334641993,0.00181398132145011,0.0432481883371472,0.0369035074462806,LOC111320822/LOC111340883/LOC111340596/LOC111344472,4
GO:0071363,cellular response to growth factor stimulus,18/230,277/7572,0.0649819494584837,2.1393187882593,3.41905310802727,0.00186032595433494,0.0439182833141033,0.0374752968303592,LOC111320817/LOC111324192/LOC111320871/LOC111323862/LOC111320821/LOC111320822/LOC111322288/LOC111333478/LOC111333901/LOC111320842/LOC111339275/LOC111344634/LOC111326544/LOC111333893/LOC111325851/LOC111343646/LOC111344472/LOC111338817,18
GO:0099172,presynapse organization,5/230,30/7572,0.166666666666667,5.48695652173913,4.35815403188568,0.00189540578090062,0.0443120108777542,0.0378112629976291,LOC111332158/LOC111336974/LOC111335321/LOC111323777/LOC111333893,5
GO:0001655,urogenital system development,15/230,212/7572,0.0707547169811321,2.32936833470057,3.47462311166394,0.00194703916439549,0.0450814452679264,0.0384678183087044,LOC111328024/LOC111330631/LOC111324192/LOC111336828/LOC111322288/LOC111336974/LOC111335693/LOC111326654/LOC111333478/LOC111321759/LOC111340883/LOC111339275/LOC111320751/LOC111330961/LOC111333767,15
GO:0040013,negative regulation of locomotion,12/230,150/7572,0.08,2.63373913043478,3.57685402647201,0.00197349447677355,0.04525880666734,0.0386191600868367,LOC111328024/LOC111330856/LOC111320816/LOC111320822/LOC111322288/LOC111328749/LOC111333478/LOC111333901/LOC111323636/LOC111336999/LOC111340596/LOC111340622,12
GO:0009612,response to mechanical stimulus,13/230,171/7572,0.0760233918128655,2.50282227307399,3.51798373449414,0.00205141626240307,0.0466019845270432,0.0397652884231458,LOC111320817/LOC111336828/LOC111320821/LOC111343017/LOC111320822/LOC111322288/LOC111327625/LOC111320842/LOC111327334/LOC111326819/LOC111333695/LOC111325220/LOC111326058,13
GO:0030510,regulation of BMP signaling pathway,7/230,60/7572,0.116666666666667,3.84086956521739,3.91005152787712,0.00213572886035215,0.0477628889980839,0.0407558836003934,LOC111327880/LOC111328024/LOC111336934/LOC111335693/LOC111333901/LOC111331664/LOC111333893,7
GO:0033993,response to lipid,24/230,422/7572,0.0568720379146919,1.87232639604368,3.26374011708131,0.00214218937366822,0.0477628889980839,0.0407558836003934,LOC111320817/LOC111325642/LOC111320871/LOC111320952/LOC111320821/LOC111327252/LOC111322288/LOC111328749/LOC111332789/LOC111325671/LOC111320842/LOC111323127/LOC111322161/LOC111338776/LOC111342143/LOC111346320/LOC111323636/LOC111331303/LOC111333893/LOC111324532/LOC111336999/LOC111326058/LOC111344472/LOC111342147,24
GO:0046949,fatty-acyl-CoA biosynthetic process,4/230,19/7572,0.210526315789474,6.93089244851259,4.5811072329021,0.00224354651087952,0.049154265301926,0.0419431394777757,LOC111331664/LOC111346320/LOC111331622/LOC111341830,4
GO:0042060,wound healing,16/230,237/7572,0.0675105485232067,2.22256466703357,3.38438144349575,0.00224985907184283,0.049154265301926,0.0419431394777757,LOC111329099/LOC111320871/LOC111323911/LOC111327252/LOC111320822/LOC111322288/LOC111328749/LOC111327625/LOC111340398/LOC111327334/LOC111326819/LOC111323636/LOC111333893/LOC111325851/LOC111325220/LOC111328207,16
GO:0070848,response to growth factor,18/230,282/7572,0.0638297872340425,2.10138760407031,3.33606362825538,0.00226583199689111,0.049154265301926,0.0419431394777757,LOC111320817/LOC111324192/LOC111320871/LOC111323862/LOC111320821/LOC111320822/LOC111322288/LOC111333478/LOC111333901/LOC111320842/LOC111339275/LOC111344634/LOC111326544/LOC111333893/LOC111325851/LOC111343646/LOC111344472/LOC111338817,18
GO:0043583,ear development,11/230,133/7572,0.0827067669172932,2.7228506047728,3.54772143397291,0.00232000174572555,0.0498800375330993,0.0425624380418822,LOC111320817/LOC111330631/LOC111329099/LOC111323862/LOC111320821/LOC111320842/LOC111333893/LOC111331301/LOC111326058/LOC111333767/LOC111344472,11
GO:0006826,iron ion transport,5/230,32/7572,0.15625,5.14402173913043,4.15761903579898,0.00254951363091667,0.0534964648783631,0.0456483211411806,LOC111327082/LOC111322161/LOC111329755/LOC111328120/LOC111329754,5
GO:0007413,axonal fasciculation,5/230,32/7572,0.15625,5.14402173913043,4.15761903579898,0.00254951363091667,0.0534964648783631,0.0456483211411806,LOC111332158/LOC111335693/LOC111333478/LOC111345144/LOC111340622,5
GO:0001944,vasculature development,16/230,240/7572,0.0666666666666667,2.19478260869565,3.32902177675192,0.00255485608846003,0.0534964648783631,0.0456483211411806,LOC111327880/LOC111320871/LOC111320822/LOC111322288/LOC111335693/LOC111325671/LOC111333478/LOC111340366/LOC111323127/LOC111340883/LOC111320751/LOC111333767/LOC111324368/LOC111340596/LOC111344472/LOC111340622,16
GO:0008406,gonad development,14/230,197/7572,0.0710659898477157,2.33961597881262,3.37183078050931,0.00262563593225691,0.0545045803868503,0.0465085421031351,LOC111330631/LOC111324192/LOC111325642/LOC111329099/LOC111320816/LOC111327252/LOC111322288/LOC111326654/LOC111333901/LOC111321759/LOC111329762/LOC111331303/LOC111333767/LOC111343646,14
GO:0010038,response to metal ion,16/230,242/7572,0.0661157024793388,2.17664390945023,3.29256303277339,0.00277672814091351,0.0559317173755806,0.0477263124309903,LOC111332158/LOC111325642/LOC111324621/LOC111323945/LOC111328749/LOC111338776/LOC111342143/LOC111323527/LOC111325560/LOC111323636/LOC111331303/LOC111328120/LOC111324368/LOC111329754/LOC111328842/LOC111342147,16
GO:0010575,positive regulation of vascular endothelial growth factor production,3/230,10/7572,0.3,9.87652173913043,4.97116107728233,0.00283374980059005,0.0559317173755806,0.0477263124309903,LOC111328024/LOC111328749/LOC111323636,3
GO:0046697,decidualization,3/230,10/7572,0.3,9.87652173913043,4.97116107728233,0.00283374980059005,0.0559317173755806,0.0477263124309903,LOC111331303/LOC111333695/LOC111328842,3
GO:0072378,"blood coagulation, fibrin clot formation",3/230,10/7572,0.3,9.87652173913043,4.97116107728233,0.00283374980059005,0.0559317173755806,0.0477263124309903,LOC111327252/LOC111327334/LOC111328207,3
GO:1905049,negative regulation of metallopeptidase activity,3/230,10/7572,0.3,9.87652173913043,4.97116107728233,0.00283374980059005,0.0559317173755806,0.0477263124309903,LOC111327625/LOC111326819/LOC111325220,3
GO:1990314,cellular response to insulin-like growth factor stimulus,3/230,10/7572,0.3,9.87652173913043,4.97116107728233,0.00283374980059005,0.0559317173755806,0.0477263124309903,LOC111320817/LOC111320821/LOC111320842,3
GO:0045137,development of primary sexual characteristics,14/230,199/7572,0.0703517587939698,2.31610225038235,3.32987096035043,0.0028807186356339,0.0563965079236296,0.048122916360782,LOC111330631/LOC111324192/LOC111325642/LOC111329099/LOC111320816/LOC111327252/LOC111322288/LOC111326654/LOC111333901/LOC111321759/LOC111329762/LOC111331303/LOC111333767/LOC111343646,14
GO:0007435,salivary gland morphogenesis,8/230,82/7572,0.0975609756097561,3.2118769883351,3.56418582576846,0.00330232428943916,0.063126688650896,0.0538657528617542,LOC111329099/LOC111322288/LOC111335693/LOC111326654/LOC111333478/LOC111339275/LOC111333893/LOC111325851,8
GO:0007426,"tracheal outgrowth, open tracheal system",4/230,21/7572,0.19047619047619,6.27080745341615,4.28073077237682,0.0033031406852213,0.063126688650896,0.0538657528617542,LOC111335693/LOC111327625/LOC111326819/LOC111325220,4
GO:0097090,presynaptic membrane organization,4/230,21/7572,0.19047619047619,6.27080745341615,4.28073077237682,0.0033031406852213,0.063126688650896,0.0538657528617542,LOC111336974/LOC111335321/LOC111323777/LOC111326544,4
GO:0021675,nerve development,7/230,65/7572,0.107692307692308,3.54541806020067,3.64767336984211,0.00338742301355905,0.0642276741468519,0.0548052194153939,LOC111328024/LOC111330631/LOC111324621/LOC111335321/LOC111333478/LOC111333767/LOC111344472,7
GO:0048562,embryonic organ morphogenesis,14/230,203/7572,0.0689655172413793,2.27046476761619,3.24742939471524,0.00345217390831645,0.0647854713997939,0.0552811855973062,LOC111320817/LOC111330631/LOC111323862/LOC111320821/LOC111341087/LOC111326654/LOC111320842/LOC111321759/LOC111321680/LOC111333893/LOC111331301/LOC111326058/LOC111333767/LOC111344472,14
GO:0010977,negative regulation of neuron projection development,9/230,101/7572,0.0891089108910891,2.93362031855359,3.46238909064168,0.00347065025356039,0.0647854713997939,0.0552811855973062,LOC111336303/LOC111342023/LOC111336974/LOC111322400/LOC111333478/LOC111333901/LOC111345144/LOC111340596/LOC111340622,9
GO:0007601,visual perception,7/230,66/7572,0.106060606060606,3.49169960474308,3.59829464126783,0.0036936828245155,0.0674169075493739,0.0575265796189797,LOC111320817/LOC111320821/LOC111320842/LOC111340398/LOC111321759/LOC111331301/LOC111340622,7
GO:0043586,tongue development,3/230,11/7572,0.272727272727273,8.97865612648221,4.68672878635049,0.00380965637074448,0.0674169075493739,0.0575265796189797,LOC111330631/LOC111333767/LOC111344472,3
GO:0051593,response to folic acid,3/230,11/7572,0.272727272727273,8.97865612648221,4.68672878635049,0.00380965637074448,0.0674169075493739,0.0575265796189797,LOC111327625/LOC111326819/LOC111325220,3
GO:0062009,secondary palate development,3/230,11/7572,0.272727272727273,8.97865612648221,4.68672878635049,0.00380965637074448,0.0674169075493739,0.0575265796189797,LOC111329099/LOC111333893/LOC111344472,3
GO:0071374,cellular response to parathyroid hormone stimulus,3/230,11/7572,0.272727272727273,8.97865612648221,4.68672878635049,0.00380965637074448,0.0674169075493739,0.0575265796189797,LOC111320817/LOC111320821/LOC111320842,3
GO:0097105,presynaptic membrane assembly,3/230,11/7572,0.272727272727273,8.97865612648221,4.68672878635049,0.00380965637074448,0.0674169075493739,0.0575265796189797,LOC111336974/LOC111335321/LOC111323777,3
GO:0015850,organic hydroxy compound transport,6/230,50/7572,0.12,3.95060869565217,3.70478753364932,0.0038229942860023,0.0674169075493739,0.0575265796189797,LOC111325671/LOC111342143/LOC111321178/LOC111331589/LOC111334900/LOC111342147,6
GO:0043200,response to amino acid,8/230,84/7572,0.0952380952380952,3.13540372670807,3.4831331172596,0.003835596484329,0.0674169075493739,0.0575265796189797,LOC111320871/LOC111320822/LOC111327625/LOC111338776/LOC111320751/LOC111327334/LOC111326819/LOC111325220,8
GO:0019432,triglyceride biosynthetic process,4/230,22/7572,0.181818181818182,5.98577075098814,4.14479944470491,0.00394229446439779,0.0678074647876419,0.0578598405601841,LOC111324979/LOC111331664/LOC111330775/LOC111346320,4
GO:0045745,positive regulation of G protein-coupled receptor signaling pathway,4/230,22/7572,0.181818181818182,5.98577075098814,4.14479944470491,0.00394229446439779,0.0678074647876419,0.0578598405601841,LOC111328749/LOC111327334/LOC111323636/LOC111333893,4
GO:0071599,otic vesicle development,4/230,22/7572,0.181818181818182,5.98577075098814,4.14479944470491,0.00394229446439779,0.0678074647876419,0.0578598405601841,LOC111320817/LOC111320821/LOC111320842/LOC111344472,4
GO:0007560,imaginal disc morphogenesis,16/230,251/7572,0.0637450199203187,2.0985969166811,3.13273301583382,0.00398284913439266,0.0680191540114717,0.0580404741346358,LOC111327880/LOC111332158/LOC111329099/LOC111336934/LOC111335693/LOC111327625/LOC111340398/LOC111329762/LOC111339275/LOC111326819/LOC111333893/LOC111325220/LOC111331301/LOC111334412/LOC111343646/LOC111327558,16
GO:0010001,glial cell differentiation,10/230,123/7572,0.0813008130081301,2.67656415694592,3.31785266711851,0.00410488020608887,0.0696095178609999,0.0593975252949256,LOC111324192/LOC111323862/LOC111322288/LOC111335321/LOC111323127/LOC111345144/LOC111321759/LOC111340883/LOC111333767/LOC111340596,10
GO:0050771,negative regulation of axonogenesis,5/230,36/7572,0.138888888888889,4.57246376811594,3.80261178114593,0.00432553003775763,0.0717313621843523,0.0612080866339638,LOC111342023/LOC111336974/LOC111333478/LOC111333901/LOC111340622,5
GO:0071772,response to BMP,5/230,36/7572,0.138888888888889,4.57246376811594,3.80261178114593,0.00432553003775763,0.0717313621843523,0.0612080866339638,LOC111320817/LOC111323862/LOC111320821/LOC111320842/LOC111343646,5
GO:0071773,cellular response to BMP stimulus,5/230,36/7572,0.138888888888889,4.57246376811594,3.80261178114593,0.00432553003775763,0.0717313621843523,0.0612080866339638,LOC111320817/LOC111323862/LOC111320821/LOC111320842/LOC111343646,5
GO:0031345,negative regulation of cell projection organization,10/230,124/7572,0.0806451612903226,2.65497896213184,3.28864380298474,0.00434916066400143,0.0717313621843523,0.0612080866339638,LOC111336303/LOC111342023/LOC111336974/LOC111335693/LOC111322400/LOC111333478/LOC111333901/LOC111345144/LOC111340596/LOC111340622,10
GO:0098742,cell-cell adhesion via plasma-membrane adhesion molecules,6/230,52/7572,0.115384615384615,3.79866220735786,3.58407084602575,0.00465777860084856,0.0753140639329476,0.0642651918154895,LOC111332158/LOC111335693/LOC111323777/LOC111333893/LOC111332138/LOC111334412,6
GO:0001569,branching involved in blood vessel morphogenesis,4/230,23/7572,0.173913043478261,5.72551984877127,4.01700292558337,0.00466021408887425,0.0753140639329476,0.0642651918154895,LOC111333478/LOC111320751/LOC111344472/LOC111340622,4
GO:0048708,astrocyte differentiation,4/230,23/7572,0.173913043478261,5.72551984877127,4.01700292558337,0.00466021408887425,0.0753140639329476,0.0642651918154895,LOC111323862/LOC111323127/LOC111321759/LOC111340596,4
GO:0042063,gliogenesis,12/230,167/7572,0.0718562874251497,2.36563394949232,3.15837257500416,0.00477426387737133,0.0766428494447344,0.0653990392184479,LOC111324192/LOC111329099/LOC111323862/LOC111322288/LOC111335321/LOC111333901/LOC111323127/LOC111345144/LOC111321759/LOC111340883/LOC111333767/LOC111340596,12
GO:0035904,aorta development,5/230,37/7572,0.135135135135135,4.44888366627497,3.7219551045593,0.00488006774876789,0.0776598921342908,0.0662668777085748,LOC111320822/LOC111340366/LOC111340883/LOC111340596/LOC111344472,5
GO:0033197,response to vitamin E,3/230,12/7572,0.25,8.2304347826087,4.43636723869713,0.00496662100858837,0.0776598921342908,0.0662668777085748,LOC111320817/LOC111320821/LOC111320842,3
GO:0060232,delamination,3/230,12/7572,0.25,8.2304347826087,4.43636723869713,0.00496662100858837,0.0776598921342908,0.0662668777085748,LOC111327625/LOC111326819/LOC111325220,3
GO:1902043,positive regulation of extrinsic apoptotic signaling pathway via death domain receptors,3/230,12/7572,0.25,8.2304347826087,4.43636723869713,0.00496662100858837,0.0776598921342908,0.0662668777085748,LOC111327625/LOC111326819/LOC111325220,3
GO:0007596,blood coagulation,9/230,107/7572,0.0841121495327103,2.76911824461601,3.26187410588564,0.0050954551711314,0.0785614329794822,0.0670361589333578,LOC111320871/LOC111323911/LOC111327252/LOC111320822/LOC111322288/LOC111328749/LOC111327334/LOC111323636/LOC111328207,9
GO:0050878,regulation of body fluid levels,13/230,190/7572,0.068421052631579,2.25254004576659,3.09467289363666,0.0050991772702052,0.0785614329794822,0.0670361589333578,LOC111320871/LOC111323911/LOC111320952/LOC111327252/LOC111320822/LOC111322288/LOC111328749/LOC111326885/LOC111327334/LOC111323636/LOC111326058/LOC111328207/LOC111321308,13
GO:0048145,regulation of fibroblast proliferation,6/230,53/7572,0.113207547169811,3.72698933552092,3.52593809368689,0.00512215322997454,0.0785614329794822,0.0670361589333578,LOC111322288/LOC111322266/LOC111345144/LOC111329755/LOC111322261/LOC111336999,6
GO:0048732,gland development,19/230,329/7572,0.0577507598784195,1.9012554513017,2.95814843226263,0.00522720816841813,0.0794850124194288,0.0678242456035693,LOC111330631/LOC111324192/LOC111325642/LOC111329099/LOC111336828/LOC111322288/LOC111335693/LOC111326654/LOC111333478/LOC111333901/LOC111338776/LOC111339275/LOC111333893/LOC111325851/LOC111328120/LOC111326058/LOC111333767/LOC111344472/LOC111333334,19
GO:0048545,response to steroid hormone,12/230,169/7572,0.0710059171597633,2.33763828145099,3.11251546411686,0.00524838744796062,0.0794850124194288,0.0678242456035693,LOC111320952/LOC111327252/LOC111328749/LOC111323127/LOC111338776/LOC111342143/LOC111346320/LOC111323636/LOC111331303/LOC111336999/LOC111326058/LOC111342147,12
GO:0045665,negative regulation of neuron differentiation,11/230,148/7572,0.0743243243243243,2.44688601645123,3.14615088176141,0.00528281994930642,0.0795064402370617,0.0678425298753035,LOC111336303/LOC111332158/LOC111342023/LOC111336974/LOC111322400/LOC111333478/LOC111333901/LOC111345144/LOC111333767/LOC111340596/LOC111340622,11
GO:0035151,"regulation of tube size, open tracheal system",5/230,38/7572,0.131578947368421,4.33180778032037,3.64411672460218,0.00548325616121465,0.0820104399764278,0.0699791829139653,LOC111332158/LOC111335321/LOC111333893/LOC111332138/LOC111334412,5
GO:0050953,sensory perception of light stimulus,7/230,71/7572,0.0985915492957746,3.24580526638089,3.36492228645327,0.0055516806463523,0.0825212777556564,0.0704150787633508,LOC111320817/LOC111320821/LOC111320842/LOC111340398/LOC111321759/LOC111331301/LOC111340622,7
GO:1901570,fatty acid derivative biosynthetic process,6/230,54/7572,0.111111111111111,3.65797101449275,3.46919978526304,0.00561962487051885,0.0830187526884011,0.0708395721488717,LOC111346087/LOC111331664/LOC111346320/LOC111331622/LOC111331303/LOC111341830,6
GO:0007444,imaginal disc development,19/230,332/7572,0.0572289156626506,1.88407543216344,2.91556301072883,0.00575584158062753,0.084512600769214,0.0721142667868096,LOC111327880/LOC111328024/LOC111332158/LOC111329099/LOC111336934/LOC111335693/LOC111327625/LOC111340398/LOC111329762/LOC111339275/LOC111326819/LOC111328517/LOC111333893/LOC111325220/LOC111331301/LOC111334412/LOC111333767/LOC111343646/LOC111327558,19
GO:0001656,metanephros development,5/230,39/7572,0.128205128205128,4.22073578595318,3.56891964321452,0.00613727463452695,0.0854100486255991,0.0728800554804902,LOC111330631/LOC111322288/LOC111321759/LOC111330961/LOC111333767,5
GO:0031670,cellular response to nutrient,5/230,39/7572,0.128205128205128,4.22073578595318,3.56891964321452,0.00613727463452695,0.0854100486255991,0.0728800554804902,LOC111320817/LOC111320821/LOC111320842/LOC111333893/LOC111326058,5
GO:0006665,sphingolipid metabolic process,6/230,55/7572,0.109090909090909,3.59146245059289,3.4137942383909,0.00615152420298086,0.0854100486255991,0.0728800554804902,LOC111335819/LOC111326885/LOC111323127/LOC111334156/LOC111336425/LOC111341830,6
GO:0006959,humoral immune response,6/230,55/7572,0.109090909090909,3.59146245059289,3.4137942383909,0.00615152420298086,0.0854100486255991,0.0728800554804902,LOC111328749/LOC111322161/LOC111338418/LOC111339275/LOC111327334/LOC111323636,6
GO:0097006,regulation of plasma lipoprotein particle levels,6/230,55/7572,0.109090909090909,3.59146245059289,3.4137942383909,0.00615152420298086,0.0854100486255991,0.0728800554804902,LOC111327880/LOC111333170/LOC111325671/LOC111331664/LOC111342143/LOC111342147,6
GO:0061036,positive regulation of cartilage development,3/230,13/7572,0.230769230769231,7.59732441471572,4.21347765362919,0.00631329111800252,0.0854100486255991,0.0728800554804902,LOC111327880/LOC111333767/LOC111324368,3
GO:0061298,retina vasculature development in camera-type eye,3/230,13/7572,0.230769230769231,7.59732441471572,4.21347765362919,0.00631329111800252,0.0854100486255991,0.0728800554804902,LOC111322288/LOC111333478/LOC111320751,3
GO:0071107,response to parathyroid hormone,3/230,13/7572,0.230769230769231,7.59732441471572,4.21347765362919,0.00631329111800252,0.0854100486255991,0.0728800554804902,LOC111320817/LOC111320821/LOC111320842,3
GO:0097374,sensory neuron axon guidance,3/230,13/7572,0.230769230769231,7.59732441471572,4.21347765362919,0.00631329111800252,0.0854100486255991,0.0728800554804902,LOC111333478/LOC111333901/LOC111331073,3
GO:1905048,regulation of metallopeptidase activity,3/230,13/7572,0.230769230769231,7.59732441471572,4.21347765362919,0.00631329111800252,0.0854100486255991,0.0728800554804902,LOC111327625/LOC111326819/LOC111325220,3
GO:0010884,positive regulation of lipid storage,4/230,25/7572,0.16,5.26747826086957,3.78257456385581,0.00634900278404578,0.0854100486255991,0.0728800554804902,LOC111328749/LOC111325671/LOC111331664/LOC111323636,4
GO:0035017,cuticle pattern formation,4/230,25/7572,0.16,5.26747826086957,3.78257456385581,0.00634900278404578,0.0854100486255991,0.0728800554804902,LOC111329099/LOC111340398/LOC111333893/LOC111333767,4
GO:0035094,response to nicotine,4/230,25/7572,0.16,5.26747826086957,3.78257456385581,0.00634900278404578,0.0854100486255991,0.0728800554804902,LOC111320817/LOC111320821/LOC111320842/LOC111338776,4
GO:0045843,negative regulation of striated muscle tissue development,4/230,25/7572,0.16,5.26747826086957,3.78257456385581,0.00634900278404578,0.0854100486255991,0.0728800554804902,LOC111327880/LOC111330631/LOC111336934/LOC111333893,4
GO:0060465,pharynx development,4/230,25/7572,0.16,5.26747826086957,3.78257456385581,0.00634900278404578,0.0854100486255991,0.0728800554804902,LOC111333986/LOC111321759/LOC111342546/LOC111344472,4
GO:0007498,mesoderm development,9/230,111/7572,0.0810810810810811,2.66933019976498,3.13572934793372,0.00647065225766118,0.0860846996488847,0.0734557325208178,LOC111327880/LOC111330631/LOC111324192/LOC111325642/LOC111335693/LOC111326654/LOC111333893/LOC111343646/LOC111344472,9
GO:0007599,hemostasis,9/230,111/7572,0.0810810810810811,2.66933019976498,3.13572934793372,0.00647065225766118,0.0860846996488847,0.0734557325208178,LOC111320871/LOC111323911/LOC111327252/LOC111320822/LOC111322288/LOC111328749/LOC111327334/LOC111323636/LOC111328207,9
GO:0050727,regulation of inflammatory response,8/230,92/7572,0.0869565217391304,2.86275992438563,3.18151043242913,0.00666114970243566,0.0881321345245333,0.0752028005734783,LOC111327252/LOC111328749/LOC111332789/LOC111338418/LOC111327334/LOC111323636/LOC111331303/LOC111324532,8
GO:1902667,regulation of axon guidance,6/230,56/7572,0.107142857142857,3.52732919254658,3.35966358889192,0.00671917832228512,0.0881620243006677,0.0752283054008145,LOC111342023/LOC111333478/LOC111333901/LOC111323777/LOC111333893/LOC111340622,6
GO:0050768,negative regulation of neurogenesis,14/230,219/7572,0.0639269406392694,2.10458606313282,2.93577443822572,0.00673663308609753,0.0881620243006677,0.0752283054008145,LOC111336303/LOC111332158/LOC111342023/LOC111320816/LOC111320822/LOC111336974/LOC111322400/LOC111333478/LOC111333901/LOC111345144/LOC111327334/LOC111333767/LOC111340596/LOC111340622,14
GO:0045596,negative regulation of cell differentiation,21/230,387/7572,0.0542635658914729,1.78645096056623,2.81091099648481,0.00687631911856975,0.0895036564190052,0.0763731147621517,LOC111336303/LOC111330631/LOC111332158/LOC111329099/LOC111342023/LOC111320816/LOC111320822/LOC111322288/LOC111336974/LOC111322400/LOC111333478/LOC111333901/LOC111345144/LOC111327334/LOC111333893/LOC111322526/LOC111336999/LOC111333767/LOC111340596/LOC111344472/LOC111340622,21
GO:0071774,response to fibroblast growth factor,7/230,74/7572,0.0945945945945946,3.11421856639248,3.23464314599355,0.006959599562161,0.090100622288622,0.0768825033692036,LOC111320817/LOC111324192/LOC111320821/LOC111320842/LOC111325851/LOC111344472/LOC111338817,7
GO:0007476,imaginal disc-derived wing morphogenesis,12/230,176/7572,0.0681818181818182,2.24466403162055,2.95694586155009,0.00721084450992726,0.0924631629668462,0.0788984499524758,LOC111327880/LOC111329099/LOC111336934/LOC111335693/LOC111327625/LOC111340398/LOC111329762/LOC111326819/LOC111333893/LOC111325220/LOC111334412/LOC111343646,12
GO:0002263,cell activation involved in immune response,17/230,291/7572,0.0584192439862543,1.92326311071269,2.84256113285482,0.00724382786793267,0.0924631629668462,0.0788984499524758,LOC111346891/LOC111327418/LOC111328749/LOC111333170/LOC111326654/LOC111323527/LOC111325560/LOC111329755/LOC111336425/LOC111323636/LOC111328517/LOC111333695/LOC111344752/LOC111326942/LOC111329016/LOC111340596/LOC111322259,17
GO:0008202,steroid metabolic process,9/230,113/7572,0.079646017699115,2.62208541746826,3.07472294799921,0.00725728313983967,0.0924631629668462,0.0788984499524758,LOC111325671/LOC111340366/LOC111334156/LOC111342143/LOC111330961/LOC111331622/LOC111334900/LOC111340596/LOC111342147,9
GO:0022407,regulation of cell-cell adhesion,11/230,155/7572,0.0709677419354839,2.33638148667602,2.9751955185227,0.00743137570834838,0.0941829089773836,0.0803659023972079,LOC111330856/LOC111342023/LOC111335693/LOC111327625/LOC111323127/LOC111323777/LOC111326819/LOC111325220/LOC111333767/LOC111321308/LOC111325968,11
GO:0021782,glial cell development,7/230,75/7572,0.0933333333333333,3.07269565217391,3.19268273464722,0.00748311299843575,0.0943420738232109,0.0805017171283912,LOC111324192/LOC111323862/LOC111322288/LOC111335321/LOC111321759/LOC111340883/LOC111340596,7
GO:0007605,sensory perception of sound,9/230,114/7572,0.0789473684210526,2.59908466819222,3.04471079145983,0.00767706635338914,0.095554016853636,0.0815358633057779,LOC111320817/LOC111329099/LOC111323862/LOC111336828/LOC111320821/LOC111320842/LOC111325851/LOC111326058/LOC111344472,9
GO:0010574,regulation of vascular endothelial growth factor production,3/230,14/7572,0.214285714285714,7.05465838509317,4.01313315282496,0.00785701633597173,0.095554016853636,0.0815358633057779,LOC111328024/LOC111328749/LOC111323636,3
GO:0014002,astrocyte development,3/230,14/7572,0.214285714285714,7.05465838509317,4.01313315282496,0.00785701633597173,0.095554016853636,0.0815358633057779,LOC111323862/LOC111321759/LOC111340596,3
GO:0030903,notochord development,3/230,14/7572,0.214285714285714,7.05465838509317,4.01313315282496,0.00785701633597173,0.095554016853636,0.0815358633057779,LOC111320817/LOC111320821/LOC111320842,3
GO:0034377,plasma lipoprotein particle assembly,3/230,14/7572,0.214285714285714,7.05465838509317,4.01313315282496,0.00785701633597173,0.095554016853636,0.0815358633057779,LOC111327880/LOC111325671/LOC111331664,3
GO:0046718,symbiont entry into host cell,3/230,14/7572,0.214285714285714,7.05465838509317,4.01313315282496,0.00785701633597173,0.095554016853636,0.0815358633057779,LOC111342143/LOC111333695/LOC111342147,3
GO:0097065,anterior head development,3/230,14/7572,0.214285714285714,7.05465838509317,4.01313315282496,0.00785701633597173,0.095554016853636,0.0815358633057779,LOC111320817/LOC111320821/LOC111320842,3
GO:0031099,regeneration,9/230,115/7572,0.0782608695652174,2.57648393194707,3.01501688234378,0.00811515323397848,0.0981974320975889,0.0837914790411319,LOC111332158/LOC111327625/LOC111338776/LOC111321759/LOC111326819/LOC111328517/LOC111333893/LOC111325851/LOC111325220,9
GO:0015918,sterol transport,4/230,27/7572,0.148148148148148,4.87729468599034,3.57202443413256,0.00840105118924439,0.0994589703614338,0.0848679446343411,LOC111325671/LOC111342143/LOC111321178/LOC111342147,4
GO:0030193,regulation of blood coagulation,4/230,27/7572,0.148148148148148,4.87729468599034,3.57202443413256,0.00840105118924439,0.0994589703614338,0.0848679446343411,LOC111320952/LOC111322288/LOC111327334/LOC111321308,4
GO:0031290,retinal ganglion cell axon guidance,4/230,27/7572,0.148148148148148,4.87729468599034,3.57202443413256,0.00840105118924439,0.0994589703614338,0.0848679446343411,LOC111342023/LOC111333478/LOC111323777/LOC111331301,4
GO:0060541,respiratory system development,15/230,248/7572,0.0604838709677419,1.99123422159888,2.80906191022046,0.0084023319279549,0.0994589703614338,0.0848679446343411,LOC111330631/LOC111332158/LOC111335693/LOC111335321/LOC111327625/LOC111323127/LOC111326819/LOC111333893/LOC111328120/LOC111332138/LOC111325220/LOC111334412/LOC111333767/LOC111333334/LOC111327558,15
GO:0035114,imaginal disc-derived appendage morphogenesis,13/230,202/7572,0.0643564356435644,2.11872578562204,2.85232455118917,0.00842592606052014,0.0994589703614338,0.0848679446343411,LOC111327880/LOC111329099/LOC111336934/LOC111335693/LOC111327625/LOC111340398/LOC111329762/LOC111326819/LOC111333893/LOC111325220/LOC111334412/LOC111343646/LOC111327558,13
GO:0015849,organic acid transport,9/230,116/7572,0.0775862068965517,2.55427286356822,2.98563463793157,0.00857204015426992,0.0996509241774875,0.0850317380636718,LOC111336828/LOC111330589/LOC111331664/LOC111342077/LOC111330251/LOC111346320/LOC111331303/LOC111334900/LOC111328842,9
GO:0016485,protein processing,9/230,116/7572,0.0775862068965517,2.55427286356822,2.98563463793157,0.00857204015426992,0.0996509241774875,0.0850317380636718,LOC111327880/LOC111323911/LOC111325264/LOC111336934/LOC111326544/LOC111344752/LOC111328207/LOC111333767/LOC111321502,9
GO:0046942,carboxylic acid transport,9/230,116/7572,0.0775862068965517,2.55427286356822,2.98563463793157,0.00857204015426992,0.0996509241774875,0.0850317380636718,LOC111336828/LOC111330589/LOC111331664/LOC111342077/LOC111330251/LOC111346320/LOC111331303/LOC111334900/LOC111328842,9
GO:0045055,regulated exocytosis,20/230,370/7572,0.0540540540540541,1.77955346650999,2.72115676224537,0.0086241634855908,0.0996509241774875,0.0850317380636718,LOC111346891/LOC111327418/LOC111327252/LOC111322288/LOC111328749/LOC111333170/LOC111335321/LOC111327625/LOC111323527/LOC111325560/LOC111329755/LOC111336425/LOC111326819/LOC111323636/LOC111333695/LOC111325220/LOC111344752/LOC111326942/LOC111329016/LOC111322259,20
GO:0071260,cellular response to mechanical stimulus,6/230,59/7572,0.101694915254237,3.34797347089167,3.20439354377575,0.00864983668239361,0.0996509241774875,0.0850317380636718,LOC111320817/LOC111320821/LOC111322288/LOC111320842/LOC111327334/LOC111333695,6
GO:0098609,cell-cell adhesion,10/230,137/7572,0.072992700729927,2.40304665185655,2.93308912649978,0.0086904875736181,0.0996509241774875,0.0850317380636718,LOC111332158/LOC111333735/LOC111335693/LOC111323127/LOC111323777/LOC111321759/LOC111333893/LOC111332138/LOC111334412/LOC111331858,10
GO:0035120,post-embryonic appendage morphogenesis,13/230,203/7572,0.0640394088669951,2.10828871278646,2.83289189552808,0.00876623541830249,0.100043103731149,0.0853663833201619,LOC111327880/LOC111329099/LOC111336934/LOC111335693/LOC111327625/LOC111340398/LOC111329762/LOC111326819/LOC111333893/LOC111325220/LOC111334412/LOC111343646/LOC111327558,13
GO:0007472,wing disc morphogenesis,12/230,181/7572,0.0662983425414365,2.18265673792938,2.85022895533009,0.00893650127338808,0.100113764926371,0.0854266782375744,LOC111327880/LOC111329099/LOC111336934/LOC111335693/LOC111327625/LOC111340398/LOC111329762/LOC111326819/LOC111333893/LOC111325220/LOC111334412/LOC111343646,12
GO:0090287,regulation of cellular response to growth factor stimulus,12/230,181/7572,0.0662983425414365,2.18265673792938,2.85022895533009,0.00893650127338808,0.100113764926371,0.0854266782375744,LOC111327880/LOC111328024/LOC111322288/LOC111336934/LOC111335693/LOC111333478/LOC111333901/LOC111331664/LOC111321680/LOC111326544/LOC111333893/LOC111338817,12
GO:0007552,metamorphosis,17/230,298/7572,0.0570469798657718,1.87808578932011,2.73710705086292,0.00909218037605006,0.100113764926371,0.0854266782375744,LOC111327880/LOC111332158/LOC111329099/LOC111336934/LOC111335693/LOC111327625/LOC111326654/LOC111340398/LOC111329762/LOC111339275/LOC111326819/LOC111333893/LOC111325220/LOC111331301/LOC111334412/LOC111343646/LOC111327558,17
GO:0021953,central nervous system neuron differentiation,8/230,97/7572,0.0824742268041237,2.71519497982967,3.00903414926729,0.00909273606492992,0.100113764926371,0.0854266782375744,LOC111333478/LOC111334156/LOC111340883/LOC111333893/LOC111325851/LOC111326058/LOC111333767/LOC111331073,8
GO:0060560,developmental growth involved in morphogenesis,10/230,138/7572,0.072463768115942,2.38563327032136,2.90743435884773,0.00912735678381335,0.100113764926371,0.0854266782375744,LOC111336828/LOC111342023/LOC111327625/LOC111333478/LOC111323777/LOC111321759/LOC111326819/LOC111333893/LOC111325220/LOC111340622,10
GO:0060349,bone morphogenesis,5/230,43/7572,0.116279069767442,3.82810920121335,3.29150944023314,0.00930402135679662,0.100113764926371,0.0854266782375744,LOC111320817/LOC111320821/LOC111320842/LOC111333767/LOC111338817,5
GO:2001222,regulation of neuron migration,5/230,43/7572,0.116279069767442,3.82810920121335,3.29150944023314,0.00930402135679662,0.100113764926371,0.0854266782375744,LOC111320816/LOC111320822/LOC111333901/LOC111345144/LOC111326544,5
GO:0015711,organic anion transport,12/230,182/7572,0.0659340659340659,2.17066411849021,2.82930086924709,0.0093174013494196,0.100113764926371,0.0854266782375744,LOC111345835/LOC111336828/LOC111330589/LOC111331664/LOC111342077/LOC111330251/LOC111346320/LOC111331303/LOC111334900/LOC111333012/LOC111334761/LOC111328842,12
GO:0035152,"regulation of tube architecture, open tracheal system",6/230,60/7572,0.1,3.29217391304348,3.15485026859017,0.00937362644039822,0.100113764926371,0.0854266782375744,LOC111332158/LOC111335693/LOC111335321/LOC111333893/LOC111332138/LOC111334412,6
GO:0061041,regulation of wound healing,6/230,60/7572,0.1,3.29217391304348,3.15485026859017,0.00937362644039822,0.100113764926371,0.0854266782375744,LOC111320952/LOC111322288/LOC111332789/LOC111323127/LOC111327334/LOC111321308,6
GO:0007167,enzyme-linked receptor protein signaling pathway,20/230,373/7572,0.0536193029490617,1.76524070404476,2.68256184229886,0.0093869623692321,0.100113764926371,0.0854266782375744,LOC111327880/LOC111328024/LOC111328393/LOC111324192/LOC111325642/LOC111320871/LOC111323862/LOC111320822/LOC111322288/LOC111336934/LOC111333478/LOC111333901/LOC111323777/LOC111339275/LOC111320751/LOC111326544/LOC111325851/LOC111331301/LOC111343646/LOC111338817,20
GO:0007628,adult walking behavior,4/230,28/7572,0.142857142857143,4.70310559006211,3.47438244889332,0.00957233261567031,0.100113764926371,0.0854266782375744,LOC111342143/LOC111331301/LOC111331073/LOC111342147,4
GO:0030513,positive regulation of BMP signaling pathway,4/230,28/7572,0.142857142857143,4.70310559006211,3.47438244889332,0.00957233261567031,0.100113764926371,0.0854266782375744,LOC111327880/LOC111328024/LOC111336934/LOC111333901,4
GO:0032370,positive regulation of lipid transport,4/230,28/7572,0.142857142857143,4.70310559006211,3.47438244889332,0.00957233261567031,0.100113764926371,0.0854266782375744,LOC111319860/LOC111346320/LOC111321178/LOC111340596,4
GO:0001893,maternal placenta development,3/230,15/7572,0.2,6.58434782608696,3.83156970094265,0.00960393675165764,0.100113764926371,0.0854266782375744,LOC111331303/LOC111333695/LOC111328842,3
GO:0003416,endochondral bone growth,3/230,15/7572,0.2,6.58434782608696,3.83156970094265,0.00960393675165764,0.100113764926371,0.0854266782375744,LOC111320817/LOC111320821/LOC111320842,3
GO:0010543,regulation of platelet activation,3/230,15/7572,0.2,6.58434782608696,3.83156970094265,0.00960393675165764,0.100113764926371,0.0854266782375744,LOC111322288/LOC111327334/LOC111321308,3
GO:0050918,positive chemotaxis,3/230,15/7572,0.2,6.58434782608696,3.83156970094265,0.00960393675165764,0.100113764926371,0.0854266782375744,LOC111322288/LOC111333478/LOC111340622,3
GO:0060351,cartilage development involved in endochondral bone morphogenesis,3/230,15/7572,0.2,6.58434782608696,3.83156970094265,0.00960393675165764,0.100113764926371,0.0854266782375744,LOC111320817/LOC111320821/LOC111320842,3
GO:0098868,bone growth,3/230,15/7572,0.2,6.58434782608696,3.83156970094265,0.00960393675165764,0.100113764926371,0.0854266782375744,LOC111320817/LOC111320821/LOC111320842,3
GO:0050678,regulation of epithelial cell proliferation,10/230,140/7572,0.0714285714285714,2.35155279503106,2.85678484540725,0.0100514374988706,0.104326989212415,0.0890218057976197,LOC111328024/LOC111330631/LOC111322288/LOC111332789/LOC111333478/LOC111321759/LOC111333893/LOC111344472/LOC111333334/LOC111340622,10
GO:0007179,transforming growth factor beta receptor signaling pathway,6/230,61/7572,0.0983606557377049,3.23820384889522,3.10634026242779,0.0101396705525588,0.10479110167623,0.0894178311208254,LOC111320871/LOC111320822/LOC111333901/LOC111343966/LOC111326544/LOC111343646,6
GO:0001822,kidney development,11/230,162/7572,0.0679012345679012,2.2354267310789,2.81318794867089,0.0102088446518662,0.105055119323477,0.0896431163312763,LOC111328024/LOC111330631/LOC111336828/LOC111322288/LOC111336974/LOC111335693/LOC111333478/LOC111321759/LOC111340883/LOC111330961/LOC111333767,11
GO:0098657,import into cell,19/230,352/7572,0.0539772727272727,1.7770256916996,2.64223513083935,0.0105101709907529,0.107507369189765,0.0917356114086475,LOC111336303/LOC111319860/LOC111328749/LOC111325671/LOC111322400/LOC111340366/LOC111329762/LOC111338418/LOC111342143/LOC111323527/LOC111327210/LOC111323636/LOC111326058/LOC111334761/LOC111329754/LOC111325968/LOC111340596/LOC111330877/LOC111342147,19
GO:0016331,morphogenesis of embryonic epithelium,12/230,185/7572,0.0648648648648649,2.13546415981199,2.76731499430006,0.010536436515276,0.107507369189765,0.0917356114086475,LOC111329099/LOC111330856/LOC111335321/LOC111326654/LOC111338776/LOC111340883/LOC111333893/LOC111325851/LOC111332138/LOC111331301/LOC111343646/LOC111342147,12
GO:0007178,cell surface receptor protein serine/threonine kinase signaling pathway,8/230,100/7572,0.08,2.63373913043478,2.9107012377347,0.0108389040734801,0.107910921955681,0.0920799613820113,LOC111325642/LOC111320871/LOC111323862/LOC111320822/LOC111333901/LOC111326544/LOC111331301/LOC111343646,8
GO:0008039,synaptic target recognition,4/230,29/7572,0.137931034482759,4.54092953523238,3.38125232018136,0.0108448684025228,0.107910921955681,0.0920799613820113,LOC111328024/LOC111335321/LOC111326544/LOC111338912,4
GO:0035924,cellular response to vascular endothelial growth factor stimulus,4/230,29/7572,0.137931034482759,4.54092953523238,3.38125232018136,0.0108448684025228,0.107910921955681,0.0920799613820113,LOC111322288/LOC111333478/LOC111339275/LOC111344634,4
GO:0048635,negative regulation of muscle organ development,4/230,29/7572,0.137931034482759,4.54092953523238,3.38125232018136,0.0108448684025228,0.107910921955681,0.0920799613820113,LOC111327880/LOC111330631/LOC111336934/LOC111333893,4
GO:0050919,negative chemotaxis,4/230,29/7572,0.137931034482759,4.54092953523238,3.38125232018136,0.0108448684025228,0.107910921955681,0.0920799613820113,LOC111328024/LOC111323127/LOC111338912/LOC111340622,4
GO:0090659,walking behavior,4/230,29/7572,0.137931034482759,4.54092953523238,3.38125232018136,0.0108448684025228,0.107910921955681,0.0920799613820113,LOC111342143/LOC111331301/LOC111331073/LOC111342147,4
GO:0032526,response to retinoic acid,6/230,62/7572,0.0967741935483871,3.1859747545582,3.05882315653591,0.010949225990688,0.108500971957106,0.0925834487061855,LOC111320817/LOC111320871/LOC111320821/LOC111320842/LOC111333893/LOC111344472,6
GO:0007204,positive regulation of cytosolic calcium ion concentration,7/230,81/7572,0.0864197530864197,2.8450885668277,2.95476658942522,0.0112559051729359,0.111082867444384,0.0947865698773552,LOC111323945/LOC111328749/LOC111323527/LOC111327334/LOC111323636/LOC111333893/LOC111326058,7
GO:0002446,neutrophil mediated immunity,15/230,257/7572,0.0583657587548638,1.92150228387752,2.66004610078249,0.0114491423792359,0.111336928341496,0.0950033590324358,LOC111346891/LOC111327418/LOC111328749/LOC111333170/LOC111323527/LOC111327334/LOC111325560/LOC111329755/LOC111336425/LOC111323636/LOC111333695/LOC111344752/LOC111326942/LOC111329016/LOC111322259,15
GO:0070372,regulation of ERK1 and ERK2 cascade,8/230,101/7572,0.0792079207920792,2.60766250538097,2.87872084641133,0.0114727323590646,0.111336928341496,0.0950033590324358,LOC111322288/LOC111328749/LOC111327625/LOC111333478/LOC111326819/LOC111323636/LOC111325220/LOC111338817,8
GO:0007354,"zygotic determination of anterior/posterior axis, embryo",3/230,16/7572,0.1875,6.17282608695652,3.66585468247364,0.011559066480637,0.111336928341496,0.0950033590324358,LOC111327880/LOC111336934/LOC111343646,3
GO:0040010,positive regulation of growth rate,3/230,16/7572,0.1875,6.17282608695652,3.66585468247364,0.011559066480637,0.111336928341496,0.0950033590324358,LOC111342143/LOC111326058/LOC111342147,3
GO:0042744,hydrogen peroxide catabolic process,3/230,16/7572,0.1875,6.17282608695652,3.66585468247364,0.011559066480637,0.111336928341496,0.0950033590324358,LOC111336303/LOC111333170/LOC111322400,3
GO:2001240,negative regulation of extrinsic apoptotic signaling pathway in absence of ligand,3/230,16/7572,0.1875,6.17282608695652,3.66585468247364,0.011559066480637,0.111336928341496,0.0950033590324358,LOC111320817/LOC111320821/LOC111320842,3
GO:0048863,stem cell differentiation,9/230,122/7572,0.0737704918032787,2.42865288667142,2.81554098112622,0.0117361035785248,0.112591782538198,0.0960741211376829,LOC111324192/LOC111327252/LOC111326654/LOC111333478/LOC111338776/LOC111333893/LOC111325851/LOC111321502/LOC111344472,9
GO:0021510,spinal cord development,6/230,63/7572,0.0952380952380952,3.13540372670807,3.012260798254,0.0118035304202836,0.11278929068271,0.0962426540534399,LOC111342023/LOC111340883/LOC111325851/LOC111331301/LOC111333767/LOC111331073,6
GO:0006820,monoatomic anion transport,13/230,211/7572,0.0616113744075829,2.02835359571399,2.68131995765401,0.0118940545584072,0.113205072634958,0.0965974391429615,LOC111345835/LOC111336828/LOC111343017/LOC111330589/LOC111331664/LOC111342077/LOC111330251/LOC111346320/LOC111331303/LOC111334900/LOC111333012/LOC111334761/LOC111328842,13
GO:0030855,epithelial cell differentiation,23/230,459/7572,0.0501089324618736,1.64967320261438,2.54160609335428,0.0119793212850011,0.113301021364939,0.0966793118134115,LOC111327880/LOC111329099/LOC111330856/LOC111342023/LOC111320816/LOC111320952/LOC111322288/LOC111326654/LOC111333478/LOC111338776/LOC111323777/LOC111340398/LOC111321759/LOC111340883/LOC111339275/LOC111326544/LOC111333893/LOC111333695/LOC111326058/LOC111334412/LOC111333767/LOC111343646/LOC111344472,23
GO:0048546,digestive tract morphogenesis,7/230,82/7572,0.0853658536585366,2.81039236479321,2.91723944853385,0.011998239388729,0.113301021364939,0.0966793118134115,LOC111324192/LOC111322288/LOC111335693/LOC111326654/LOC111339275/LOC111320751/LOC111333767,7
GO:0060538,skeletal muscle organ development,8/230,102/7572,0.0784313725490196,2.58209718670077,2.84712342306695,0.0121335239382238,0.113607771500339,0.0969410604863884,LOC111336303/LOC111330631/LOC111330205/LOC111335693/LOC111322400/LOC111320751/LOC111325851/LOC111333695,8
GO:0002062,chondrocyte differentiation,4/230,30/7572,0.133333333333333,4.3895652173913,3.2922644217617,0.0122217088058492,0.113607771500339,0.0969410604863884,LOC111328024/LOC111320817/LOC111320821/LOC111320842,4
GO:0097066,response to thyroid hormone,4/230,30/7572,0.133333333333333,4.3895652173913,3.2922644217617,0.0122217088058492,0.113607771500339,0.0969410604863884,LOC111325642/LOC111320871/LOC111327334/LOC111333695,4
GO:0051961,negative regulation of nervous system development,15/230,259/7572,0.0579150579150579,1.90666442840356,2.62773777032763,0.0122315505766418,0.113607771500339,0.0969410604863884,LOC111336303/LOC111332158/LOC111342023/LOC111320816/LOC111320822/LOC111336974/LOC111322400/LOC111333478/LOC111333901/LOC111331664/LOC111345144/LOC111327334/LOC111333767/LOC111340596/LOC111340622,15
GO:0042632,cholesterol homeostasis,5/230,46/7572,0.108695652173913,3.57844990548204,3.10447994150228,0.0123137991534836,0.113607771500339,0.0969410604863884,LOC111320024/LOC111323945/LOC111325671/LOC111342143/LOC111342147,5
GO:0055092,sterol homeostasis,5/230,46/7572,0.108695652173913,3.57844990548204,3.10447994150228,0.0123137991534836,0.113607771500339,0.0969410604863884,LOC111320024/LOC111323945/LOC111325671/LOC111342143/LOC111342147,5
GO:0002165,instar larval or pupal development,18/230,333/7572,0.0540540540540541,1.77955346650999,2.5749101936835,0.0124486800084687,0.114413822367911,0.0976288604922899,LOC111327880/LOC111332158/LOC111329099/LOC111336934/LOC111335693/LOC111327625/LOC111340398/LOC111329762/LOC111339275/LOC111342143/LOC111326819/LOC111333893/LOC111325220/LOC111331301/LOC111334412/LOC111343646/LOC111327558/LOC111342147,18
GO:0035220,wing disc development,14/230,236/7572,0.0593220338983051,1.95298452468681,2.63236155525304,0.0125779093046318,0.115161998500203,0.0982672762162946,LOC111327880/LOC111328024/LOC111329099/LOC111336934/LOC111335693/LOC111327625/LOC111340398/LOC111329762/LOC111326819/LOC111333893/LOC111325220/LOC111334412/LOC111333767/LOC111343646,14
GO:0048589,developmental growth,19/230,360/7572,0.0527777777777778,1.73753623188406,2.53769896476041,0.0131294760197334,0.118896063747425,0.101453539270403,LOC111320817/LOC111324192/LOC111336828/LOC111342023/LOC111320821/LOC111336974/LOC111327625/LOC111333478/LOC111320842/LOC111323777/LOC111321759/LOC111344634/LOC111326819/LOC111333893/LOC111325851/LOC111325220/LOC111334412/LOC111333767/LOC111340622,19
GO:0007369,gastrulation,11/230,168/7572,0.0654761904761905,2.1555900621118,2.68076401507765,0.0131730673421829,0.118896063747425,0.101453539270403,LOC111327880/LOC111324192/LOC111336934/LOC111335693/LOC111326654/LOC111323127/LOC111321759/LOC111321489/LOC111333893/LOC111343646/LOC111330437,11
GO:0060976,coronary vasculature development,5/230,47/7572,0.106382978723404,3.50231267345051,3.04558414795693,0.0134480796469782,0.118896063747425,0.101453539270403,LOC111322288/LOC111333478/LOC111340366/LOC111340596/LOC111344472,5
GO:0007507,heart development,19/230,361/7572,0.0526315789473684,1.73272311212815,2.52481228568278,0.0134904208965044,0.118896063747425,0.101453539270403,LOC111320817/LOC111324192/LOC111320821/LOC111320822/LOC111322288/LOC111335321/LOC111326654/LOC111333478/LOC111320842/LOC111340366/LOC111321759/LOC111340883/LOC111333893/LOC111325851/LOC111332138/LOC111333767/LOC111321502/LOC111340596/LOC111344472,19
GO:0051480,regulation of cytosolic calcium ion concentration,8/230,104/7572,0.0769230769230769,2.53244147157191,2.78504208716616,0.0135385594373541,0.118896063747425,0.101453539270403,LOC111323945/LOC111328749/LOC111323527/LOC111327334/LOC111330961/LOC111323636/LOC111333893/LOC111326058,8
GO:0001704,formation of primary germ layer,7/230,84/7572,0.0833333333333333,2.74347826086957,2.84384952302143,0.0135880358173211,0.118896063747425,0.101453539270403,LOC111327880/LOC111324192/LOC111335693/LOC111326654/LOC111321759/LOC111321489/LOC111333893,7
GO:0007157,heterophilic cell-cell adhesion via plasma membrane cell adhesion molecules,4/230,31/7572,0.129032258064516,4.24796633941094,3.20709073590503,0.013705689534618,0.118896063747425,0.101453539270403,LOC111335693/LOC111323777/LOC111340617/LOC111334412,4
GO:0010955,negative regulation of protein processing,4/230,31/7572,0.129032258064516,4.24796633941094,3.20709073590503,0.013705689534618,0.118896063747425,0.101453539270403,LOC111327252/LOC111338418/LOC111344634/LOC111326544,4
GO:0021515,cell differentiation in spinal cord,4/230,31/7572,0.129032258064516,4.24796633941094,3.20709073590503,0.013705689534618,0.118896063747425,0.101453539270403,LOC111340883/LOC111325851/LOC111333767/LOC111331073,4
GO:0048641,regulation of skeletal muscle tissue development,4/230,31/7572,0.129032258064516,4.24796633941094,3.20709073590503,0.013705689534618,0.118896063747425,0.101453539270403,LOC111327880/LOC111330631/LOC111336934/LOC111344472,4
GO:0032374,regulation of cholesterol transport,3/230,17/7572,0.176470588235294,5.80971867007673,3.51366418395361,0.0137263728080499,0.118896063747425,0.101453539270403,LOC111342143/LOC111340596/LOC111342147,3
GO:0033280,response to vitamin D,3/230,17/7572,0.176470588235294,5.80971867007673,3.51366418395361,0.0137263728080499,0.118896063747425,0.101453539270403,LOC111331303/LOC111333893/LOC111326058,3
GO:0038084,vascular endothelial growth factor signaling pathway,3/230,17/7572,0.176470588235294,5.80971867007673,3.51366418395361,0.0137263728080499,0.118896063747425,0.101453539270403,LOC111322288/LOC111333478/LOC111339275,3
GO:0046463,acylglycerol biosynthetic process,3/230,17/7572,0.176470588235294,5.80971867007673,3.51366418395361,0.0137263728080499,0.118896063747425,0.101453539270403,LOC111331664/LOC111323127/LOC111346320,3
GO:0097067,cellular response to thyroid hormone stimulus,3/230,17/7572,0.176470588235294,5.80971867007673,3.51366418395361,0.0137263728080499,0.118896063747425,0.101453539270403,LOC111325642/LOC111320871/LOC111333695,3
GO:0048640,negative regulation of developmental growth,8/230,105/7572,0.0761904761904762,2.50832298136646,2.75454120320143,0.0142840738918018,0.123279266540111,0.105193708815482,LOC111327880/LOC111342023/LOC111336934/LOC111333478/LOC111333901/LOC111331664/LOC111334412/LOC111340622,8
GO:0007517,muscle organ development,12/230,193/7572,0.0621761658031088,2.04694751070061,2.60758310782726,0.0143947075465211,0.123279266540111,0.105193708815482,LOC111336303/LOC111330631/LOC111324192/LOC111330205/LOC111320822/LOC111335693/LOC111322400/LOC111320751/LOC111333893/LOC111325851/LOC111333695/LOC111344472,12
GO:0010721,negative regulation of cell development,14/230,240/7572,0.0583333333333333,1.9204347826087,2.56460665989222,0.0144026299608787,0.123279266540111,0.105193708815482,LOC111336303/LOC111332158/LOC111342023/LOC111320816/LOC111320822/LOC111336974/LOC111322400/LOC111333478/LOC111333901/LOC111345144/LOC111327334/LOC111333767/LOC111340596/LOC111340622,14
GO:0035051,cardiocyte differentiation,7/230,85/7572,0.0823529411764706,2.71120204603581,2.807955288318,0.0144371898522888,0.123279266540111,0.105193708815482,LOC111324192/LOC111322288/LOC111326654/LOC111321759/LOC111325851/LOC111321502/LOC111344472,7
GO:0072006,nephron development,6/230,66/7572,0.0909090909090909,2.99288537549407,2.87795075845057,0.0146469829294949,0.124222312717693,0.10599840637565,LOC111328024/LOC111322288/LOC111335693/LOC111321759/LOC111330961/LOC111333767,6
GO:0042246,tissue regeneration,5/230,48/7572,0.104166666666667,3.42934782608696,2.98826615738286,0.0146508043238475,0.124222312717693,0.10599840637565,LOC111327625/LOC111326819/LOC111333893/LOC111325851/LOC111325220,5
GO:0043434,response to peptide hormone,14/230,241/7572,0.0580912863070539,1.91246617355223,2.54786865555528,0.0148892746629932,0.125801310135044,0.107345758604479,LOC111320817/LOC111325642/LOC111320952/LOC111320821/LOC111322288/LOC111320842/LOC111329762/LOC111339275/LOC111346320/LOC111327334/LOC111325560/LOC111333893/LOC111333695/LOC111328842,14
GO:0097237,cellular response to toxic substance,9/230,127/7572,0.0708661417322835,2.33303663129065,2.68129713576502,0.0149813060219357,0.126136310842032,0.107631613378058,LOC111320817/LOC111336303/LOC111320821/LOC111322288/LOC111333170/LOC111322400/LOC111320842/LOC111323527/LOC111336999,9
GO:0046890,regulation of lipid biosynthetic process,8/230,106/7572,0.0754716981132075,2.48465955701395,2.72438931997617,0.0150590914293204,0.126349450041127,0.107813484210649,LOC111320024/LOC111322288/LOC111328749/LOC111325671/LOC111331664/LOC111346320/LOC111323636/LOC111331303,8
GO:0045321,leukocyte activation,20/230,392/7572,0.0510204081632653,1.67968056787933,2.44578916093948,0.0155752792529467,0.130226640420471,0.1111218753719,LOC111329099/LOC111346891/LOC111327418/LOC111328749/LOC111333170/LOC111326654/LOC111340883/LOC111323527/LOC111325560/LOC111329755/LOC111336425/LOC111323636/LOC111328517/LOC111333893/LOC111333695/LOC111344752/LOC111326942/LOC111333767/LOC111329016/LOC111322259,20
GO:0010876,lipid localization,9/230,128/7572,0.0703125,2.3148097826087,2.65520514126341,0.0157026713330074,0.130837482940768,0.111643104869898,LOC111325671/LOC111331664/LOC111323127/LOC111342143/LOC111346320/LOC111321178/LOC111331303/LOC111334900/LOC111342147,9
GO:0006638,neutral lipid metabolic process,5/230,49/7572,0.102040816326531,3.35936113575865,2.93244774160838,0.0159236312654844,0.13222104857685,0.112823695935483,LOC111325671/LOC111326654/LOC111331664/LOC111323127/LOC111346320,5
GO:0019991,septate junction assembly,3/230,18/7572,0.166666666666667,5.48695652173913,3.3731291878192,0.0161088511053699,0.132389465739695,0.112967405632053,LOC111335321/LOC111323127/LOC111332138,3
GO:0044409,symbiont entry into host,3/230,18/7572,0.166666666666667,5.48695652173913,3.3731291878192,0.0161088511053699,0.132389465739695,0.112967405632053,LOC111342143/LOC111333695/LOC111342147,3
GO:0071709,membrane assembly,3/230,18/7572,0.166666666666667,5.48695652173913,3.3731291878192,0.0161088511053699,0.132389465739695,0.112967405632053,LOC111336974/LOC111335321/LOC111323777,3
GO:0060485,mesenchyme development,8/230,108/7572,0.0740740740740741,2.43864734299517,2.66510154682967,0.0167001160119689,0.136112861223708,0.116144564219565,LOC111330631/LOC111324192/LOC111325642/LOC111326654/LOC111333478/LOC111325851/LOC111324368/LOC111344472,8
GO:0003007,heart morphogenesis,11/230,174/7572,0.0632183908045977,2.08125937031484,2.55376361959308,0.0167501634145408,0.136112861223708,0.116144564219565,LOC111320817/LOC111320821/LOC111335321/LOC111333478/LOC111320842/LOC111321759/LOC111340883/LOC111333893/LOC111332138/LOC111333767/LOC111344472,11
GO:0003279,cardiac septum development,6/230,68/7572,0.0882352941176471,2.90485933503836,2.79257152450961,0.0167880065545852,0.136112861223708,0.116144564219565,LOC111333478/LOC111340366/LOC111340883/LOC111333893/LOC111340596/LOC111344472,6
GO:0030326,embryonic limb morphogenesis,6/230,68/7572,0.0882352941176471,2.90485933503836,2.79257152450961,0.0167880065545852,0.136112861223708,0.116144564219565,LOC111329099/LOC111323862/LOC111336974/LOC111321680/LOC111333767/LOC111338817,6
GO:0001541,ovarian follicle development,4/230,33/7572,0.121212121212121,3.99051383399209,3.04704778519622,0.0170053263360532,0.136952594706409,0.116861105467262,LOC111325642/LOC111320816/LOC111329762/LOC111331303,4
GO:0035987,endodermal cell differentiation,4/230,33/7572,0.121212121212121,3.99051383399209,3.04704778519622,0.0170053263360532,0.136952594706409,0.116861105467262,LOC111324192/LOC111335693/LOC111321759/LOC111321489,4
GO:0035023,regulation of Rho protein signal transduction,5/230,50/7572,0.1,3.29217391304348,2.87805609415879,0.0172681464854269,0.138605655789693,0.118271655928257,LOC111320822/LOC111335693/LOC111333478/LOC111330877/LOC111327558,5
GO:0048514,blood vessel morphogenesis,11/230,175/7572,0.0628571428571429,2.06936645962733,2.53309293986608,0.0174108690608701,0.139286952486961,0.118853003695816,LOC111320822/LOC111322288/LOC111335693/LOC111325671/LOC111333478/LOC111340883/LOC111320751/LOC111324368/LOC111340596/LOC111344472/LOC111340622,11
GO:2000145,regulation of cell motility,21/230,423/7572,0.049645390070922,1.63441258094357,2.37658128587065,0.0176490642146766,0.140724988837554,0.120080074405886,LOC111328024/LOC111323862/LOC111333735/LOC111330856/LOC111320816/LOC111320822/LOC111322288/LOC111328749/LOC111335693/LOC111333478/LOC111333901/LOC111323127/LOC111345144/LOC111321759/LOC111323636/LOC111326544/LOC111328517/LOC111336999/LOC111340596/LOC111338817/LOC111340622,21
GO:1903825,organic acid transmembrane transport,6/230,69/7572,0.0869565217391304,2.86275992438563,2.75104255917884,0.0179354700594007,0.142067802312621,0.121225891814232,LOC111336828/LOC111330589/LOC111342077/LOC111330251/LOC111334900/LOC111328842,6
GO:1905039,carboxylic acid transmembrane transport,6/230,69/7572,0.0869565217391304,2.86275992438563,2.75104255917884,0.0179354700594007,0.142067802312621,0.121225891814232,LOC111336828/LOC111330589/LOC111342077/LOC111330251/LOC111334900/LOC111328842,6
GO:0007223,"Wnt signaling pathway, calcium modulating pathway",3/230,19/7572,0.157894736842105,5.19816933638444,3.24272680356593,0.0187085957168368,0.145294715629171,0.123979404138897,LOC111323862/LOC111333893/LOC111330060,3
GO:0010002,cardioblast differentiation,3/230,19/7572,0.157894736842105,5.19816933638444,3.24272680356593,0.0187085957168368,0.145294715629171,0.123979404138897,LOC111324192/LOC111326654/LOC111321502,3
GO:0060384,innervation,3/230,19/7572,0.157894736842105,5.19816933638444,3.24272680356593,0.0187085957168368,0.145294715629171,0.123979404138897,LOC111328024/LOC111324621/LOC111333478,3
GO:0072207,metanephric epithelium development,3/230,19/7572,0.157894736842105,5.19816933638444,3.24272680356593,0.0187085957168368,0.145294715629171,0.123979404138897,LOC111322288/LOC111321759/LOC111330961,3
GO:0098659,inorganic cation import across plasma membrane,3/230,19/7572,0.157894736842105,5.19816933638444,3.24272680356593,0.0187085957168368,0.145294715629171,0.123979404138897,LOC111323527/LOC111326058/LOC111329754,3
GO:0030168,platelet activation,4/230,34/7572,0.117647058823529,3.87314578005115,2.97168248888846,0.0188255611612547,0.145294715629171,0.123979404138897,LOC111320871/LOC111323911/LOC111320822/LOC111327334,4
GO:0034446,substrate adhesion-dependent cell spreading,4/230,34/7572,0.117647058823529,3.87314578005115,2.97168248888846,0.0188255611612547,0.145294715629171,0.123979404138897,LOC111335693/LOC111333478/LOC111321759/LOC111333893,4
GO:0048859,formation of anatomical boundary,4/230,34/7572,0.117647058823529,3.87314578005115,2.97168248888846,0.0188255611612547,0.145294715629171,0.123979404138897,LOC111335693/LOC111333901/LOC111333893/LOC111334412,4
GO:0030334,regulation of cell migration,20/230,400/7572,0.05,1.64608695652174,2.3498177478373,0.0189920980363952,0.146111731858273,0.124676560844269,LOC111328024/LOC111323862/LOC111333735/LOC111320816/LOC111320822/LOC111322288/LOC111328749/LOC111335693/LOC111333478/LOC111333901/LOC111323127/LOC111345144/LOC111321759/LOC111323636/LOC111326544/LOC111328517/LOC111336999/LOC111340596/LOC111338817/LOC111340622,20
GO:0043312,neutrophil degranulation,14/230,249/7572,0.0562248995983936,1.8510214772132,2.41673497925716,0.0192527666453798,0.146295943021831,0.124833747498957,LOC111346891/LOC111327418/LOC111328749/LOC111333170/LOC111323527/LOC111325560/LOC111329755/LOC111336425/LOC111323636/LOC111333695/LOC111344752/LOC111326942/LOC111329016/LOC111322259,14
GO:0018108,peptidyl-tyrosine phosphorylation,7/230,90/7572,0.0777777777777778,2.56057971014493,2.63591687203215,0.0192582742035154,0.146295943021831,0.124833747498957,LOC111328393/LOC111324192/LOC111323862/LOC111322288/LOC111333478/LOC111339275/LOC111338817,7
GO:0018212,peptidyl-tyrosine modification,7/230,90/7572,0.0777777777777778,2.56057971014493,2.63591687203215,0.0192582742035154,0.146295943021831,0.124833747498957,LOC111328393/LOC111324192/LOC111323862/LOC111322288/LOC111333478/LOC111339275/LOC111338817,7
GO:0009636,response to toxic substance,18/230,349/7572,0.0515759312320917,1.69796935343217,2.36278176792203,0.0192590589443192,0.146295943021831,0.124833747498957,LOC111320817/LOC111336303/LOC111332158/LOC111325642/LOC111320821/LOC111322288/LOC111333170/LOC111322400/LOC111320842/LOC111338776/LOC111323527/LOC111324410/LOC111325560/LOC111331303/LOC111324532/LOC111336999/LOC111333695/LOC111329754,18
GO:2000146,negative regulation of cell motility,9/230,133/7572,0.0676691729323308,2.22778685845047,2.5282782743948,0.0196977670998354,0.149157934516992,0.127275873481889,LOC111328024/LOC111330856/LOC111320816/LOC111320822/LOC111322288/LOC111328749/LOC111323636/LOC111336999/LOC111340596,9
GO:0031960,response to corticosteroid,7/230,91/7572,0.0769230769230769,2.53244147157191,2.60290379339695,0.0203430656622261,0.152665623415717,0.130268970496363,LOC111320952/LOC111327252/LOC111328749/LOC111338776/LOC111323636/LOC111331303/LOC111326058,7
GO:0048675,axon extension,6/230,71/7572,0.0845070422535211,2.78211879975505,2.67017419371661,0.0203895500562717,0.152665623415717,0.130268970496363,LOC111342023/LOC111333478/LOC111323777/LOC111321759/LOC111333893/LOC111340622,6
GO:0050921,positive regulation of chemotaxis,6/230,71/7572,0.0845070422535211,2.78211879975505,2.67017419371661,0.0203895500562717,0.152665623415717,0.130268970496363,LOC111322288/LOC111328749/LOC111333478/LOC111323636/LOC111333893/LOC111340622,6
GO:0006887,exocytosis,20/230,403/7572,0.0496277915632754,1.63383320746575,2.31436350680191,0.0204145891776831,0.152665623415717,0.130268970496363,LOC111346891/LOC111327418/LOC111327252/LOC111322288/LOC111328749/LOC111333170/LOC111335321/LOC111327625/LOC111323527/LOC111325560/LOC111329755/LOC111336425/LOC111326819/LOC111323636/LOC111333695/LOC111325220/LOC111344752/LOC111326942/LOC111329016/LOC111322259,20
GO:0007442,hindgut morphogenesis,4/230,35/7572,0.114285714285714,3.76248447204969,2.89913180956501,0.0207620932242801,0.154783654749432,0.132076278226478,LOC111322288/LOC111339275/LOC111320751/LOC111333767,4
GO:0002252,immune effector process,20/230,404/7572,0.0495049504950495,1.62978906586311,2.30260875480197,0.0209067140985593,0.155380764041145,0.132585789215035,LOC111346891/LOC111327418/LOC111328749/LOC111333170/LOC111326654/LOC111338418/LOC111323527/LOC111327334/LOC111325560/LOC111329755/LOC111336425/LOC111323636/LOC111328517/LOC111333695/LOC111344752/LOC111326942/LOC111329016/LOC111325968/LOC111340596/LOC111322259,20
GO:1901652,response to peptide,15/230,277/7572,0.0541516245487365,1.78276565688275,2.34905048490508,0.0213023853926495,0.15772798889864,0.134588666869271,LOC111320817/LOC111325642/LOC111320952/LOC111320821/LOC111322288/LOC111320842/LOC111329762/LOC111339275/LOC111346320/LOC111327334/LOC111325560/LOC111333893/LOC111333695/LOC111328842/LOC111340596,15
GO:0015909,long-chain fatty acid transport,3/230,20/7572,0.15,4.93826086956522,3.12120172692185,0.0215268670032639,0.15772798889864,0.134588666869271,LOC111331664/LOC111346320/LOC111331303,3
GO:0035099,hemocyte migration,3/230,20/7572,0.15,4.93826086956522,3.12120172692185,0.0215268670032639,0.15772798889864,0.134588666869271,LOC111322288/LOC111340398/LOC111339275,3
GO:2001026,regulation of endothelial cell chemotaxis,3/230,20/7572,0.15,4.93826086956522,3.12120172692185,0.0215268670032639,0.15772798889864,0.134588666869271,LOC111322288/LOC111338817/LOC111340622,3
GO:0007519,skeletal muscle tissue development,6/230,72/7572,0.0833333333333333,2.74347826086957,2.63078589150204,0.0216981655826376,0.15772798889864,0.134588666869271,LOC111330631/LOC111330205/LOC111335693/LOC111320751/LOC111325851/LOC111333695,6
GO:0001676,long-chain fatty acid metabolic process,5/230,53/7572,0.0943396226415094,3.10582444626743,2.72278535782873,0.0217465499644304,0.15772798889864,0.134588666869271,LOC111326885/LOC111331664/LOC111346320/LOC111331622/LOC111331303,5
GO:0010771,negative regulation of cell morphogenesis,5/230,53/7572,0.0943396226415094,3.10582444626743,2.72278535782873,0.0217465499644304,0.15772798889864,0.134588666869271,LOC111342023/LOC111336974/LOC111333478/LOC111333901/LOC111340622,5
GO:0048645,animal organ formation,5/230,53/7572,0.0943396226415094,3.10582444626743,2.72278535782873,0.0217465499644304,0.15772798889864,0.134588666869271,LOC111335693/LOC111333901/LOC111333893/LOC111325851/LOC111333767,5
GO:0007186,G protein-coupled receptor signaling pathway,15/230,278/7572,0.0539568345323741,1.77635283077886,2.334167459972,0.02192522839353,0.158546396311172,0.135287010665942,LOC111342654/LOC111343017/LOC111323945/LOC111328749/LOC111335314/LOC111325186/LOC111323127/LOC111327334/LOC111323636/LOC111339822/LOC111333893/LOC111324532/LOC111322245/LOC111320921/LOC111340596,15
GO:0043009,chordate embryonic development,19/230,381/7572,0.0498687664041995,1.64176651831565,2.2749834949774,0.0225053344302578,0.162254027868445,0.138450717957338,LOC111328024/LOC111343122/LOC111320817/LOC111330631/LOC111329099/LOC111323862/LOC111330856/LOC111320821/LOC111322288/LOC111328749/LOC111325671/LOC111320842/LOC111340883/LOC111323636/LOC111333893/LOC111325851/LOC111331301/LOC111333767/LOC111344472,19
GO:0048542,lymph gland development,4/230,36/7572,0.111111111111111,3.65797101449275,2.82920487084042,0.0228166636225955,0.163519422628601,0.139530474283541,LOC111324192/LOC111329099/LOC111326654/LOC111339275,4
GO:0061525,hindgut development,4/230,36/7572,0.111111111111111,3.65797101449275,2.82920487084042,0.0228166636225955,0.163519422628601,0.139530474283541,LOC111322288/LOC111339275/LOC111320751/LOC111333767,4
GO:0046660,female sex differentiation,6/230,73/7572,0.0821917808219178,2.70589636688505,2.59206416804921,0.0230624382851817,0.164790360209845,0.140614960276979,LOC111325642/LOC111320816/LOC111327252/LOC111329762/LOC111331622/LOC111331303,6
GO:0098656,monoatomic anion transmembrane transport,9/230,137/7572,0.0656934306569343,2.1627419866709,2.43072878119654,0.0233878748034904,0.166160201163914,0.141783840125878,LOC111345835/LOC111336828/LOC111343017/LOC111330589/LOC111342077/LOC111330251/LOC111334900/LOC111334761/LOC111328842,9
GO:0000041,transition metal ion transport,5/230,54/7572,0.0925925925925926,3.04830917874396,2.67346548337246,0.02339215456585,0.166160201163914,0.141783840125878,LOC111322161/LOC111323527/LOC111329755/LOC111328120/LOC111329754,5
GO:0002283,neutrophil activation involved in immune response,14/230,256/7572,0.0546875,1.80040760869565,2.30583216832793,0.0238132992380804,0.168654189897934,0.143911950813415,LOC111346891/LOC111327418/LOC111328749/LOC111333170/LOC111323527/LOC111325560/LOC111329755/LOC111336425/LOC111323636/LOC111333695/LOC111344752/LOC111326942/LOC111329016/LOC111322259,14
GO:0042119,neutrophil activation,14/230,257/7572,0.0544747081712062,1.79340213161902,2.29026697327882,0.0245256374933225,0.172450392340624,0.147151235289779,LOC111346891/LOC111327418/LOC111328749/LOC111333170/LOC111323527/LOC111325560/LOC111329755/LOC111336425/LOC111323636/LOC111333695/LOC111344752/LOC111326942/LOC111329016/LOC111322259,14
GO:0001958,endochondral ossification,3/230,21/7572,0.142857142857143,4.70310559006211,3.00750846864372,0.0245641547229377,0.172450392340624,0.147151235289779,LOC111320817/LOC111320821/LOC111320842,3
GO:0034383,low-density lipoprotein particle clearance,3/230,21/7572,0.142857142857143,4.70310559006211,3.00750846864372,0.0245641547229377,0.172450392340624,0.147151235289779,LOC111325671/LOC111342143/LOC111342147,3
GO:0001706,endoderm formation,4/230,37/7572,0.108108108108108,3.55910693301998,2.76172873141712,0.0249907964557867,0.173792678120533,0.148296602417941,LOC111324192/LOC111335693/LOC111321759/LOC111321489,4
GO:0008354,germ cell migration,4/230,37/7572,0.108108108108108,3.55910693301998,2.76172873141712,0.0249907964557867,0.173792678120533,0.148296602417941,LOC111324192/LOC111326654/LOC111323127/LOC111331301,4
GO:0006637,acyl-CoA metabolic process,5/230,55/7572,0.0909090909090909,2.99288537549407,2.62527462478905,0.0251162176021369,0.173792678120533,0.148296602417941,LOC111346087/LOC111331664/LOC111346320/LOC111331622/LOC111341830,5
GO:0016125,sterol metabolic process,5/230,55/7572,0.0909090909090909,2.99288537549407,2.62527462478905,0.0251162176021369,0.173792678120533,0.148296602417941,LOC111325671/LOC111340366/LOC111342143/LOC111340596/LOC111342147,5
GO:0050866,negative regulation of cell activation,5/230,55/7572,0.0909090909090909,2.99288537549407,2.62527462478905,0.0251162176021369,0.173792678120533,0.148296602417941,LOC111322288/LOC111327334/LOC111324532/LOC111333767/LOC111321308,5
GO:0019216,regulation of lipid metabolic process,12/230,209/7572,0.0574162679425837,1.89024339504889,2.30987167887877,0.025233356891445,0.174102932362749,0.148561341131355,LOC111320024/LOC111322288/LOC111323945/LOC111328749/LOC111325671/LOC111331664/LOC111323127/LOC111346320/LOC111327334/LOC111323636/LOC111331303/LOC111335313,12
GO:0060070,canonical Wnt signaling pathway,5/230,56/7572,0.0892857142857143,2.93944099378882,2.57816405905997,0.0269198489040831,0.185208560460092,0.158037729506076,LOC111336974/LOC111323127/LOC111340883/LOC111333893/LOC111322245,5
GO:0006641,triglyceride metabolic process,4/230,38/7572,0.105263157894737,3.46544622425629,2.69654626310879,0.0272858011963246,0.18660482706224,0.159229158255592,LOC111325671/LOC111326654/LOC111331664/LOC111346320,4
GO:0050804,modulation of chemical synaptic transmission,13/230,236/7572,0.0550847457627119,1.81348563006632,2.24703365360643,0.0273954885613398,0.18660482706224,0.159229158255592,LOC111332158/LOC111323862/LOC111343017/LOC111335693/LOC111333875/LOC111322311/LOC111330961/LOC111324532/LOC111325851/LOC111333012/LOC111326058/LOC111343646/LOC111338912,13
GO:0002443,leukocyte mediated immunity,15/230,286/7572,0.0524475524475525,1.72666463970812,2.21720480752343,0.0274156506852439,0.18660482706224,0.159229158255592,LOC111346891/LOC111327418/LOC111328749/LOC111333170/LOC111323527/LOC111327334/LOC111325560/LOC111329755/LOC111336425/LOC111323636/LOC111333695/LOC111344752/LOC111326942/LOC111329016/LOC111322259,15
GO:0032103,positive regulation of response to external stimulus,10/230,164/7572,0.0609756097560976,2.00742311770944,2.30842995247012,0.0274839634397094,0.18660482706224,0.159229158255592,LOC111328393/LOC111322288/LOC111328749/LOC111333478/LOC111320751/LOC111327334/LOC111323636/LOC111331303/LOC111333893/LOC111340622,10
GO:0017001,antibiotic catabolic process,3/230,22/7572,0.136363636363636,4.48932806324111,2.90076815426153,0.0278202379216545,0.18660482706224,0.159229158255592,LOC111336303/LOC111333170/LOC111322400,3
GO:0030301,cholesterol transport,3/230,22/7572,0.136363636363636,4.48932806324111,2.90076815426153,0.0278202379216545,0.18660482706224,0.159229158255592,LOC111325671/LOC111342143/LOC111342147,3
GO:0040009,regulation of growth rate,3/230,22/7572,0.136363636363636,4.48932806324111,2.90076815426153,0.0278202379216545,0.18660482706224,0.159229158255592,LOC111342143/LOC111326058/LOC111342147,3
GO:0042743,hydrogen peroxide metabolic process,3/230,22/7572,0.136363636363636,4.48932806324111,2.90076815426153,0.0278202379216545,0.18660482706224,0.159229158255592,LOC111336303/LOC111333170/LOC111322400,3
GO:0060443,mammary gland morphogenesis,3/230,22/7572,0.136363636363636,4.48932806324111,2.90076815426153,0.0278202379216545,0.18660482706224,0.159229158255592,LOC111336828/LOC111325851/LOC111333767,3
GO:0002275,myeloid cell activation involved in immune response,14/230,262/7572,0.0534351145038168,1.75917690009957,2.21344274860774,0.0283281439865277,0.18948380755433,0.16168578088217,LOC111346891/LOC111327418/LOC111328749/LOC111333170/LOC111323527/LOC111325560/LOC111329755/LOC111336425/LOC111323636/LOC111333695/LOC111344752/LOC111326942/LOC111329016/LOC111322259,14
GO:2001237,negative regulation of extrinsic apoptotic signaling pathway,5/230,57/7572,0.087719298245614,2.88787185354691,2.53208801705469,0.028804073957455,0.192133545954436,0.163946792141572,LOC111320817/LOC111320821/LOC111335693/LOC111333478/LOC111320842,5
GO:0010951,negative regulation of endopeptidase activity,6/230,77/7572,0.0779220779220779,2.56533032185206,2.44342432453935,0.029093694893689,0.193529329569069,0.165137808759758,LOC111330856/LOC111327252/LOC111327625/LOC111326819/LOC111326544/LOC111325220,6
GO:0016358,dendrite development,10/230,166/7572,0.0602409638554217,1.98323729701414,2.26701234670895,0.0295579834101665,0.196076099315926,0.167310957276048,LOC111325642/LOC111340635/LOC111336974/LOC111333478/LOC111333901/LOC111331664/LOC111340398/LOC111326544/LOC111333767/LOC111330060,10
GO:0006879,intracellular iron ion homeostasis,4/230,39/7572,0.102564102564103,3.37658862876254,2.63351432862746,0.02970277566053,0.196495285138891,0.167668646874941,LOC111322161/LOC111329755/LOC111328120/LOC111329754,4
GO:0007528,neuromuscular junction development,7/230,99/7572,0.0707070707070707,2.32779973649539,2.35361831713472,0.0305897892904991,0.201808801675402,0.172202649445001,LOC111332158/LOC111342023/LOC111336974/LOC111323777/LOC111321759/LOC111320751/LOC111343646,7
GO:0045861,negative regulation of proteolysis,9/230,144/7572,0.0625,2.05760869565217,2.26779431604736,0.0309932287071422,0.203911734226225,0.173997073443605,LOC111330856/LOC111327252/LOC111327625/LOC111338418/LOC111327334/LOC111344634/LOC111326819/LOC111326544/LOC111325220,9
GO:0007566,embryo implantation,3/230,23/7572,0.130434782608696,4.29413988657845,2.80023573810768,0.0312942414965716,0.205331154015652,0.175208258715926,LOC111343122/LOC111321759/LOC111328842,3
GO:0032870,cellular response to hormone stimulus,16/230,317/7572,0.0504731861198738,1.66166506652037,2.13001410736477,0.0315829559042468,0.206662385373441,0.17634419314957,LOC111320817/LOC111325642/LOC111320871/LOC111320821/LOC111322288/LOC111325671/LOC111320842/LOC111323127/LOC111339275/LOC111342143/LOC111346320/LOC111333893/LOC111336999/LOC111333695/LOC111326058/LOC111342147,16
GO:0061138,morphogenesis of a branching epithelium,8/230,122/7572,0.0655737704918033,2.15880256593015,2.28372905962633,0.0319539606641037,0.208523407260601,0.177932195739069,LOC111330856/LOC111336828/LOC111322288/LOC111333478/LOC111320751/LOC111333767/LOC111344472/LOC111340622,8
GO:0008285,negative regulation of cell population proliferation,16/230,318/7572,0.050314465408805,1.65643970467596,2.11666913397944,0.0323811521401113,0.210716376847046,0.179803447982792,LOC111328024/LOC111323862/LOC111330856/LOC111332789/LOC111322266/LOC111323127/LOC111338776/LOC111345144/LOC111340883/LOC111329755/LOC111322261/LOC111336999/LOC111334412/LOC111333767/LOC111320928/LOC111333334,16
GO:0010466,negative regulation of peptidase activity,6/230,79/7572,0.0759493670886076,2.50038525041277,2.37258519747051,0.0324650231770159,0.210716376847046,0.179803447982792,LOC111330856/LOC111327252/LOC111327625/LOC111326819/LOC111326544/LOC111325220,6
GO:0007160,cell-matrix adhesion,5/230,59/7572,0.0847457627118644,2.78997789240973,2.44286985055279,0.0328179809130097,0.211865142194443,0.180783684894017,LOC111323911/LOC111320822/LOC111335693/LOC111338572/LOC111332138,5
GO:0007447,imaginal disc pattern formation,5/230,59/7572,0.0847457627118644,2.78997789240973,2.44286985055279,0.0328179809130097,0.211865142194443,0.180783684894017,LOC111328024/LOC111329099/LOC111334412/LOC111333767/LOC111343646,5
GO:0016055,Wnt signaling pathway,8/230,123/7572,0.0650406504065041,2.14125132555673,2.25849022160211,0.033318509678538,0.213949256815785,0.182562051628087,LOC111323862/LOC111336974/LOC111323127/LOC111340883/LOC111333893/LOC111325851/LOC111322245/LOC111330060,8
GO:0030336,negative regulation of cell migration,8/230,123/7572,0.0650406504065041,2.14125132555673,2.25849022160211,0.033318509678538,0.213949256815785,0.182562051628087,LOC111328024/LOC111320816/LOC111320822/LOC111322288/LOC111328749/LOC111323636/LOC111336999/LOC111340596,8
GO:0071396,cellular response to lipid,13/230,243/7572,0.0534979423868313,1.76124530327429,2.13470935401034,0.0336329263628671,0.214822511092265,0.183307196036065,LOC111320817/LOC111325642/LOC111320871/LOC111320821/LOC111325671/LOC111320842/LOC111323127/LOC111342143/LOC111333893/LOC111336999/LOC111326058/LOC111344472/LOC111342147,13
GO:2001233,regulation of apoptotic signaling pathway,13/230,243/7572,0.0534979423868313,1.76124530327429,2.13470935401034,0.0336329263628671,0.214822511092265,0.183307196036065,LOC111320817/LOC111325642/LOC111320821/LOC111335693/LOC111327625/LOC111333478/LOC111320842/LOC111338776/LOC111346320/LOC111326819/LOC111336999/LOC111325220/LOC111344752,13
GO:0001707,mesoderm formation,5/230,60/7572,0.0833333333333333,2.74347826086957,2.39964900930322,0.0349492858650652,0.215686445413218,0.184044387762983,LOC111327880/LOC111324192/LOC111335693/LOC111326654/LOC111333893,5
GO:0008585,female gonad development,5/230,60/7572,0.0833333333333333,2.74347826086957,2.39964900930322,0.0349492858650652,0.215686445413218,0.184044387762983,LOC111325642/LOC111320816/LOC111327252/LOC111329762/LOC111331303,5
GO:0016101,diterpenoid metabolic process,3/230,24/7572,0.125,4.11521739130435,2.70527478639864,0.0349846895914784,0.215686445413218,0.184044387762983,LOC111336828/LOC111325671/LOC111340596,3
GO:0001935,endothelial cell proliferation,2/230,10/7572,0.2,6.58434782608696,3.12742911817272,0.035201317710712,0.215686445413218,0.184044387762983,LOC111324368/LOC111340622,2
GO:0002686,negative regulation of leukocyte migration,2/230,10/7572,0.2,6.58434782608696,3.12742911817272,0.035201317710712,0.215686445413218,0.184044387762983,LOC111328749/LOC111323636,2
GO:0009595,detection of biotic stimulus,2/230,10/7572,0.2,6.58434782608696,3.12742911817272,0.035201317710712,0.215686445413218,0.184044387762983,LOC111328749/LOC111323636,2
GO:0018149,peptide cross-linking,2/230,10/7572,0.2,6.58434782608696,3.12742911817272,0.035201317710712,0.215686445413218,0.184044387762983,LOC111320822/LOC111334412,2
GO:0045061,thymic T cell selection,2/230,10/7572,0.2,6.58434782608696,3.12742911817272,0.035201317710712,0.215686445413218,0.184044387762983,LOC111329099/LOC111333767,2
GO:0051151,negative regulation of smooth muscle cell differentiation,2/230,10/7572,0.2,6.58434782608696,3.12742911817272,0.035201317710712,0.215686445413218,0.184044387762983,LOC111322288/LOC111322526,2
GO:0060385,axonogenesis involved in innervation,2/230,10/7572,0.2,6.58434782608696,3.12742911817272,0.035201317710712,0.215686445413218,0.184044387762983,LOC111324621/LOC111333478,2
GO:0060982,coronary artery morphogenesis,2/230,10/7572,0.2,6.58434782608696,3.12742911817272,0.035201317710712,0.215686445413218,0.184044387762983,LOC111333478/LOC111344472,2
GO:0061320,pericardial nephrocyte differentiation,2/230,10/7572,0.2,6.58434782608696,3.12742911817272,0.035201317710712,0.215686445413218,0.184044387762983,LOC111324192/LOC111326654,2
GO:0061551,trigeminal ganglion development,2/230,10/7572,0.2,6.58434782608696,3.12742911817272,0.035201317710712,0.215686445413218,0.184044387762983,LOC111330631/LOC111333478,2
GO:0070723,response to cholesterol,2/230,10/7572,0.2,6.58434782608696,3.12742911817272,0.035201317710712,0.215686445413218,0.184044387762983,LOC111325642/LOC111346320,2
GO:0072202,cell differentiation involved in metanephros development,2/230,10/7572,0.2,6.58434782608696,3.12742911817272,0.035201317710712,0.215686445413218,0.184044387762983,LOC111322288/LOC111321759,2
GO:1905521,regulation of macrophage migration,2/230,10/7572,0.2,6.58434782608696,3.12742911817272,0.035201317710712,0.215686445413218,0.184044387762983,LOC111328749/LOC111323636,2
GO:0002520,immune system development,18/230,375/7572,0.048,1.58024347826087,2.0397808085462,0.0360648797312004,0.218811531952095,0.186711011702435,LOC111327880/LOC111343122/LOC111330631/LOC111324192/LOC111329099/LOC111322288/LOC111328749/LOC111326654/LOC111333478/LOC111340398/LOC111345144/LOC111340883/LOC111339275/LOC111323527/LOC111323636/LOC111333893/LOC111333767/LOC111344472,18
GO:0016202,regulation of striated muscle tissue development,6/230,81/7572,0.0740740740740741,2.43864734299517,2.30388241490006,0.0360810195055503,0.218811531952095,0.186711011702435,LOC111327880/LOC111330631/LOC111332158/LOC111336934/LOC111333893/LOC111344472,6
GO:0031589,cell-substrate adhesion,6/230,81/7572,0.0740740740740741,2.43864734299517,2.30388241490006,0.0360810195055503,0.218811531952095,0.186711011702435,LOC111323911/LOC111320822/LOC111335693/LOC111333478/LOC111321759/LOC111333893,6
GO:1990138,neuron projection extension,6/230,81/7572,0.0740740740740741,2.43864734299517,2.30388241490006,0.0360810195055503,0.218811531952095,0.186711011702435,LOC111342023/LOC111333478/LOC111323777/LOC111321759/LOC111333893/LOC111340622,6
GO:0001763,morphogenesis of a branching structure,8/230,125/7572,0.064,2.10699130434783,2.20872623656992,0.0361656934040423,0.218811531952095,0.186711011702435,LOC111330856/LOC111336828/LOC111322288/LOC111333478/LOC111320751/LOC111333767/LOC111344472/LOC111340622,8
GO:0048332,mesoderm morphogenesis,5/230,61/7572,0.0819672131147541,2.69850320741269,2.35730489948584,0.0371644300893962,0.224290595627233,0.191386274988791,LOC111327880/LOC111324192/LOC111335693/LOC111326654/LOC111333893,5
GO:0050954,sensory perception of mechanical stimulus,9/230,149/7572,0.0604026845637584,1.98856142398599,2.15695167030219,0.0373844608304065,0.225054454199047,0.192038072476193,LOC111320817/LOC111329099/LOC111323862/LOC111336828/LOC111320821/LOC111320842/LOC111325851/LOC111326058/LOC111344472,9
GO:0045927,positive regulation of growth,15/230,298/7572,0.0503355704697987,1.65713451998833,2.04837334791416,0.0374853561147566,0.225099096070658,0.192076165208046,LOC111332158/LOC111328749/LOC111333478/LOC111333901/LOC111331664/LOC111342143/LOC111327334/LOC111323636/LOC111326544/LOC111328517/LOC111333893/LOC111326058/LOC111343646/LOC111340622/LOC111342147,15
GO:0021545,cranial nerve development,4/230,42/7572,0.0952380952380952,3.13540372670807,2.45606866558429,0.0376933977061768,0.225785327553417,0.192661723808476,LOC111330631/LOC111333478/LOC111333767/LOC111344472,4
GO:0051384,response to glucocorticoid,6/230,82/7572,0.0731707317073171,2.40890774125133,2.27029307129925,0.0379822916200361,0.226951261094409,0.193656610271152,LOC111327252/LOC111328749/LOC111338776/LOC111323636/LOC111331303/LOC111326058,6
GO:0021522,spinal cord motor neuron differentiation,3/230,25/7572,0.12,3.95060869565217,2.61533784539806,0.0388895559743101,0.230088576870119,0.196333669369852,LOC111340883/LOC111333767/LOC111331073,3
GO:0031103,axon regeneration,3/230,25/7572,0.12,3.95060869565217,2.61533784539806,0.0388895559743101,0.230088576870119,0.196333669369852,LOC111332158/LOC111321759/LOC111328517,3
GO:0031638,zymogen activation,3/230,25/7572,0.12,3.95060869565217,2.61533784539806,0.0388895559743101,0.230088576870119,0.196333669369852,LOC111326544/LOC111344752/LOC111328207,3
GO:0044091,membrane biogenesis,3/230,25/7572,0.12,3.95060869565217,2.61533784539806,0.0388895559743101,0.230088576870119,0.196333669369852,LOC111336974/LOC111335321/LOC111323777,3
GO:0001890,placenta development,5/230,62/7572,0.0806451612903226,2.65497896213184,2.31580349333528,0.0394640093963004,0.230653724821096,0.19681590787322,LOC111330856/LOC111322288/LOC111331303/LOC111333695/LOC111328842,5
GO:0030217,T cell differentiation,5/230,62/7572,0.0806451612903226,2.65497896213184,2.31580349333528,0.0394640093963004,0.230653724821096,0.19681590787322,LOC111329099/LOC111326654/LOC111340883/LOC111333893/LOC111333767,5
GO:0046545,development of primary female sexual characteristics,5/230,62/7572,0.0806451612903226,2.65497896213184,2.31580349333528,0.0394640093963004,0.230653724821096,0.19681590787322,LOC111325642/LOC111320816/LOC111327252/LOC111329762/LOC111331303,5
GO:0048663,neuron fate commitment,5/230,62/7572,0.0806451612903226,2.65497896213184,2.31580349333528,0.0394640093963004,0.230653724821096,0.19681590787322,LOC111329099/LOC111333893/LOC111325851/LOC111333767/LOC111331073,5
GO:0051489,regulation of filopodium assembly,5/230,62/7572,0.0806451612903226,2.65497896213184,2.31580349333528,0.0394640093963004,0.230653724821096,0.19681590787322,LOC111342023/LOC111333478/LOC111323777/LOC111323527/LOC111325968,5
GO:0006029,proteoglycan metabolic process,4/230,43/7572,0.0930232558139535,3.06248736097068,2.40043652348501,0.0406051286138056,0.236176690101555,0.201528632225142,LOC111328024/LOC111320817/LOC111320821/LOC111320842,4
GO:0007229,integrin-mediated signaling pathway,4/230,43/7572,0.0930232558139535,3.06248736097068,2.40043652348501,0.0406051286138056,0.236176690101555,0.201528632225142,LOC111323911/LOC111320822/LOC111335693/LOC111333478,4
GO:0060537,muscle tissue development,10/230,176/7572,0.0568181818181818,1.87055335968379,2.06817188315785,0.0416107345376371,0.240521535632772,0.205236071671258,LOC111330631/LOC111330205/LOC111320822/LOC111335693/LOC111326654/LOC111321759/LOC111320751/LOC111325851/LOC111333695/LOC111344472,10
GO:0002576,platelet degranulation,5/230,63/7572,0.0793650793650794,2.6128364389234,2.27511262540224,0.041848533445957,0.240521535632772,0.205236071671258,LOC111327252/LOC111322288/LOC111327625/LOC111326819/LOC111325220,5
GO:0060348,bone development,6/230,84/7572,0.0714285714285714,2.35155279503106,2.20456592878327,0.0419740421290952,0.240521535632772,0.205236071671258,LOC111328024/LOC111320817/LOC111320821/LOC111320842/LOC111333767/LOC111338817,6
GO:0035160,"maintenance of epithelial integrity, open tracheal system",2/230,11/7572,0.181818181818182,5.98577075098814,2.92868309278832,0.042177242452927,0.240521535632772,0.205236071671258,LOC111335693/LOC111332138,2
GO:0043050,nematode pharyngeal pumping,2/230,11/7572,0.181818181818182,5.98577075098814,2.92868309278832,0.042177242452927,0.240521535632772,0.205236071671258,LOC111333986/LOC111342546,2
GO:0061343,cell adhesion involved in heart morphogenesis,2/230,11/7572,0.181818181818182,5.98577075098814,2.92868309278832,0.042177242452927,0.240521535632772,0.205236071671258,LOC111335321/LOC111332138,2
GO:0097094,craniofacial suture morphogenesis,2/230,11/7572,0.181818181818182,5.98577075098814,2.92868309278832,0.042177242452927,0.240521535632772,0.205236071671258,LOC111333767/LOC111338817,2
GO:2001014,regulation of skeletal muscle cell differentiation,2/230,11/7572,0.181818181818182,5.98577075098814,2.92868309278832,0.042177242452927,0.240521535632772,0.205236071671258,LOC111330631/LOC111344472,2
GO:0046486,glycerolipid metabolic process,11/230,201/7572,0.054726368159204,1.80168721609345,2.03879299342647,0.0422510837095774,0.240521535632772,0.205236071671258,LOC111346087/LOC111335819/LOC111322288/LOC111325671/LOC111326654/LOC111331664/LOC111323127/LOC111329762/LOC111346320/LOC111331303/LOC111338817,11
GO:0032835,glomerulus development,3/230,26/7572,0.115384615384615,3.79866220735786,2.52995098783221,0.0430063115412108,0.241960743437467,0.206464141978464,LOC111328024/LOC111322288/LOC111321759,3
GO:0042331,phototaxis,3/230,26/7572,0.115384615384615,3.79866220735786,2.52995098783221,0.0430063115412108,0.241960743437467,0.206464141978464,LOC111327625/LOC111326819/LOC111325220,3
GO:0060395,SMAD protein signal transduction,3/230,26/7572,0.115384615384615,3.79866220735786,2.52995098783221,0.0430063115412108,0.241960743437467,0.206464141978464,LOC111325642/LOC111323862/LOC111343646,3
GO:0061005,cell differentiation involved in kidney development,3/230,26/7572,0.115384615384615,3.79866220735786,2.52995098783221,0.0430063115412108,0.241960743437467,0.206464141978464,LOC111322288/LOC111321759/LOC111333767,3
GO:1902669,positive regulation of axon guidance,3/230,26/7572,0.115384615384615,3.79866220735786,2.52995098783221,0.0430063115412108,0.241960743437467,0.206464141978464,LOC111333478/LOC111333893/LOC111340622,3
GO:0003158,endothelium development,4/230,44/7572,0.0909090909090909,2.99288537549407,2.34640083333954,0.0436412819714618,0.243824146142181,0.208054176110132,LOC111327880/LOC111342023/LOC111322288/LOC111333478,4
GO:0048010,vascular endothelial growth factor receptor signaling pathway,4/230,44/7572,0.0909090909090909,2.99288537549407,2.34640083333954,0.0436412819714618,0.243824146142181,0.208054176110132,LOC111328024/LOC111322288/LOC111333478/LOC111339275,4
GO:0060415,muscle tissue morphogenesis,4/230,44/7572,0.0909090909090909,2.99288537549407,2.34640083333954,0.0436412819714618,0.243824146142181,0.208054176110132,LOC111320822/LOC111333893/LOC111325851/LOC111344472,4
GO:0006643,membrane lipid metabolic process,6/230,85/7572,0.0705882352941176,2.32388746803069,2.17240087201072,0.0440654486311311,0.245056813634558,0.209106006388642,LOC111335819/LOC111326885/LOC111323127/LOC111334156/LOC111336425/LOC111341830,6
GO:0050679,positive regulation of epithelial cell proliferation,6/230,85/7572,0.0705882352941176,2.32388746803069,2.17240087201072,0.0440654486311311,0.245056813634558,0.209106006388642,LOC111322288/LOC111333478/LOC111321759/LOC111333893/LOC111344472/LOC111340622,6
GO:0045926,negative regulation of growth,10/230,178/7572,0.0561797752808989,1.8495359062042,2.02995012863209,0.0443740721492561,0.24620452934426,0.210085347648188,LOC111327880/LOC111342023/LOC111332789/LOC111336934/LOC111333170/LOC111333478/LOC111333901/LOC111331664/LOC111334412/LOC111340622,10
GO:0009953,dorsal/ventral pattern formation,9/230,154/7572,0.0584415584415584,1.92399774138905,2.05031791566621,0.0446249803764711,0.247027477578258,0.210787566109792,LOC111327880/LOC111328024/LOC111329099/LOC111336974/LOC111336934/LOC111333893/LOC111325851/LOC111333767/LOC111343646,9
GO:0030003,intracellular monoatomic cation homeostasis,13/230,254/7572,0.0511811023622047,1.68497090037658,1.96528766573025,0.0454120234626335,0.250807689215645,0.214013205695462,LOC111323945/LOC111328749/LOC111322161/LOC111323527/LOC111327334/LOC111329755/LOC111330961/LOC111323636/LOC111333893/LOC111328120/LOC111333012/LOC111326058/LOC111329754,13
GO:0006897,endocytosis,16/230,333/7572,0.0480480480480481,1.58182530356443,1.92180263375413,0.0462073719294094,0.254616365231162,0.217263133822009,LOC111336303/LOC111319860/LOC111328749/LOC111325671/LOC111322400/LOC111340366/LOC111329762/LOC111338418/LOC111342143/LOC111327210/LOC111323636/LOC111326058/LOC111325968/LOC111340596/LOC111330877/LOC111342147,16
GO:0021536,diencephalon development,4/230,45/7572,0.0888888888888889,2.9263768115942,2.29387575811019,0.0468017743121692,0.255367996333309,0.217904497658078,LOC111332158/LOC111325642/LOC111333478/LOC111340622,4
GO:0035162,embryonic hemopoiesis,4/230,45/7572,0.0888888888888889,2.9263768115942,2.29387575811019,0.0468017743121692,0.255367996333309,0.217904497658078,LOC111327880/LOC111322288/LOC111340398/LOC111339275,4
GO:0060411,cardiac septum morphogenesis,4/230,45/7572,0.0888888888888889,2.9263768115942,2.29387575811019,0.0468017743121692,0.255367996333309,0.217904497658078,LOC111333478/LOC111340883/LOC111333893/LOC111344472,4
GO:0032355,response to estradiol,5/230,65/7572,0.0769230769230769,2.53244147157191,2.19604238458724,0.0468740259050342,0.255367996333309,0.217904497658078,LOC111322288/LOC111328749/LOC111332789/LOC111325671/LOC111323636,5
GO:0072593,reactive oxygen species metabolic process,5/230,65/7572,0.0769230769230769,2.53244147157191,2.19604238458724,0.0468740259050342,0.255367996333309,0.217904497658078,LOC111336303/LOC111335366/LOC111322288/LOC111333170/LOC111322400,5
GO:0002040,sprouting angiogenesis,3/230,27/7572,0.111111111111111,3.65797101449275,2.44870152461965,0.0473319690852066,0.256124452937478,0.218549979075868,LOC111333478/LOC111324368/LOC111340622,3
GO:0021602,cranial nerve morphogenesis,3/230,27/7572,0.111111111111111,3.65797101449275,2.44870152461965,0.0473319690852066,0.256124452937478,0.218549979075868,LOC111333478/LOC111333767/LOC111344472,3
GO:0098739,import across plasma membrane,3/230,27/7572,0.111111111111111,3.65797101449275,2.44870152461965,0.0473319690852066,0.256124452937478,0.218549979075868,LOC111323527/LOC111326058/LOC111329754,3
GO:0001654,eye development,19/230,415/7572,0.0457831325301205,1.50726034573075,1.88114730245952,0.04760407502374,0.257019310890507,0.219313557815295,LOC111332158/LOC111325642/LOC111329099/LOC111342023/LOC111322288/LOC111333478/LOC111333901/LOC111323777/LOC111340398/LOC111321759/LOC111329762/LOC111320751/LOC111321680/LOC111330961/LOC111333893/LOC111326058/LOC111334412/LOC111333767/LOC111321308,19
GO:0070374,positive regulation of ERK1 and ERK2 cascade,5/230,66/7572,0.0757575757575758,2.49407114624506,2.15760687563331,0.0495155868046686,0.262025077004916,0.223584958171707,LOC111322288/LOC111328749/LOC111333478/LOC111323636/LOC111338817,5
GO:0010715,regulation of extracellular matrix disassembly,2/230,12/7572,0.166666666666667,5.48695652173913,2.75305531589624,0.0496193667417947,0.262025077004916,0.223584958171707,LOC111340596/LOC111340622,2
GO:0014009,glial cell proliferation,2/230,12/7572,0.166666666666667,5.48695652173913,2.75305531589624,0.0496193667417947,0.262025077004916,0.223584958171707,LOC111329099/LOC111340883,2
GO:0042386,hemocyte differentiation,2/230,12/7572,0.166666666666667,5.48695652173913,2.75305531589624,0.0496193667417947,0.262025077004916,0.223584958171707,LOC111329099/LOC111339275,2
GO:0045117,azole transmembrane transport,2/230,12/7572,0.166666666666667,5.48695652173913,2.75305531589624,0.0496193667417947,0.262025077004916,0.223584958171707,LOC111342077/LOC111334761,2
GO:0046475,glycerophospholipid catabolic process,2/230,12/7572,0.166666666666667,5.48695652173913,2.75305531589624,0.0496193667417947,0.262025077004916,0.223584958171707,LOC111335819/LOC111331303,2
GO:0051953,negative regulation of amine transport,2/230,12/7572,0.166666666666667,5.48695652173913,2.75305531589624,0.0496193667417947,0.262025077004916,0.223584958171707,LOC111328749/LOC111323636,2
GO:0060269,centripetally migrating follicle cell migration,2/230,12/7572,0.166666666666667,5.48695652173913,2.75305531589624,0.0496193667417947,0.262025077004916,0.223584958171707,LOC111342023/LOC111323777,2
GO:0060561,apoptotic process involved in morphogenesis,2/230,12/7572,0.166666666666667,5.48695652173913,2.75305531589624,0.0496193667417947,0.262025077004916,0.223584958171707,LOC111329099/LOC111338817,2
GO:0060788,ectodermal placode formation,2/230,12/7572,0.166666666666667,5.48695652173913,2.75305531589624,0.0496193667417947,0.262025077004916,0.223584958171707,LOC111330631/LOC111344472,2
GO:0042110,T cell activation,6/230,88/7572,0.0681818181818182,2.24466403162055,2.07854742088633,0.0507264041500513,0.266851295109861,0.227703150924308,LOC111329099/LOC111326654/LOC111340883/LOC111328517/LOC111333893/LOC111333767,6
GO:0043588,skin development,7/230,111/7572,0.0630630630630631,2.07614571092832,2.02147046095854,0.0516793145250883,0.266851295109861,0.227703150924308,LOC111320871/LOC111320952/LOC111320822/LOC111336974/LOC111335693/LOC111326885/LOC111326544,7
GO:0008284,positive regulation of cell population proliferation,17/230,365/7572,0.0465753424657534,1.5333412745682,1.84845003886537,0.0518212800626989,0.266851295109861,0.227703150924308,LOC111328024/LOC111332158/LOC111322288/LOC111333478/LOC111338776/LOC111345144/LOC111321759/LOC111340883/LOC111327334/LOC111321593/LOC111331303/LOC111333893/LOC111325851/LOC111333767/LOC111344472/LOC111338817/LOC111340622,17
GO:0015908,fatty acid transport,3/230,28/7572,0.107142857142857,3.52732919254658,2.37122814232588,0.051863125461551,0.266851295109861,0.227703150924308,LOC111331664/LOC111346320/LOC111331303,3
GO:0021517,ventral spinal cord development,3/230,28/7572,0.107142857142857,3.52732919254658,2.37122814232588,0.051863125461551,0.266851295109861,0.227703150924308,LOC111340883/LOC111333767/LOC111331073,3
GO:0030148,sphingolipid biosynthetic process,3/230,28/7572,0.107142857142857,3.52732919254658,2.37122814232588,0.051863125461551,0.266851295109861,0.227703150924308,LOC111326885/LOC111323127/LOC111341830,3
GO:0032228,"regulation of synaptic transmission, GABAergic",3/230,28/7572,0.107142857142857,3.52732919254658,2.37122814232588,0.051863125461551,0.266851295109861,0.227703150924308,LOC111335693/LOC111324532/LOC111333012,3
GO:0035159,"regulation of tube length, open tracheal system",3/230,28/7572,0.107142857142857,3.52732919254658,2.37122814232588,0.051863125461551,0.266851295109861,0.227703150924308,LOC111332158/LOC111333893/LOC111334412,3
GO:0035215,genital disc development,3/230,28/7572,0.107142857142857,3.52732919254658,2.37122814232588,0.051863125461551,0.266851295109861,0.227703150924308,LOC111332158/LOC111339275/LOC111333767,3
GO:0042698,ovulation cycle,3/230,28/7572,0.107142857142857,3.52732919254658,2.37122814232588,0.051863125461551,0.266851295109861,0.227703150924308,LOC111327252/LOC111323527/LOC111331303,3
GO:0048483,autonomic nervous system development,3/230,28/7572,0.107142857142857,3.52732919254658,2.37122814232588,0.051863125461551,0.266851295109861,0.227703150924308,LOC111333478/LOC111340883/LOC111344472,3
GO:0061035,regulation of cartilage development,3/230,28/7572,0.107142857142857,3.52732919254658,2.37122814232588,0.051863125461551,0.266851295109861,0.227703150924308,LOC111327880/LOC111333767/LOC111324368,3
GO:0008277,regulation of G protein-coupled receptor signaling pathway,5/230,67/7572,0.0746268656716418,2.45684620376379,2.11986942329748,0.0522432788963194,0.267663437409228,0.228396148724783,LOC111328749/LOC111327334/LOC111323636/LOC111333893/LOC111326058,5
GO:0098754,detoxification,5/230,67/7572,0.0746268656716418,2.45684620376379,2.11986942329748,0.0522432788963194,0.267663437409228,0.228396148724783,LOC111336303/LOC111333170/LOC111322400/LOC111336999/LOC111329754,5
GO:0046661,male sex differentiation,8/230,135/7572,0.0592592592592593,1.95091787439614,1.97307845996553,0.0528605937001706,0.27025118817412,0.230604266181099,LOC111330631/LOC111332158/LOC111325642/LOC111329099/LOC111322288/LOC111335693/LOC111333901/LOC111339275,8
GO:0030178,negative regulation of Wnt signaling pathway,6/230,89/7572,0.0674157303370787,2.21944308744504,2.04810405733847,0.0530766479288223,0.270780864857212,0.231056237192376,LOC111328024/LOC111323862/LOC111336974/LOC111333893/LOC111333767/LOC111340596,6
GO:0006694,steroid biosynthetic process,4/230,47/7572,0.0851063829787234,2.80185013876041,2.19304576835139,0.0534945539542428,0.272335911039781,0.232383151927633,LOC111342143/LOC111331622/LOC111334900/LOC111342147,4
GO:0007565,female pregnancy,6/230,90/7572,0.0666666666666667,2.19478260869565,2.01806265722818,0.0554922460520585,0.279120206462764,0.238172164283667,LOC111343122/LOC111331664/LOC111321759/LOC111331303/LOC111333695/LOC111328842,6
GO:0010165,response to X-ray,3/230,29/7572,0.103448275862069,3.40569715142429,2.29721291936786,0.0565960012760543,0.279120206462764,0.238172164283667,LOC111320817/LOC111320821/LOC111320842,3
GO:0033077,T cell differentiation in thymus,3/230,29/7572,0.103448275862069,3.40569715142429,2.29721291936786,0.0565960012760543,0.279120206462764,0.238172164283667,LOC111329099/LOC111333893/LOC111333767,3
GO:0035214,eye-antennal disc development,3/230,29/7572,0.103448275862069,3.40569715142429,2.29721291936786,0.0565960012760543,0.279120206462764,0.238172164283667,LOC111329099/LOC111340398/LOC111331301,3
GO:0048333,mesodermal cell differentiation,3/230,29/7572,0.103448275862069,3.40569715142429,2.29721291936786,0.0565960012760543,0.279120206462764,0.238172164283667,LOC111324192/LOC111335693/LOC111326654,3
GO:0051124,synaptic assembly at neuromuscular junction,3/230,29/7572,0.103448275862069,3.40569715142429,2.29721291936786,0.0565960012760543,0.279120206462764,0.238172164283667,LOC111342023/LOC111336974/LOC111323777,3
GO:1903078,positive regulation of protein localization to plasma membrane,3/230,29/7572,0.103448275862069,3.40569715142429,2.29721291936786,0.0565960012760543,0.279120206462764,0.238172164283667,LOC111335693/LOC111331664/LOC111340596,3
GO:2001239,regulation of extrinsic apoptotic signaling pathway in absence of ligand,3/230,29/7572,0.103448275862069,3.40569715142429,2.29721291936786,0.0565960012760543,0.279120206462764,0.238172164283667,LOC111320817/LOC111320821/LOC111320842,3
GO:0070542,response to fatty acid,4/230,48/7572,0.0833333333333333,2.74347826086957,2.14459906775934,0.0570258039206423,0.279120206462764,0.238172164283667,LOC111327252/LOC111325671/LOC111338776/LOC111346320,4
GO:0098869,cellular oxidant detoxification,4/230,48/7572,0.0833333333333333,2.74347826086957,2.14459906775934,0.0570258039206423,0.279120206462764,0.238172164283667,LOC111336303/LOC111333170/LOC111322400/LOC111336999,4
GO:0055082,intracellular chemical homeostasis,15/230,316/7572,0.0474683544303798,1.56274078150798,1.80857550553171,0.057242935872576,0.279120206462764,0.238172164283667,LOC111324621/LOC111323945/LOC111328749/LOC111322161/LOC111340883/LOC111323527/LOC111327334/LOC111329755/LOC111330961/LOC111323636/LOC111333893/LOC111328120/LOC111333012/LOC111326058/LOC111329754,15
GO:0006953,acute-phase response,2/230,13/7572,0.153846153846154,5.06488294314381,2.59609689760768,0.0574931986733934,0.279120206462764,0.238172164283667,LOC111327252/LOC111322161,2
GO:0007362,terminal region determination,2/230,13/7572,0.153846153846154,5.06488294314381,2.59609689760768,0.0574931986733934,0.279120206462764,0.238172164283667,LOC111327880/LOC111336934,2
GO:0021783,preganglionic parasympathetic fiber development,2/230,13/7572,0.153846153846154,5.06488294314381,2.59609689760768,0.0574931986733934,0.279120206462764,0.238172164283667,LOC111333478/LOC111344472,2
GO:0021904,dorsal/ventral neural tube patterning,2/230,13/7572,0.153846153846154,5.06488294314381,2.59609689760768,0.0574931986733934,0.279120206462764,0.238172164283667,LOC111325851/LOC111333767,2
GO:0034109,homotypic cell-cell adhesion,2/230,13/7572,0.153846153846154,5.06488294314381,2.59609689760768,0.0574931986733934,0.279120206462764,0.238172164283667,LOC111332158/LOC111323127,2
GO:0035277,"spiracle morphogenesis, open tracheal system",2/230,13/7572,0.153846153846154,5.06488294314381,2.59609689760768,0.0574931986733934,0.279120206462764,0.238172164283667,LOC111333767/LOC111327558,2
GO:0045198,establishment of epithelial cell apical/basal polarity,2/230,13/7572,0.153846153846154,5.06488294314381,2.59609689760768,0.0574931986733934,0.279120206462764,0.238172164283667,LOC111333893/LOC111334412,2
GO:0048486,parasympathetic nervous system development,2/230,13/7572,0.153846153846154,5.06488294314381,2.59609689760768,0.0574931986733934,0.279120206462764,0.238172164283667,LOC111333478/LOC111344472,2
GO:0051281,positive regulation of release of sequestered calcium ion into cytosol,2/230,13/7572,0.153846153846154,5.06488294314381,2.59609689760768,0.0574931986733934,0.279120206462764,0.238172164283667,LOC111323945/LOC111327334,2
GO:0061550,cranial ganglion development,2/230,13/7572,0.153846153846154,5.06488294314381,2.59609689760768,0.0574931986733934,0.279120206462764,0.238172164283667,LOC111330631/LOC111333478,2
GO:0071071,regulation of phospholipid biosynthetic process,2/230,13/7572,0.153846153846154,5.06488294314381,2.59609689760768,0.0574931986733934,0.279120206462764,0.238172164283667,LOC111322288/LOC111331664,2
GO:0097205,renal filtration,2/230,13/7572,0.153846153846154,5.06488294314381,2.59609689760768,0.0574931986733934,0.279120206462764,0.238172164283667,LOC111328024/LOC111335693,2
GO:0055080,monoatomic cation homeostasis,14/230,290/7572,0.0482758620689655,1.58932533733133,1.81118213651103,0.057969239030986,0.280321008273273,0.239196803702321,LOC111323945/LOC111328749/LOC111333901/LOC111322161/LOC111323527/LOC111327334/LOC111329755/LOC111330961/LOC111323636/LOC111333893/LOC111328120/LOC111333012/LOC111326058/LOC111329754,14
GO:0003205,cardiac chamber development,6/230,91/7572,0.0659340659340659,2.17066411849021,1.98841269395187,0.0579733646678114,0.280321008273273,0.239196803702321,LOC111333478/LOC111340366/LOC111340883/LOC111333893/LOC111340596/LOC111344472,6
GO:0001667,ameboidal-type cell migration,12/230,238/7572,0.0504201680672269,1.65991962002192,1.83080638031915,0.0584098317227569,0.281301749576797,0.240033666363835,LOC111324192/LOC111342023/LOC111322288/LOC111335693/LOC111333478/LOC111323777/LOC111339275/LOC111328517/LOC111333893/LOC111325851/LOC111324368/LOC111344472,12
GO:0032787,monocarboxylic acid metabolic process,12/230,238/7572,0.0504201680672269,1.65991962002192,1.83080638031915,0.0584098317227569,0.281301749576797,0.240033666363835,LOC111335819/LOC111326885/LOC111331664/LOC111334156/LOC111342143/LOC111346320/LOC111331622/LOC111331303/LOC111334900/LOC111341830/LOC111328842/LOC111342147,12
GO:0043408,regulation of MAPK cascade,16/230,344/7572,0.0465116279069768,1.53124368048534,1.78483172654418,0.0587183168333117,0.282222967933362,0.240819738330968,LOC111325642/LOC111323862/LOC111322288/LOC111323945/LOC111328749/LOC111326885/LOC111327625/LOC111333478/LOC111339275/LOC111326819/LOC111323636/LOC111333893/LOC111325220/LOC111343646/LOC111344472/LOC111338817,16
GO:0040017,positive regulation of locomotion,15/230,318/7572,0.0471698113207547,1.55291222313372,1.78284803336934,0.0598113137358528,0.286903672262816,0.244813764756521,LOC111323862/LOC111333735/LOC111322288/LOC111328749/LOC111335693/LOC111333478/LOC111333901/LOC111323127/LOC111345144/LOC111321759/LOC111323636/LOC111326544/LOC111333893/LOC111326058/LOC111340622,15
GO:0017015,regulation of transforming growth factor beta receptor signaling pathway,5/230,70/7572,0.0714285714285714,2.35155279503106,2.01060545315021,0.0609436066557019,0.291072219149291,0.248370769268848,LOC111327880/LOC111336934/LOC111335693/LOC111321680/LOC111326544,5
GO:0071356,cellular response to tumor necrosis factor,5/230,70/7572,0.0714285714285714,2.35155279503106,2.01060545315021,0.0609436066557019,0.291072219149291,0.248370769268848,LOC111320817/LOC111320821/LOC111325671/LOC111320842/LOC111334113,5
GO:0006721,terpenoid metabolic process,3/230,30/7572,0.1,3.29217391304348,2.22637481163772,0.0615264782171882,0.291072219149291,0.248370769268848,LOC111336828/LOC111325671/LOC111340596,3
GO:0007443,Malpighian tubule morphogenesis,3/230,30/7572,0.1,3.29217391304348,2.22637481163772,0.0615264782171882,0.291072219149291,0.248370769268848,LOC111322288/LOC111339275/LOC111320751,3
GO:0048619,embryonic hindgut morphogenesis,3/230,30/7572,0.1,3.29217391304348,2.22637481163772,0.0615264782171882,0.291072219149291,0.248370769268848,LOC111322288/LOC111339275/LOC111320751,3
GO:0060350,endochondral bone morphogenesis,3/230,30/7572,0.1,3.29217391304348,2.22637481163772,0.0615264782171882,0.291072219149291,0.248370769268848,LOC111320817/LOC111320821/LOC111320842,3
GO:0070373,negative regulation of ERK1 and ERK2 cascade,3/230,30/7572,0.1,3.29217391304348,2.22637481163772,0.0615264782171882,0.291072219149291,0.248370769268848,LOC111327625/LOC111326819/LOC111325220,3
GO:0006898,receptor-mediated endocytosis,7/230,116/7572,0.0603448275862069,1.98665667166417,1.89528904719086,0.0626422445474505,0.294817581958226,0.251566672487523,LOC111319860/LOC111336974/LOC111325671/LOC111340366/LOC111338418/LOC111340596/LOC111330877,7
GO:0048588,developmental cell growth,7/230,116/7572,0.0603448275862069,1.98665667166417,1.89528904719086,0.0626422445474505,0.294817581958226,0.251566672487523,LOC111324192/LOC111342023/LOC111333478/LOC111323777/LOC111321759/LOC111333893/LOC111340622,7
GO:0006873,intracellular monoatomic ion homeostasis,13/230,267/7572,0.048689138576779,1.60293111871031,1.77519706414474,0.0627292191981029,0.294817581958226,0.251566672487523,LOC111323945/LOC111328749/LOC111322161/LOC111323527/LOC111327334/LOC111329755/LOC111330961/LOC111323636/LOC111333893/LOC111328120/LOC111333012/LOC111326058/LOC111329754,13
GO:0045017,glycerolipid biosynthetic process,8/230,140/7572,0.0571428571428571,1.88124223602484,1.8626867365183,0.0628078984819643,0.294817581958226,0.251566672487523,LOC111324979/LOC111346087/LOC111331664/LOC111323127/LOC111329762/LOC111346320/LOC111331303/LOC111338817,8
GO:0030516,regulation of axon extension,6/230,93/7572,0.0645161290322581,2.12398316970547,1.93024691458782,0.0631325994455288,0.295765174056096,0.252375249063429,LOC111342023/LOC111333478/LOC111333901/LOC111323777/LOC111333893/LOC111340622,6
GO:0010565,regulation of ketone metabolic process,5/230,71/7572,0.0704225352112676,2.31843233312921,1.97542610097995,0.0640158836708104,0.298740790463782,0.254914330733215,LOC111320024/LOC111331664/LOC111346320/LOC111331303/LOC111326058,5
GO:0048066,developmental pigmentation,5/230,71/7572,0.0704225352112676,2.31843233312921,1.97542610097995,0.0640158836708104,0.298740790463782,0.254914330733215,LOC111330589/LOC111325851/LOC111331301/LOC111333767/LOC111334761,5
GO:0048644,muscle organ morphogenesis,4/230,50/7572,0.08,2.63373913043478,2.05132465466826,0.0644542159348309,0.298800522484811,0.254965299829669,LOC111320822/LOC111333893/LOC111325851/LOC111344472,4
GO:1990748,cellular detoxification,4/230,50/7572,0.08,2.63373913043478,2.05132465466826,0.0644542159348309,0.298800522484811,0.254965299829669,LOC111336303/LOC111333170/LOC111322400/LOC111336999,4
GO:0051604,protein maturation,8/230,141/7572,0.0567375886524823,1.86790009250694,1.84114931778155,0.0649287820903416,0.298800522484811,0.254965299829669,LOC111327880/LOC111323911/LOC111336934/LOC111326544/LOC111344752/LOC111328207/LOC111333767/LOC111321502,8
GO:0008361,regulation of cell size,10/230,191/7572,0.0523560209424084,1.72365126337355,1.79275836100684,0.0653940529937168,0.298800522484811,0.254965299829669,LOC111336828/LOC111342023/LOC111333478/LOC111333901/LOC111323777/LOC111321593/LOC111328517/LOC111333893/LOC111326058/LOC111340622,10
GO:0010954,positive regulation of protein processing,2/230,14/7572,0.142857142857143,4.70310559006211,2.45448295621075,0.0657658957296303,0.298800522484811,0.254965299829669,LOC111328749/LOC111323636,2
GO:0021801,cerebral cortex radial glia-guided migration,2/230,14/7572,0.142857142857143,4.70310559006211,2.45448295621075,0.0657658957296303,0.298800522484811,0.254965299829669,LOC111321759/LOC111333767,2
GO:0032967,positive regulation of collagen biosynthetic process,2/230,14/7572,0.142857142857143,4.70310559006211,2.45448295621075,0.0657658957296303,0.298800522484811,0.254965299829669,LOC111322288/LOC111327334,2
GO:0042590,antigen processing and presentation of exogenous peptide antigen via MHC class I,2/230,14/7572,0.142857142857143,4.70310559006211,2.45448295621075,0.0657658957296303,0.298800522484811,0.254965299829669,LOC111322266/LOC111322261,2
GO:0048485,sympathetic nervous system development,2/230,14/7572,0.142857142857143,4.70310559006211,2.45448295621075,0.0657658957296303,0.298800522484811,0.254965299829669,LOC111333478/LOC111340883,2
GO:0051014,actin filament severing,2/230,14/7572,0.142857142857143,4.70310559006211,2.45448295621075,0.0657658957296303,0.298800522484811,0.254965299829669,LOC111330205/LOC111321894,2
GO:0051016,barbed-end actin filament capping,2/230,14/7572,0.142857142857143,4.70310559006211,2.45448295621075,0.0657658957296303,0.298800522484811,0.254965299829669,LOC111330205/LOC111321894,2
GO:0060445,branching involved in salivary gland morphogenesis,2/230,14/7572,0.142857142857143,4.70310559006211,2.45448295621075,0.0657658957296303,0.298800522484811,0.254965299829669,LOC111322288/LOC111333478,2
GO:0072148,epithelial cell fate commitment,2/230,14/7572,0.142857142857143,4.70310559006211,2.45448295621075,0.0657658957296303,0.298800522484811,0.254965299829669,LOC111329099/LOC111333478,2
GO:0090103,cochlea morphogenesis,2/230,14/7572,0.142857142857143,4.70310559006211,2.45448295621075,0.0657658957296303,0.298800522484811,0.254965299829669,LOC111333893/LOC111344472,2
GO:0010004,gastrulation involving germ band extension,3/230,31/7572,0.0967741935483871,3.1859747545582,2.15846429785887,0.0666501341474635,0.30054966859006,0.256457839258523,LOC111327880/LOC111336934/LOC111343646,3
GO:0030595,leukocyte chemotaxis,3/230,31/7572,0.0967741935483871,3.1859747545582,2.15846429785887,0.0666501341474635,0.30054966859006,0.256457839258523,LOC111322288/LOC111323527/LOC111324532,3
GO:0090207,regulation of triglyceride metabolic process,3/230,31/7572,0.0967741935483871,3.1859747545582,2.15846429785887,0.0666501341474635,0.30054966859006,0.256457839258523,LOC111328749/LOC111346320/LOC111323636,3
GO:0097529,myeloid leukocyte migration,3/230,31/7572,0.0967741935483871,3.1859747545582,2.15846429785887,0.0666501341474635,0.30054966859006,0.256457839258523,LOC111323862/LOC111322288/LOC111333170,3
GO:0030278,regulation of ossification,5/230,72/7572,0.0694444444444444,2.28623188405797,1.9408333156343,0.0671739223341068,0.302251556216662,0.257910053215127,LOC111336974/LOC111321680/LOC111331303/LOC111333893/LOC111333767,5
GO:0008610,lipid biosynthetic process,13/230,270/7572,0.0481481481481482,1.58512077294686,1.73276567190064,0.0672785856030444,0.302251556216662,0.257910053215127,LOC111346087/LOC111326885/LOC111331664/LOC111323127/LOC111329762/LOC111342143/LOC111346320/LOC111331622/LOC111331303/LOC111334900/LOC111341830/LOC111338817/LOC111342147,13
GO:0014706,striated muscle tissue development,9/230,167/7572,0.0538922155688623,1.77422546211924,1.79059144460811,0.0676682961687297,0.303436233099257,0.258920933296796,LOC111330631/LOC111330205/LOC111335693/LOC111326654/LOC111321759/LOC111320751/LOC111325851/LOC111333695/LOC111344472,9
GO:0034097,response to cytokine,18/230,406/7572,0.0443349753694581,1.45958449346755,1.68470293672942,0.067942731400738,0.303662994950987,0.259114428284808,LOC111320817/LOC111332158/LOC111325642/LOC111320871/LOC111320821/LOC111320822/LOC111322288/LOC111325671/LOC111322266/LOC111320842/LOC111331664/LOC111338776/LOC111345144/LOC111346320/LOC111322261/LOC111333695/LOC111334113/LOC111338817,18
GO:0045197,establishment or maintenance of epithelial cell apical/basal polarity,4/230,51/7572,0.0784313725490196,2.58209718670077,2.00638283179613,0.0683493950429546,0.303662994950987,0.259114428284808,LOC111340617/LOC111331622/LOC111333893/LOC111334412,4
GO:0051928,positive regulation of calcium ion transport,4/230,51/7572,0.0784313725490196,2.58209718670077,2.00638283179613,0.0683493950429546,0.303662994950987,0.259114428284808,LOC111322288/LOC111323945/LOC111327334/LOC111326058,4
GO:0060563,neuroepithelial cell differentiation,4/230,51/7572,0.0784313725490196,2.58209718670077,2.00638283179613,0.0683493950429546,0.303662994950987,0.259114428284808,LOC111329099/LOC111326654/LOC111340883/LOC111326058,4
GO:1904888,cranial skeletal system development,4/230,51/7572,0.0784313725490196,2.58209718670077,2.00638283179613,0.0683493950429546,0.303662994950987,0.259114428284808,LOC111330631/LOC111333767/LOC111344472/LOC111338817,4
GO:0051048,negative regulation of secretion,6/230,95/7572,0.0631578947368421,2.07926773455378,1.87353002335244,0.0685547706318792,0.304014526117063,0.259414388433514,LOC111325642/LOC111323945/LOC111328749/LOC111333901/LOC111331664/LOC111323636,6
GO:0031667,response to nutrient levels,17/230,380/7572,0.0447368421052632,1.47281464530892,1.67375246722952,0.0699917754787237,0.309816535574939,0.264365220074436,LOC111320817/LOC111325642/LOC111320821/LOC111327252/LOC111323945/LOC111327625/LOC111320842/LOC111331664/LOC111338776/LOC111346320/LOC111329755/LOC111326819/LOC111331303/LOC111333893/LOC111328120/LOC111325220/LOC111326058,17
GO:0090130,tissue migration,9/230,169/7572,0.0532544378698225,1.75322871108824,1.75266814937134,0.0717734944257522,0.315637815598031,0.269332495212168,LOC111324192/LOC111342023/LOC111322288/LOC111335693/LOC111333478/LOC111323777/LOC111339275/LOC111333893/LOC111324368,9
GO:0006672,ceramide metabolic process,3/230,32/7572,0.09375,3.08641304347826,2.09325894799112,0.0719622760645013,0.315637815598031,0.269332495212168,LOC111335819/LOC111326885/LOC111323127,3
GO:0007367,segment polarity determination,3/230,32/7572,0.09375,3.08641304347826,2.09325894799112,0.0719622760645013,0.315637815598031,0.269332495212168,LOC111333893/LOC111325851/LOC111333767,3
GO:0031102,neuron projection regeneration,3/230,32/7572,0.09375,3.08641304347826,2.09325894799112,0.0719622760645013,0.315637815598031,0.269332495212168,LOC111332158/LOC111321759/LOC111328517,3
GO:0051148,negative regulation of muscle cell differentiation,3/230,32/7572,0.09375,3.08641304347826,2.09325894799112,0.0719622760645013,0.315637815598031,0.269332495212168,LOC111322288/LOC111333893/LOC111322526,3
GO:0021766,hippocampus development,4/230,52/7572,0.0769230769230769,2.53244147157191,1.96250150770674,0.072363660409046,0.316821262299968,0.270342325585565,LOC111342023/LOC111345144/LOC111326058/LOC111333767,4
GO:0030111,regulation of Wnt signaling pathway,10/230,195/7572,0.0512820512820513,1.68829431438127,1.72339547006683,0.0729649569855626,0.318874076989537,0.272093984212089,LOC111328024/LOC111323862/LOC111336974/LOC111335693/LOC111323127/LOC111340883/LOC111333893/LOC111333767/LOC111340596/LOC111340622,10
GO:0007432,salivary gland boundary specification,2/230,15/7572,0.133333333333333,4.3895652173913,2.32567092716824,0.0744061971108569,0.321669879071712,0.274479631031641,LOC111335693/LOC111333901,2
GO:0042759,long-chain fatty acid biosynthetic process,2/230,15/7572,0.133333333333333,4.3895652173913,2.32567092716824,0.0744061971108569,0.321669879071712,0.274479631031641,LOC111326885/LOC111331622,2
GO:0045467,R7 cell development,2/230,15/7572,0.133333333333333,4.3895652173913,2.32567092716824,0.0744061971108569,0.321669879071712,0.274479631031641,LOC111342023/LOC111323777,2
GO:0046471,phosphatidylglycerol metabolic process,2/230,15/7572,0.133333333333333,4.3895652173913,2.32567092716824,0.0744061971108569,0.321669879071712,0.274479631031641,LOC111331664/LOC111331303,2
GO:0072210,metanephric nephron development,2/230,15/7572,0.133333333333333,4.3895652173913,2.32567092716824,0.0744061971108569,0.321669879071712,0.274479631031641,LOC111322288/LOC111321759,2
GO:1904036,negative regulation of epithelial cell apoptotic process,2/230,15/7572,0.133333333333333,4.3895652173913,2.32567092716824,0.0744061971108569,0.321669879071712,0.274479631031641,LOC111338776/LOC111340622,2
GO:0006909,phagocytosis,7/230,121/7572,0.0578512396694215,1.90456342076895,1.77524286574227,0.0749252672919255,0.322754997565217,0.275405558335069,LOC111336303/LOC111328749/LOC111322400/LOC111327210/LOC111323636/LOC111325968/LOC111340596,7
GO:0009913,epidermal cell differentiation,7/230,121/7572,0.0578512396694215,1.90456342076895,1.77524286574227,0.0749252672919255,0.322754997565217,0.275405558335069,LOC111329099/LOC111320952/LOC111340398/LOC111326544/LOC111333893/LOC111326058/LOC111334412,7
GO:0061061,muscle structure development,16/230,357/7572,0.0448179271708684,1.47548410668615,1.6288657680643,0.0763054983435544,0.327178635835237,0.27918023131246,LOC111336303/LOC111330631/LOC111324192/LOC111330205/LOC111320822/LOC111322288/LOC111335693/LOC111322400/LOC111326654/LOC111333901/LOC111321759/LOC111320751/LOC111333893/LOC111325851/LOC111333695/LOC111344472,16
GO:0008347,glial cell migration,4/230,53/7572,0.0754716981132075,2.48465955701395,1.91963262197056,0.0764956694249329,0.327178635835237,0.27918023131246,LOC111324192/LOC111333901/LOC111321759/LOC111333767,4
GO:0048678,response to axon injury,4/230,53/7572,0.0754716981132075,2.48465955701395,1.91963262197056,0.0764956694249329,0.327178635835237,0.27918023131246,LOC111332158/LOC111322288/LOC111321759/LOC111328517,4
GO:1903036,positive regulation of response to wounding,4/230,53/7572,0.0754716981132075,2.48465955701395,1.91963262197056,0.0764956694249329,0.327178635835237,0.27918023131246,LOC111328393/LOC111323127/LOC111320751/LOC111327334,4
GO:0021761,limbic system development,5/230,75/7572,0.0666666666666667,2.19478260869565,1.84038684234153,0.0771591474697617,0.32806574932577,0.279937201732778,LOC111342023/LOC111333478/LOC111345144/LOC111326058/LOC111333767,5
GO:0090090,negative regulation of canonical Wnt signaling pathway,5/230,75/7572,0.0666666666666667,2.19478260869565,1.84038684234153,0.0771591474697617,0.32806574932577,0.279937201732778,LOC111328024/LOC111323862/LOC111336974/LOC111333893/LOC111333767,5
GO:0061387,regulation of extent of cell growth,6/230,98/7572,0.0612244897959184,2.01561668145519,1.79101683306857,0.0771801823545088,0.32806574932577,0.279937201732778,LOC111342023/LOC111333478/LOC111333901/LOC111323777/LOC111333893/LOC111340622,6
GO:0001934,positive regulation of protein phosphorylation,19/230,441/7572,0.0430839002267574,1.41839692398699,1.60238145668368,0.0772480398121727,0.32806574932577,0.279937201732778,LOC111325642/LOC111323862/LOC111322288/LOC111323945/LOC111336974/LOC111328749/LOC111326885/LOC111333478/LOC111323127/LOC111345144/LOC111339275/LOC111346320/LOC111327334/LOC111323636/LOC111333893/LOC111326058/LOC111343646/LOC111344472/LOC111338817,19
GO:0060135,maternal process involved in female pregnancy,3/230,33/7572,0.0909090909090909,2.99288537549407,2.03055973208556,0.0774579710373461,0.328378158904805,0.280203779586545,LOC111331303/LOC111333695/LOC111328842,3
GO:0045937,positive regulation of phosphate metabolic process,21/230,500/7572,0.042,1.38271304347826,1.56718581147143,0.0805591902416168,0.339745407072316,0.289903407328712,LOC111325642/LOC111323862/LOC111322288/LOC111323945/LOC111336974/LOC111328749/LOC111335693/LOC111326885/LOC111333478/LOC111331664/LOC111323127/LOC111345144/LOC111339275/LOC111346320/LOC111327334/LOC111323636/LOC111333893/LOC111326058/LOC111343646/LOC111344472/LOC111338817,21
GO:0030879,mammary gland development,4/230,54/7572,0.0740740740740741,2.43864734299517,1.87773118148189,0.0807439506136596,0.339745407072316,0.289903407328712,LOC111336828/LOC111325851/LOC111326058/LOC111333767,4
GO:0051781,positive regulation of cell division,4/230,54/7572,0.0740740740740741,2.43864734299517,1.87773118148189,0.0807439506136596,0.339745407072316,0.289903407328712,LOC111330205/LOC111322288/LOC111341087/LOC111328517,4
GO:0072009,nephron epithelium development,4/230,54/7572,0.0740740740740741,2.43864734299517,1.87773118148189,0.0807439506136596,0.339745407072316,0.289903407328712,LOC111322288/LOC111321759/LOC111330961/LOC111333767,4
GO:0030900,forebrain development,11/230,226/7572,0.0486725663716814,1.60238553289727,1.62718391204981,0.0828080538315682,0.339745407072316,0.289903407328712,LOC111332158/LOC111325642/LOC111342023/LOC111320822/LOC111333478/LOC111345144/LOC111321759/LOC111331301/LOC111326058/LOC111333767/LOC111340622,11
GO:0016203,muscle attachment,3/230,34/7572,0.0882352941176471,2.90485933503836,1.97018792747385,0.0831320752189033,0.339745407072316,0.289903407328712,LOC111336303/LOC111335693/LOC111322400,3
GO:0035112,genitalia morphogenesis,3/230,34/7572,0.0882352941176471,2.90485933503836,1.97018792747385,0.0831320752189033,0.339745407072316,0.289903407328712,LOC111332158/LOC111323862/LOC111339275,3
GO:0046470,phosphatidylcholine metabolic process,3/230,34/7572,0.0882352941176471,2.90485933503836,1.97018792747385,0.0831320752189033,0.339745407072316,0.289903407328712,LOC111335819/LOC111329762/LOC111331303,3
GO:0050728,negative regulation of inflammatory response,3/230,34/7572,0.0882352941176471,2.90485933503836,1.97018792747385,0.0831320752189033,0.339745407072316,0.289903407328712,LOC111332789/LOC111327334/LOC111324532,3
GO:2001238,positive regulation of extrinsic apoptotic signaling pathway,3/230,34/7572,0.0882352941176471,2.90485933503836,1.97018792747385,0.0831320752189033,0.339745407072316,0.289903407328712,LOC111327625/LOC111326819/LOC111325220,3
GO:0007412,axon target recognition,2/230,16/7572,0.125,4.11521739130435,2.20767798276307,0.0833843586294597,0.339745407072316,0.289903407328712,LOC111342023/LOC111323777,2
GO:0009395,phospholipid catabolic process,2/230,16/7572,0.125,4.11521739130435,2.20767798276307,0.0833843586294597,0.339745407072316,0.289903407328712,LOC111335819/LOC111331303,2
GO:0014059,regulation of dopamine secretion,2/230,16/7572,0.125,4.11521739130435,2.20767798276307,0.0833843586294597,0.339745407072316,0.289903407328712,LOC111328749/LOC111323636,2
GO:0030859,polarized epithelial cell differentiation,2/230,16/7572,0.125,4.11521739130435,2.20767798276307,0.0833843586294597,0.339745407072316,0.289903407328712,LOC111333893/LOC111334412,2
GO:0032330,regulation of chondrocyte differentiation,2/230,16/7572,0.125,4.11521739130435,2.20767798276307,0.0833843586294597,0.339745407072316,0.289903407328712,LOC111333767/LOC111324368,2
GO:0032965,regulation of collagen biosynthetic process,2/230,16/7572,0.125,4.11521739130435,2.20767798276307,0.0833843586294597,0.339745407072316,0.289903407328712,LOC111322288/LOC111327334,2
GO:0045923,positive regulation of fatty acid metabolic process,2/230,16/7572,0.125,4.11521739130435,2.20767798276307,0.0833843586294597,0.339745407072316,0.289903407328712,LOC111346320/LOC111331303,2
GO:0045992,negative regulation of embryonic development,2/230,16/7572,0.125,4.11521739130435,2.20767798276307,0.0833843586294597,0.339745407072316,0.289903407328712,LOC111328024/LOC111333893,2
GO:0046847,filopodium assembly,2/230,16/7572,0.125,4.11521739130435,2.20767798276307,0.0833843586294597,0.339745407072316,0.289903407328712,LOC111335693/LOC111340398,2
GO:0051354,negative regulation of oxidoreductase activity,2/230,16/7572,0.125,4.11521739130435,2.20767798276307,0.0833843586294597,0.339745407072316,0.289903407328712,LOC111324532/LOC111326058,2
GO:0060037,pharyngeal system development,2/230,16/7572,0.125,4.11521739130435,2.20767798276307,0.0833843586294597,0.339745407072316,0.289903407328712,LOC111330631/LOC111344472,2
GO:0071404,cellular response to low-density lipoprotein particle stimulus,2/230,16/7572,0.125,4.11521739130435,2.20767798276307,0.0833843586294597,0.339745407072316,0.289903407328712,LOC111342143/LOC111342147,2
GO:2001028,positive regulation of endothelial cell chemotaxis,2/230,16/7572,0.125,4.11521739130435,2.20767798276307,0.0833843586294597,0.339745407072316,0.289903407328712,LOC111322288/LOC111340622,2
GO:0001841,neural tube formation,5/230,77/7572,0.0649350649350649,2.13777526821005,1.7760262657625,0.0842371484513724,0.34206248477387,0.291880560534444,LOC111330856/LOC111340883/LOC111333893/LOC111325851/LOC111331301,5
GO:0010594,regulation of endothelial cell migration,5/230,77/7572,0.0649350649350649,2.13777526821005,1.7760262657625,0.0842371484513724,0.34206248477387,0.291880560534444,LOC111322288/LOC111333478/LOC111323127/LOC111338817/LOC111340622,5
GO:0042327,positive regulation of phosphorylation,20/230,475/7572,0.0421052631578947,1.38617848970252,1.5386180853608,0.0851064453784726,0.344432671324083,0.293903031309936,LOC111325642/LOC111323862/LOC111322288/LOC111323945/LOC111336974/LOC111328749/LOC111335693/LOC111326885/LOC111333478/LOC111323127/LOC111345144/LOC111339275/LOC111346320/LOC111327334/LOC111323636/LOC111333893/LOC111326058/LOC111343646/LOC111344472/LOC111338817,20
GO:0035567,non-canonical Wnt signaling pathway,4/230,55/7572,0.0727272727272727,2.39430830039526,1.8367550111872,0.0851069100655437,0.344432671324083,0.293903031309936,LOC111323862/LOC111333893/LOC111322245/LOC111330060,4
GO:0098771,inorganic ion homeostasis,14/230,308/7572,0.0454545454545455,1.49644268774704,1.57430875171422,0.0855114569555184,0.345489242196121,0.294804599041278,LOC111323945/LOC111328749/LOC111333901/LOC111322161/LOC111323527/LOC111327334/LOC111329755/LOC111330961/LOC111323636/LOC111333893/LOC111328120/LOC111333012/LOC111326058/LOC111329754,14
GO:0010975,regulation of neuron projection development,17/230,391/7572,0.0434782608695652,1.43137996219282,1.55020536079741,0.0857790741019735,0.345989967232081,0.295231865726972,LOC111328393/LOC111336303/LOC111342023/LOC111336974/LOC111335693/LOC111322400/LOC111333478/LOC111333901/LOC111323777/LOC111345144/LOC111320751/LOC111346320/LOC111332747/LOC111326544/LOC111333893/LOC111340596/LOC111340622,17
GO:0051222,positive regulation of protein transport,11/230,228/7572,0.0482456140350877,1.5883295194508,1.59644911367539,0.0868394887325514,0.349681419511679,0.298381767304947,LOC111323945/LOC111328749/LOC111331664/LOC111338776/LOC111340883/LOC111320751/LOC111323527/LOC111323636/LOC111331301/LOC111333767/LOC111340596,11
GO:0048534,hematopoietic or lymphoid organ development,16/230,364/7572,0.043956043956044,1.4471094123268,1.54735679489271,0.0870878162303571,0.350095929019532,0.298735466622717,LOC111327880/LOC111343122/LOC111330631/LOC111324192/LOC111329099/LOC111322288/LOC111326654/LOC111333478/LOC111340398/LOC111345144/LOC111340883/LOC111339275/LOC111323527/LOC111333893/LOC111333767/LOC111344472,16
GO:0002683,negative regulation of immune system process,9/230,176/7572,0.0511363636363636,1.68349802371542,1.62378489396173,0.087341501849017,0.350530560754055,0.299106336156634,LOC111329099/LOC111342023/LOC111327252/LOC111320822/LOC111328749/LOC111338418/LOC111323636/LOC111324532/LOC111333767,9
GO:0048592,eye morphogenesis,12/230,255/7572,0.0470588235294118,1.54925831202046,1.57911424623168,0.0875433359014813,0.350674403539125,0.299229076634189,LOC111332158/LOC111329099/LOC111342023/LOC111322288/LOC111323777/LOC111340398/LOC111329762/LOC111321680/LOC111330961/LOC111333893/LOC111334412/LOC111333767,12
GO:0030308,negative regulation of cell growth,5/230,78/7572,0.0641025641025641,2.11036789297659,1.7445792527499,0.0879007132696016,0.350674403539125,0.299229076634189,LOC111342023/LOC111332789/LOC111333478/LOC111333901/LOC111340622,5
GO:1905330,regulation of morphogenesis of an epithelium,5/230,78/7572,0.0641025641025641,2.11036789297659,1.7445792527499,0.0879007132696016,0.350674403539125,0.299229076634189,LOC111328024/LOC111330631/LOC111323862/LOC111323127/LOC111333893,5
GO:0021543,pallium development,7/230,126/7572,0.0555555555555556,1.82898550724638,1.66074917621763,0.0885319989973039,0.350674403539125,0.299229076634189,LOC111342023/LOC111320822/LOC111333478/LOC111345144/LOC111321759/LOC111326058/LOC111333767,7
GO:0030534,adult behavior,8/230,151/7572,0.0529801324503311,1.74419809962568,1.63485472019965,0.0885737362045746,0.350674403539125,0.299229076634189,LOC111332158/LOC111323945/LOC111342143/LOC111322311/LOC111324410/LOC111331301/LOC111331073/LOC111342147,8
GO:0008078,mesodermal cell migration,3/230,35/7572,0.0857142857142857,2.82186335403727,1.91198251277455,0.0889792610308992,0.350674403539125,0.299229076634189,LOC111324192/LOC111335693/LOC111328517,3
GO:0042067,establishment of ommatidial planar polarity,3/230,35/7572,0.0857142857142857,2.82186335403727,1.91198251277455,0.0889792610308992,0.350674403539125,0.299229076634189,LOC111329762/LOC111333893/LOC111334412,3
GO:0048538,thymus development,3/230,35/7572,0.0857142857142857,2.82186335403727,1.91198251277455,0.0889792610308992,0.350674403539125,0.299229076634189,LOC111330631/LOC111333478/LOC111344472,3
GO:0071346,cellular response to type II interferon,3/230,35/7572,0.0857142857142857,2.82186335403727,1.91198251277455,0.0889792610308992,0.350674403539125,0.299229076634189,LOC111332158/LOC111322266/LOC111322261,3
GO:0090102,cochlea development,3/230,35/7572,0.0857142857142857,2.82186335403727,1.91198251277455,0.0889792610308992,0.350674403539125,0.299229076634189,LOC111333893/LOC111326058/LOC111344472,3
GO:1902041,regulation of extrinsic apoptotic signaling pathway via death domain receptors,3/230,35/7572,0.0857142857142857,2.82186335403727,1.91198251277455,0.0889792610308992,0.350674403539125,0.299229076634189,LOC111327625/LOC111326819/LOC111325220,3
GO:0007492,endoderm development,4/230,56/7572,0.0714285714285714,2.35155279503106,1.79666452922802,0.0895828378471944,0.352476263947785,0.300766596968909,LOC111324192/LOC111335693/LOC111321759/LOC111321489,4
GO:0010634,positive regulation of epithelial cell migration,5/230,79/7572,0.0632911392405063,2.08365437534397,1.71360144296803,0.0916463680055871,0.359420935109859,0.306692457306542,LOC111322288/LOC111335693/LOC111333478/LOC111323127/LOC111340622,5
GO:0035315,hair cell differentiation,5/230,79/7572,0.0632911392405063,2.08365437534397,1.71360144296803,0.0916463680055871,0.359420935109859,0.306692457306542,LOC111329099/LOC111340398/LOC111333893/LOC111326058/LOC111334412,5
GO:0032026,response to magnesium ion,2/230,17/7572,0.117647058823529,3.87314578005115,2.09893137522784,0.0926720900723143,0.360507904513946,0.307619963984623,LOC111328749/LOC111323636,2
GO:0035089,establishment of apical/basal cell polarity,2/230,17/7572,0.117647058823529,3.87314578005115,2.09893137522784,0.0926720900723143,0.360507904513946,0.307619963984623,LOC111333893/LOC111334412,2
GO:0046068,cGMP metabolic process,2/230,17/7572,0.117647058823529,3.87314578005115,2.09893137522784,0.0926720900723143,0.360507904513946,0.307619963984623,LOC111321593/LOC111326058,2
GO:0061548,ganglion development,2/230,17/7572,0.117647058823529,3.87314578005115,2.09893137522784,0.0926720900723143,0.360507904513946,0.307619963984623,LOC111330631/LOC111333478,2
GO:0071526,semaphorin-plexin signaling pathway,2/230,17/7572,0.117647058823529,3.87314578005115,2.09893137522784,0.0926720900723143,0.360507904513946,0.307619963984623,LOC111333478/LOC111340622,2
GO:0048638,regulation of developmental growth,17/230,396/7572,0.0429292929292929,1.4133069828722,1.49524538880752,0.0936670459163322,0.361939326919685,0.308841391041802,LOC111327880/LOC111330631/LOC111332158/LOC111342023/LOC111328749/LOC111336934/LOC111333478/LOC111333901/LOC111331664/LOC111323777/LOC111323636/LOC111326544/LOC111328517/LOC111333893/LOC111334412/LOC111343646/LOC111340622,17
GO:0001936,regulation of endothelial cell proliferation,4/230,57/7572,0.0701754385964912,2.31029748283753,1.75742254371577,0.0941699143671748,0.361939326919685,0.308841391041802,LOC111328024/LOC111322288/LOC111333478/LOC111340622,4
GO:0003014,renal system process,4/230,57/7572,0.0701754385964912,2.31029748283753,1.75742254371577,0.0941699143671748,0.361939326919685,0.308841391041802,LOC111328024/LOC111336828/LOC111322288/LOC111335693,4
GO:0042048,olfactory behavior,4/230,57/7572,0.0701754385964912,2.31029748283753,1.75742254371577,0.0941699143671748,0.361939326919685,0.308841391041802,LOC111332158/LOC111343017/LOC111321502/LOC111340622,4
GO:0055007,cardiac muscle cell differentiation,4/230,57/7572,0.0701754385964912,2.31029748283753,1.75742254371577,0.0941699143671748,0.361939326919685,0.308841391041802,LOC111326654/LOC111321759/LOC111325851/LOC111344472,4
GO:0008544,epidermis development,9/230,179/7572,0.0502793296089386,1.65528297303862,1.57028469119416,0.0945857723304733,0.361939326919685,0.308841391041802,LOC111329099/LOC111320952/LOC111336974/LOC111340398/LOC111321489/LOC111326544/LOC111333893/LOC111326058/LOC111334412,9
GO:0007614,short-term memory,3/230,36/7572,0.0833333333333333,2.74347826086957,1.85579796053491,0.0949940426134723,0.361939326919685,0.308841391041802,LOC111332158/LOC111322311/LOC111330961,3
GO:0008586,imaginal disc-derived wing vein morphogenesis,3/230,36/7572,0.0833333333333333,2.74347826086957,1.85579796053491,0.0949940426134723,0.361939326919685,0.308841391041802,LOC111327880/LOC111336934/LOC111343646,3
GO:0034381,plasma lipoprotein particle clearance,3/230,36/7572,0.0833333333333333,2.74347826086957,1.85579796053491,0.0949940426134723,0.361939326919685,0.308841391041802,LOC111325671/LOC111342143/LOC111342147,3
GO:0035316,non-sensory hair organization,3/230,36/7572,0.0833333333333333,2.74347826086957,1.85579796053491,0.0949940426134723,0.361939326919685,0.308841391041802,LOC111340398/LOC111333893/LOC111334412,3
GO:0035317,imaginal disc-derived wing hair organization,3/230,36/7572,0.0833333333333333,2.74347826086957,1.85579796053491,0.0949940426134723,0.361939326919685,0.308841391041802,LOC111340398/LOC111333893/LOC111334412,3
GO:0045778,positive regulation of ossification,3/230,36/7572,0.0833333333333333,2.74347826086957,1.85579796053491,0.0949940426134723,0.361939326919685,0.308841391041802,LOC111321680/LOC111331303/LOC111333767,3
GO:0072002,Malpighian tubule development,3/230,36/7572,0.0833333333333333,2.74347826086957,1.85579796053491,0.0949940426134723,0.361939326919685,0.308841391041802,LOC111322288/LOC111339275/LOC111320751,3
GO:0061326,renal tubule development,5/230,80/7572,0.0625,2.05760869565217,1.68307889074729,0.0954733177294542,0.36319075686023,0.309909231242861,LOC111322288/LOC111339275/LOC111320751/LOC111330961/LOC111333767,5
GO:0006874,intracellular calcium ion homeostasis,8/230,155/7572,0.0516129032258065,1.69918653576438,1.55660391030387,0.0992711294227542,0.376864156685614,0.321576689041056,LOC111323945/LOC111328749/LOC111323527/LOC111327334/LOC111330961/LOC111323636/LOC111333893/LOC111326058,8
GO:0050731,positive regulation of peptidyl-tyrosine phosphorylation,5/230,81/7572,0.0617283950617284,2.03220611916264,1.6529982403749,0.0993807057705005,0.376864156685614,0.321576689041056,LOC111322288/LOC111336974/LOC111333478/LOC111323127/LOC111345144,5
GO:0001755,neural crest cell migration,3/230,37/7572,0.0810810810810811,2.66933019976498,1.80150235827494,0.101170799627386,0.379352739326939,0.323700186731152,LOC111333478/LOC111325851/LOC111344472,3
GO:0003333,amino acid transmembrane transport,3/230,37/7572,0.0810810810810811,2.66933019976498,1.80150235827494,0.101170799627386,0.379352739326939,0.323700186731152,LOC111336828/LOC111330589/LOC111342077,3
GO:0009593,detection of chemical stimulus,3/230,37/7572,0.0810810810810811,2.66933019976498,1.80150235827494,0.101170799627386,0.379352739326939,0.323700186731152,LOC111328749/LOC111338776/LOC111323636,3
GO:0019730,antimicrobial humoral response,3/230,37/7572,0.0810810810810811,2.66933019976498,1.80150235827494,0.101170799627386,0.379352739326939,0.323700186731152,LOC111322161/LOC111339275/LOC111327334,3
GO:0042733,embryonic digit morphogenesis,3/230,37/7572,0.0810810810810811,2.66933019976498,1.80150235827494,0.101170799627386,0.379352739326939,0.323700186731152,LOC111323862/LOC111336974/LOC111333767,3
GO:0001710,mesodermal cell fate commitment,2/230,18/7572,0.111111111111111,3.65797101449275,1.99816502921848,0.102242494943182,0.379352739326939,0.323700186731152,LOC111324192/LOC111326654,2
GO:0001737,establishment of imaginal disc-derived wing hair orientation,2/230,18/7572,0.111111111111111,3.65797101449275,1.99816502921848,0.102242494943182,0.379352739326939,0.323700186731152,LOC111333893/LOC111334412,2
GO:0006727,ommochrome biosynthetic process,2/230,18/7572,0.111111111111111,3.65797101449275,1.99816502921848,0.102242494943182,0.379352739326939,0.323700186731152,LOC111330589/LOC111334761,2
GO:0006801,superoxide metabolic process,2/230,18/7572,0.111111111111111,3.65797101449275,1.99816502921848,0.102242494943182,0.379352739326939,0.323700186731152,LOC111335366/LOC111333170,2
GO:0008055,ocellus pigment biosynthetic process,2/230,18/7572,0.111111111111111,3.65797101449275,1.99816502921848,0.102242494943182,0.379352739326939,0.323700186731152,LOC111330589/LOC111334761,2
GO:0035025,positive regulation of Rho protein signal transduction,2/230,18/7572,0.111111111111111,3.65797101449275,1.99816502921848,0.102242494943182,0.379352739326939,0.323700186731152,LOC111320822/LOC111327558,2
GO:0070633,transepithelial transport,2/230,18/7572,0.111111111111111,3.65797101449275,1.99816502921848,0.102242494943182,0.379352739326939,0.323700186731152,LOC111336828/LOC111320952,2
GO:0071679,commissural neuron axon guidance,2/230,18/7572,0.111111111111111,3.65797101449275,1.99816502921848,0.102242494943182,0.379352739326939,0.323700186731152,LOC111332158/LOC111333478,2
GO:0090184,positive regulation of kidney development,2/230,18/7572,0.111111111111111,3.65797101449275,1.99816502921848,0.102242494943182,0.379352739326939,0.323700186731152,LOC111330631/LOC111322288,2
GO:0045834,positive regulation of lipid metabolic process,5/230,82/7572,0.0609756097560976,2.00742311770944,1.62334669406464,0.103367615780271,0.381707488031786,0.32570948445447,LOC111322288/LOC111331664/LOC111346320/LOC111327334/LOC111331303,5
GO:0050714,positive regulation of protein secretion,7/230,131/7572,0.0534351145038168,1.75917690009957,1.55130192596415,0.103448577664288,0.381707488031786,0.32570948445447,LOC111323945/LOC111328749/LOC111338776/LOC111340883/LOC111320751/LOC111323527/LOC111323636,7
GO:0007266,Rho protein signal transduction,4/230,59/7572,0.0677966101694915,2.23198231392778,1.68134615732983,0.10366972473953,0.381707488031786,0.32570948445447,LOC111320871/LOC111320728/LOC111324497/LOC111330877,4
GO:0009950,dorsal/ventral axis specification,4/230,59/7572,0.0677966101694915,2.23198231392778,1.68134615732983,0.10366972473953,0.381707488031786,0.32570948445447,LOC111327880/LOC111336974/LOC111336934/LOC111333893,4
GO:0032024,positive regulation of insulin secretion,4/230,59/7572,0.0677966101694915,2.23198231392778,1.68134615732983,0.10366972473953,0.381707488031786,0.32570948445447,LOC111323945/LOC111338776/LOC111340883/LOC111323527,4
GO:0043410,positive regulation of MAPK cascade,11/230,236/7572,0.0466101694915254,1.53448784082535,1.4763778503132,0.10415762200517,0.382918402730457,0.326742753160453,LOC111323862/LOC111322288/LOC111323945/LOC111328749/LOC111326885/LOC111333478/LOC111339275/LOC111323636/LOC111333893/LOC111344472/LOC111338817,11
GO:0010631,epithelial cell migration,8/230,157/7572,0.0509554140127389,1.67754084741069,1.518319194929,0.104882624803991,0.384995976414651,0.328515538538817,LOC111342023/LOC111322288/LOC111335693/LOC111333478/LOC111323777/LOC111339275/LOC111333893/LOC111324368,8
GO:0071496,cellular response to external stimulus,11/230,237/7572,0.0464135021097046,1.52801320858558,1.46167982213461,0.106456254691998,0.390177566664126,0.332936968931795,LOC111320817/LOC111325642/LOC111320821/LOC111322288/LOC111335693/LOC111320842/LOC111327334/LOC111329755/LOC111333893/LOC111333695/LOC111326058,11
GO:0034612,response to tumor necrosis factor,5/230,83/7572,0.0602409638554217,1.98323729701414,1.59411198203674,0.107433073827104,0.391041010844284,0.333673742423519,LOC111320817/LOC111320821/LOC111325671/LOC111320842/LOC111334113,5
GO:0002449,lymphocyte mediated immunity,3/230,38/7572,0.0789473684210526,2.59908466819222,1.74897580161539,0.107503799492905,0.391041010844284,0.333673742423519,LOC111328749/LOC111323636/LOC111344752,3
GO:0019217,regulation of fatty acid metabolic process,3/230,38/7572,0.0789473684210526,2.59908466819222,1.74897580161539,0.107503799492905,0.391041010844284,0.333673742423519,LOC111331664/LOC111346320/LOC111331303,3
GO:0045446,endothelial cell differentiation,3/230,38/7572,0.0789473684210526,2.59908466819222,1.74897580161539,0.107503799492905,0.391041010844284,0.333673742423519,LOC111327880/LOC111342023/LOC111333478,3
GO:0050729,positive regulation of inflammatory response,3/230,38/7572,0.0789473684210526,2.59908466819222,1.74897580161539,0.107503799492905,0.391041010844284,0.333673742423519,LOC111328749/LOC111323636/LOC111331303,3
GO:1905477,positive regulation of protein localization to membrane,4/230,60/7572,0.0666666666666667,2.19478260869565,1.64444775001627,0.108578327516278,0.394353865247657,0.336500587936451,LOC111336974/LOC111335693/LOC111331664/LOC111340596,4
GO:0090066,regulation of anatomical structure size,17/230,405/7572,0.0419753086419753,1.3819001610306,1.3981121242852,0.109002039675502,0.395296553522003,0.337304980099209,LOC111332158/LOC111336828/LOC111342023/LOC111322288/LOC111335321/LOC111333478/LOC111333901/LOC111323777/LOC111321593/LOC111321894/LOC111328517/LOC111333893/LOC111332138/LOC111326058/LOC111334412/LOC111330877/LOC111340622,17
GO:0043270,positive regulation of monoatomic ion transport,7/230,133/7572,0.0526315789473684,1.73272311212815,1.50883511481668,0.109775643411045,0.397503382456838,0.339188058469902,LOC111320952/LOC111322288/LOC111323945/LOC111333875/LOC111346320/LOC111327334/LOC111326058,7
GO:0060041,retina development in camera-type eye,6/230,108/7572,0.0555555555555556,1.82898550724638,1.53569988393543,0.110121662746361,0.398157603443299,0.339746302640899,LOC111322288/LOC111333478/LOC111321759/LOC111320751/LOC111330961/LOC111326058,6
GO:0035282,segmentation,10/230,212/7572,0.0471698113207547,1.55291222313372,1.44516876103764,0.111094943702099,0.399207973517942,0.340642579256436,LOC111327880/LOC111329099/LOC111323862/LOC111336934/LOC111333478/LOC111331664/LOC111333893/LOC111325851/LOC111333767/LOC111343646,10
GO:0071560,cellular response to transforming growth factor beta stimulus,5/230,84/7572,0.0595238095238095,1.95962732919255,1.56528233454511,0.111576050516851,0.399207973517942,0.340642579256436,LOC111320871/LOC111320822/LOC111333901/LOC111326544/LOC111343646,5
GO:0050776,regulation of immune response,15/230,350/7572,0.0428571428571429,1.41093167701863,1.39318327338183,0.111874227479015,0.399207973517942,0.340642579256436,LOC111320817/LOC111320871/LOC111342023/LOC111320821/LOC111327252/LOC111320822/LOC111328749/LOC111325671/LOC111320842/LOC111323777/LOC111338418/LOC111327334/LOC111323636/LOC111334113/LOC111325968,15
GO:0001941,postsynaptic membrane organization,2/230,19/7572,0.105263157894737,3.46544622425629,1.90434637422977,0.112070012499223,0.399207973517942,0.340642579256436,LOC111336974/LOC111326544,2
GO:0009954,proximal/distal pattern formation,2/230,19/7572,0.105263157894737,3.46544622425629,1.90434637422977,0.112070012499223,0.399207973517942,0.340642579256436,LOC111336974/LOC111333767,2
GO:0010092,specification of animal organ identity,2/230,19/7572,0.105263157894737,3.46544622425629,1.90434637422977,0.112070012499223,0.399207973517942,0.340642579256436,LOC111325851/LOC111333767,2
GO:0016064,immunoglobulin mediated immune response,2/230,19/7572,0.105263157894737,3.46544622425629,1.90434637422977,0.112070012499223,0.399207973517942,0.340642579256436,LOC111328749/LOC111323636,2
GO:0019724,B cell mediated immunity,2/230,19/7572,0.105263157894737,3.46544622425629,1.90434637422977,0.112070012499223,0.399207973517942,0.340642579256436,LOC111328749/LOC111323636,2
GO:0035914,skeletal muscle cell differentiation,2/230,19/7572,0.105263157894737,3.46544622425629,1.90434637422977,0.112070012499223,0.399207973517942,0.340642579256436,LOC111330631/LOC111325851,2
GO:0050433,regulation of catecholamine secretion,2/230,19/7572,0.105263157894737,3.46544622425629,1.90434637422977,0.112070012499223,0.399207973517942,0.340642579256436,LOC111328749/LOC111323636,2
GO:0061333,renal tubule morphogenesis,4/230,61/7572,0.0655737704918033,2.15880256593015,1.60826953654388,0.113589829090094,0.401875873052141,0.342919087339473,LOC111322288/LOC111339275/LOC111320751/LOC111333767,4
GO:0045165,cell fate commitment,13/230,295/7572,0.0440677966101695,1.45078850405306,1.39778702157865,0.11364122178084,0.401875873052141,0.342919087339473,LOC111324192/LOC111329099/LOC111323862/LOC111326654/LOC111333478/LOC111335662/LOC111344634/LOC111333893/LOC111325851/LOC111333767/LOC111343646/LOC111331073/LOC111344472,13
GO:0007591,"molting cycle, chitin-based cuticle",3/230,39/7572,0.0769230769230769,2.53244147157191,1.69810901404039,0.113987218145603,0.401875873052141,0.342919087339473,LOC111342143/LOC111333893/LOC111342147,3
GO:0008203,cholesterol metabolic process,3/230,39/7572,0.0769230769230769,2.53244147157191,1.69810901404039,0.113987218145603,0.401875873052141,0.342919087339473,LOC111325671/LOC111340366/LOC111340596,3
GO:0033559,unsaturated fatty acid metabolic process,3/230,39/7572,0.0769230769230769,2.53244147157191,1.69810901404039,0.113987218145603,0.401875873052141,0.342919087339473,LOC111326885/LOC111346320/LOC111331303,3
GO:0035335,peptidyl-tyrosine dephosphorylation,3/230,39/7572,0.0769230769230769,2.53244147157191,1.69810901404039,0.113987218145603,0.401875873052141,0.342919087339473,LOC111342023/LOC111323777/LOC111345144,3
GO:0046662,regulation of egg-laying behavior,3/230,39/7572,0.0769230769230769,2.53244147157191,1.69810901404039,0.113987218145603,0.401875873052141,0.342919087339473,LOC111342143/LOC111320921/LOC111342147,3
GO:0097435,supramolecular fiber organization,12/230,268/7572,0.0447761194029851,1.47410772225827,1.39861246627571,0.115029231859632,0.404956710991218,0.345547954124348,LOC111320817/LOC111330631/LOC111320871/LOC111320821/LOC111320822/LOC111335693/LOC111320842/LOC111340398/LOC111321894/LOC111328517/LOC111324368/LOC111330877,12
GO:0055074,calcium ion homeostasis,8/230,161/7572,0.0496894409937888,1.63586281393465,1.44334884836328,0.116623979659127,0.409971595648435,0.349827135297143,LOC111323945/LOC111328749/LOC111323527/LOC111327334/LOC111330961/LOC111323636/LOC111333893/LOC111326058,8
GO:0021915,neural tube development,6/230,110/7572,0.0545454545454545,1.79573122529644,1.48788193822317,0.117459268878601,0.410740100129955,0.350482897120857,LOC111330856/LOC111340883/LOC111333893/LOC111325851/LOC111331301/LOC111333767,6
GO:2001235,positive regulation of apoptotic signaling pathway,6/230,110/7572,0.0545454545454545,1.79573122529644,1.48788193822317,0.117459268878601,0.410740100129955,0.350482897120857,LOC111325642/LOC111327625/LOC111326819/LOC111336999/LOC111325220/LOC111344752,6
GO:0006633,fatty acid biosynthetic process,4/230,62/7572,0.0645161290322581,2.12398316970547,1.57278383013466,0.118701954586217,0.410740100129955,0.350482897120857,LOC111326885/LOC111331664/LOC111331622/LOC111341830,4
GO:0008584,male gonad development,4/230,62/7572,0.0645161290322581,2.12398316970547,1.57278383013466,0.118701954586217,0.410740100129955,0.350482897120857,LOC111330631/LOC111325642/LOC111329099/LOC111322288,4
GO:0010595,positive regulation of endothelial cell migration,4/230,62/7572,0.0645161290322581,2.12398316970547,1.57278383013466,0.118701954586217,0.410740100129955,0.350482897120857,LOC111322288/LOC111333478/LOC111323127/LOC111340622,4
GO:0034767,positive regulation of monoatomic ion transmembrane transport,4/230,62/7572,0.0645161290322581,2.12398316970547,1.57278383013466,0.118701954586217,0.410740100129955,0.350482897120857,LOC111320952/LOC111323945/LOC111346320/LOC111327334,4
GO:0045766,positive regulation of angiogenesis,4/230,62/7572,0.0645161290322581,2.12398316970547,1.57278383013466,0.118701954586217,0.410740100129955,0.350482897120857,LOC111328749/LOC111333478/LOC111323636/LOC111340622,4
GO:0008283,cell population proliferation,18/230,439/7572,0.041002277904328,1.34986629691988,1.33669279601533,0.118763682708356,0.410740100129955,0.350482897120857,LOC111329099/LOC111323862/LOC111322288/LOC111340883/LOC111339275/LOC111346320/LOC111335662/LOC111326544/LOC111325851/LOC111326942/LOC111334412/LOC111333767/LOC111324368/LOC111329754/LOC111340596/LOC111344472/LOC111338817/LOC111340622,18
GO:0007267,cell-cell signaling,19/230,468/7572,0.0405982905982906,1.33656633221851,1.33037927634113,0.11908035014086,0.410740100129955,0.350482897120857,LOC111329099/LOC111323862/LOC111324621/LOC111322288/LOC111336974/LOC111335321/LOC111333478/LOC111331664/LOC111323127/LOC111338776/LOC111340883/LOC111322311/LOC111333893/LOC111325851/LOC111322245/LOC111343646/LOC111330060/LOC111338817/LOC111340622,19
GO:0031344,regulation of cell projection organization,20/230,497/7572,0.0402414486921529,1.32481847607383,1.32583368185129,0.119148904352207,0.410740100129955,0.350482897120857,LOC111328393/LOC111336303/LOC111324192/LOC111342023/LOC111336974/LOC111335693/LOC111322400/LOC111333478/LOC111333901/LOC111323777/LOC111345144/LOC111320751/LOC111323527/LOC111346320/LOC111332747/LOC111326544/LOC111333893/LOC111325968/LOC111340596/LOC111340622,20
GO:0006720,isoprenoid metabolic process,3/230,40/7572,0.075,2.46913043478261,1.64880215639479,0.120615159385724,0.410740100129955,0.350482897120857,LOC111336828/LOC111325671/LOC111340596,3
GO:0034341,response to type II interferon,3/230,40/7572,0.075,2.46913043478261,1.64880215639479,0.120615159385724,0.410740100129955,0.350482897120857,LOC111332158/LOC111322266/LOC111322261,3
GO:0042446,hormone biosynthetic process,3/230,40/7572,0.075,2.46913043478261,1.64880215639479,0.120615159385724,0.410740100129955,0.350482897120857,LOC111342143/LOC111332887/LOC111342147,3
GO:0050673,epithelial cell proliferation,3/230,40/7572,0.075,2.46913043478261,1.64880215639479,0.120615159385724,0.410740100129955,0.350482897120857,LOC111322288/LOC111324368/LOC111340622,3
GO:1904951,positive regulation of establishment of protein localization,11/230,243/7572,0.0452674897119342,1.49028448738594,1.37487203776128,0.120867257569671,0.410740100129955,0.350482897120857,LOC111323945/LOC111328749/LOC111331664/LOC111338776/LOC111340883/LOC111320751/LOC111323527/LOC111323636/LOC111331301/LOC111333767/LOC111340596,11
GO:0062012,regulation of small molecule metabolic process,9/230,189/7572,0.0476190476190476,1.56770186335404,1.39884030945581,0.121186535332074,0.410740100129955,0.350482897120857,LOC111320024/LOC111322288/LOC111325671/LOC111331664/LOC111321709/LOC111324410/LOC111346320/LOC111331303/LOC111326058,9
GO:0002922,positive regulation of humoral immune response,2/230,20/7572,0.1,3.29217391304348,1.81662348248311,0.122130361998774,0.410740100129955,0.350482897120857,LOC111328749/LOC111323636,2
GO:0007214,gamma-aminobutyric acid signaling pathway,2/230,20/7572,0.1,3.29217391304348,1.81662348248311,0.122130361998774,0.410740100129955,0.350482897120857,LOC111343017/LOC111325186,2
GO:0008594,photoreceptor cell morphogenesis,2/230,20/7572,0.1,3.29217391304348,1.81662348248311,0.122130361998774,0.410740100129955,0.350482897120857,LOC111342023/LOC111323777,2
GO:0030501,positive regulation of bone mineralization,2/230,20/7572,0.1,3.29217391304348,1.81662348248311,0.122130361998774,0.410740100129955,0.350482897120857,LOC111321680/LOC111331303,2
GO:0030834,regulation of actin filament depolymerization,2/230,20/7572,0.1,3.29217391304348,1.81662348248311,0.122130361998774,0.410740100129955,0.350482897120857,LOC111321894/LOC111340622,2
GO:0032963,collagen metabolic process,2/230,20/7572,0.1,3.29217391304348,1.81662348248311,0.122130361998774,0.410740100129955,0.350482897120857,LOC111326544/LOC111333695,2
GO:0035461,vitamin transmembrane transport,2/230,20/7572,0.1,3.29217391304348,1.81662348248311,0.122130361998774,0.410740100129955,0.350482897120857,LOC111345835/LOC111330251,2
GO:0042755,eating behavior,2/230,20/7572,0.1,3.29217391304348,1.81662348248311,0.122130361998774,0.410740100129955,0.350482897120857,LOC111333986/LOC111342546,2
GO:0043403,skeletal muscle tissue regeneration,2/230,20/7572,0.1,3.29217391304348,1.81662348248311,0.122130361998774,0.410740100129955,0.350482897120857,LOC111333893/LOC111325851,2
GO:0048803,imaginal disc-derived male genitalia morphogenesis,2/230,20/7572,0.1,3.29217391304348,1.81662348248311,0.122130361998774,0.410740100129955,0.350482897120857,LOC111332158/LOC111339275,2
GO:0048805,imaginal disc-derived genitalia morphogenesis,2/230,20/7572,0.1,3.29217391304348,1.81662348248311,0.122130361998774,0.410740100129955,0.350482897120857,LOC111332158/LOC111339275,2
GO:0061162,establishment of monopolar cell polarity,2/230,20/7572,0.1,3.29217391304348,1.81662348248311,0.122130361998774,0.410740100129955,0.350482897120857,LOC111333893/LOC111334412,2
GO:0070268,cornification,2/230,20/7572,0.1,3.29217391304348,1.81662348248311,0.122130361998774,0.410740100129955,0.350482897120857,LOC111320952/LOC111326544,2
GO:0070884,regulation of calcineurin-NFAT signaling cascade,2/230,20/7572,0.1,3.29217391304348,1.81662348248311,0.122130361998774,0.410740100129955,0.350482897120857,LOC111336828/LOC111326058,2
GO:0072553,terminal button organization,2/230,20/7572,0.1,3.29217391304348,1.81662348248311,0.122130361998774,0.410740100129955,0.350482897120857,LOC111332158/LOC111335321,2
GO:0001843,neural tube closure,4/230,63/7572,0.0634920634920635,2.09026915113872,1.53796445255047,0.123912356019455,0.414994371759178,0.354113050215909,LOC111330856/LOC111333893/LOC111325851/LOC111331301,4
GO:0046546,development of primary male sexual characteristics,4/230,63/7572,0.0634920634920635,2.09026915113872,1.53796445255047,0.123912356019455,0.414994371759178,0.354113050215909,LOC111330631/LOC111325642/LOC111329099/LOC111322288,4
GO:0048806,genitalia development,4/230,63/7572,0.0634920634920635,2.09026915113872,1.53796445255047,0.123912356019455,0.414994371759178,0.354113050215909,LOC111332158/LOC111323862/LOC111339275/LOC111331622,4
GO:0071559,response to transforming growth factor beta,5/230,87/7572,0.0574712643678161,1.89205397301349,1.48111304420068,0.124459011652414,0.416246250081963,0.355181273019755,LOC111320871/LOC111320822/LOC111333901/LOC111326544/LOC111343646,5
GO:0048754,branching morphogenesis of an epithelial tube,6/230,112/7572,0.0535714285714286,1.76366459627329,1.44103857204258,0.125036107950967,0.417596321700318,0.356333283772959,LOC111336828/LOC111333478/LOC111320751/LOC111333767/LOC111344472/LOC111340622,6
GO:0006644,phospholipid metabolic process,9/230,191/7572,0.0471204188481675,1.55128613703619,1.36574463626497,0.126951365465285,0.422236033204981,0.360292331183827,LOC111346087/LOC111335819/LOC111322288/LOC111331664/LOC111323127/LOC111329762/LOC111346320/LOC111331303/LOC111338817,9
GO:0045087,innate immune response,9/230,191/7572,0.0471204188481675,1.55128613703619,1.36574463626497,0.126951365465285,0.422236033204981,0.360292331183827,LOC111332158/LOC111328749/LOC111322266/LOC111338418/LOC111339275/LOC111331589/LOC111323636/LOC111322261/LOC111334472,9
GO:1901653,cellular response to peptide,9/230,191/7572,0.0471204188481675,1.55128613703619,1.36574463626497,0.126951365465285,0.422236033204981,0.360292331183827,LOC111320817/LOC111325642/LOC111320821/LOC111322288/LOC111320842/LOC111339275/LOC111346320/LOC111333893/LOC111340596,9
GO:0046889,positive regulation of lipid biosynthetic process,3/230,41/7572,0.0731707317073171,2.40890774125133,1.60096379598684,0.127381672894275,0.422500094117652,0.360517653312491,LOC111331664/LOC111346320/LOC111331303,3
GO:0071230,cellular response to amino acid stimulus,3/230,41/7572,0.0731707317073171,2.40890774125133,1.60096379598684,0.127381672894275,0.422500094117652,0.360517653312491,LOC111320871/LOC111320822/LOC111320751,3
GO:0006814,sodium ion transport,4/230,64/7572,0.0625,2.05760869565217,1.50378662901066,0.12921861801442,0.427466644768648,0.364755591269628,LOC111336828/LOC111342077/LOC111330251/LOC111334900,4
GO:0002164,larval development,12/230,274/7572,0.0437956204379562,1.44182799111393,1.31843865999013,0.129234101906801,0.427466644768648,0.364755591269628,LOC111324192/LOC111329099/LOC111335693/LOC111333478/LOC111339275/LOC111342143/LOC111320751/LOC111328517/LOC111333893/LOC111326058/LOC111334412/LOC111342147,12
GO:0002793,positive regulation of peptide secretion,7/230,139/7572,0.0503597122302158,1.65792930872693,1.38560013840428,0.129957165874733,0.429268663136292,0.366293246390121,LOC111323945/LOC111328749/LOC111338776/LOC111340883/LOC111320751/LOC111323527/LOC111323636,7
GO:0007455,eye-antennal disc morphogenesis,2/230,21/7572,0.0952380952380952,3.13540372670807,1.73428616491062,0.132400489080441,0.432005931850544,0.368628946919157,LOC111340398/LOC111331301,2
GO:0009311,oligosaccharide metabolic process,2/230,21/7572,0.0952380952380952,3.13540372670807,1.73428616491062,0.132400489080441,0.432005931850544,0.368628946919157,LOC111337168/LOC111329016,2
GO:0010039,response to iron ion,2/230,21/7572,0.0952380952380952,3.13540372670807,1.73428616491062,0.132400489080441,0.432005931850544,0.368628946919157,LOC111338776/LOC111329754,2
GO:0021799,cerebral cortex radially oriented cell migration,2/230,21/7572,0.0952380952380952,3.13540372670807,1.73428616491062,0.132400489080441,0.432005931850544,0.368628946919157,LOC111321759/LOC111333767,2
GO:0022600,digestive system process,2/230,21/7572,0.0952380952380952,3.13540372670807,1.73428616491062,0.132400489080441,0.432005931850544,0.368628946919157,LOC111323945/LOC111342147,2
GO:0048008,platelet-derived growth factor receptor signaling pathway,2/230,21/7572,0.0952380952380952,3.13540372670807,1.73428616491062,0.132400489080441,0.432005931850544,0.368628946919157,LOC111322288/LOC111333478,2
GO:0051385,response to mineralocorticoid,2/230,21/7572,0.0952380952380952,3.13540372670807,1.73428616491062,0.132400489080441,0.432005931850544,0.368628946919157,LOC111320952/LOC111326058,2
GO:0098703,calcium ion import across plasma membrane,2/230,21/7572,0.0952380952380952,3.13540372670807,1.73428616491062,0.132400489080441,0.432005931850544,0.368628946919157,LOC111323527/LOC111326058,2
GO:2000272,negative regulation of signaling receptor activity,2/230,21/7572,0.0952380952380952,3.13540372670807,1.73428616491062,0.132400489080441,0.432005931850544,0.368628946919157,LOC111336303/LOC111322400,2
GO:0008344,adult locomotory behavior,5/230,89/7572,0.0561797752808989,1.8495359062042,1.42682996382966,0.133414073511829,0.434388029088375,0.370661581037117,LOC111342143/LOC111322311/LOC111331301/LOC111331073/LOC111342147,5
GO:0048813,dendrite morphogenesis,7/230,140/7572,0.05,1.64608695652174,1.36563768207382,0.133491337842773,0.434388029088375,0.370661581037117,LOC111325642/LOC111336974/LOC111333478/LOC111333901/LOC111326544/LOC111333767/LOC111330060,7
GO:0003002,regionalization,18/230,447/7572,0.0402684563758389,1.32570761599066,1.25638456399029,0.133856221893342,0.434987560484706,0.371173158797931,LOC111327880/LOC111328024/LOC111329099/LOC111323862/LOC111336974/LOC111336934/LOC111335693/LOC111341087/LOC111333478/LOC111333901/LOC111331664/LOC111340398/LOC111333893/LOC111325851/LOC111334412/LOC111333767/LOC111343646/LOC111344472,18
GO:0051491,positive regulation of filopodium assembly,3/230,42/7572,0.0714285714285714,2.35155279503106,1.55451001056178,0.134280770985667,0.435779105840279,0.371848581308019,LOC111342023/LOC111333478/LOC111323777,3
GO:0010883,regulation of lipid storage,4/230,65/7572,0.0615384615384615,2.02595317725753,1.4702268919598,0.134618263398642,0.436286377205826,0.372281433950766,LOC111328749/LOC111325671/LOC111331664/LOC111323636,4
GO:0051606,detection of stimulus,8/230,167/7572,0.0479041916167665,1.57708929966155,1.33466440114276,0.135501651205334,0.438559107664577,0.374220745830239,LOC111336828/LOC111328749/LOC111323127/LOC111338776/LOC111340883/LOC111323636/LOC111326058/LOC111340622,8
GO:0048639,positive regulation of developmental growth,10/230,222/7572,0.045045045045045,1.48296122209166,1.29264249931043,0.137977365644722,0.443875228625468,0.378756970745284,LOC111332158/LOC111328749/LOC111333478/LOC111333901/LOC111323636/LOC111326544/LOC111328517/LOC111333893/LOC111343646/LOC111340622,10
GO:0001838,embryonic epithelial tube formation,5/230,90/7572,0.0555555555555556,1.82898550724638,1.40020844242421,0.137997710421228,0.443875228625468,0.378756970745284,LOC111330856/LOC111340883/LOC111333893/LOC111325851/LOC111331301,5
GO:0071375,cellular response to peptide hormone stimulus,8/230,168/7572,0.0476190476190476,1.56770186335404,1.31696764836387,0.13879163762821,0.443875228625468,0.378756970745284,LOC111320817/LOC111325642/LOC111320821/LOC111322288/LOC111320842/LOC111339275/LOC111346320/LOC111333893,8
GO:1902533,positive regulation of intracellular signal transduction,19/230,479/7572,0.0396659707724426,1.30587274212581,1.22412820426727,0.139461598729258,0.443875228625468,0.378756970745284,LOC111332158/LOC111323862/LOC111336828/LOC111320822/LOC111322288/LOC111323945/LOC111328749/LOC111326885/LOC111333478/LOC111339275/LOC111327334/LOC111323636/LOC111333893/LOC111334412/LOC111333767/LOC111344472/LOC111338817/LOC111327558/LOC111340622,19
GO:0019725,cellular homeostasis,17/230,421/7572,0.0403800475059382,1.32938139006506,1.23080731286724,0.139871878714263,0.443875228625468,0.378756970745284,LOC111324192/LOC111336828/LOC111324621/LOC111323945/LOC111328749/LOC111322161/LOC111340883/LOC111323527/LOC111327334/LOC111329755/LOC111330961/LOC111323636/LOC111333893/LOC111328120/LOC111333012/LOC111326058/LOC111329754,17
GO:0003206,cardiac chamber morphogenesis,4/230,66/7572,0.0606060606060606,1.99525691699605,1.43726299281605,0.140108758662769,0.443875228625468,0.378756970745284,LOC111333478/LOC111340883/LOC111333893/LOC111344472,4
GO:0051047,positive regulation of secretion,10/230,223/7572,0.0448430493273543,1.47631117176838,1.27779865528596,0.140840900546531,0.443875228625468,0.378756970745284,LOC111325642/LOC111323945/LOC111328749/LOC111326885/LOC111331664/LOC111338776/LOC111340883/LOC111320751/LOC111323527/LOC111323636,10
GO:1901342,regulation of vasculature development,6/230,116/7572,0.0517241379310345,1.70284857571214,1.35011625182051,0.140884516381747,0.443875228625468,0.378756970745284,LOC111328024/LOC111322288/LOC111328749/LOC111333478/LOC111323636/LOC111340622,6
GO:0021795,cerebral cortex cell migration,3/230,43/7572,0.0697674418604651,2.29686552072801,1.50936360673687,0.141306444163557,0.443875228625468,0.378756970745284,LOC111333478/LOC111321759/LOC111333767,3
GO:0040025,vulval development,3/230,43/7572,0.0697674418604651,2.29686552072801,1.50936360673687,0.141306444163557,0.443875228625468,0.378756970745284,LOC111342143/LOC111328517/LOC111342147,3
GO:0045664,regulation of neuron differentiation,19/230,480/7572,0.0395833333333333,1.30315217391304,1.21459165566326,0.141409414758873,0.443875228625468,0.378756970745284,LOC111328393/LOC111336303/LOC111332158/LOC111342023/LOC111336974/LOC111335693/LOC111322400/LOC111333478/LOC111333901/LOC111323777/LOC111345144/LOC111320751/LOC111346320/LOC111332747/LOC111326544/LOC111333893/LOC111333767/LOC111340596/LOC111340622,19
GO:0043269,regulation of monoatomic ion transport,11/230,251/7572,0.0438247011952191,1.44278538021826,1.26263633046489,0.14170518846116,0.443875228625468,0.378756970745284,LOC111320952/LOC111322288/LOC111323945/LOC111328749/LOC111331664/LOC111333875/LOC111346320/LOC111327334/LOC111323636/LOC111333012/LOC111326058,11
GO:0021987,cerebral cortex development,5/230,91/7572,0.0549450549450549,1.8088867654085,1.37392159450678,0.142650288662705,0.443875228625468,0.378756970745284,LOC111342023/LOC111320822/LOC111333478/LOC111321759/LOC111333767,5
GO:0042445,hormone metabolic process,5/230,91/7572,0.0549450549450549,1.8088867654085,1.37392159450678,0.142650288662705,0.443875228625468,0.378756970745284,LOC111342143/LOC111331622/LOC111326544/LOC111321502/LOC111342147,5
GO:0001523,retinoid metabolic process,2/230,22/7572,0.0909090909090909,2.99288537549407,1.65673686381815,0.14285851419632,0.443875228625468,0.378756970745284,LOC111325671/LOC111340596,2
GO:0002526,acute inflammatory response,2/230,22/7572,0.0909090909090909,2.99288537549407,1.65673686381815,0.14285851419632,0.443875228625468,0.378756970745284,LOC111327252/LOC111322161,2
GO:0008293,torso signaling pathway,2/230,22/7572,0.0909090909090909,2.99288537549407,1.65673686381815,0.14285851419632,0.443875228625468,0.378756970745284,LOC111327880/LOC111336934,2
GO:0010524,positive regulation of calcium ion transport into cytosol,2/230,22/7572,0.0909090909090909,2.99288537549407,1.65673686381815,0.14285851419632,0.443875228625468,0.378756970745284,LOC111323945/LOC111327334,2
GO:0022602,ovulation cycle process,2/230,22/7572,0.0909090909090909,2.99288537549407,1.65673686381815,0.14285851419632,0.443875228625468,0.378756970745284,LOC111327252/LOC111331303,2
GO:0031424,keratinization,2/230,22/7572,0.0909090909090909,2.99288537549407,1.65673686381815,0.14285851419632,0.443875228625468,0.378756970745284,LOC111320952/LOC111326544,2
GO:0031581,hemidesmosome assembly,2/230,22/7572,0.0909090909090909,2.99288537549407,1.65673686381815,0.14285851419632,0.443875228625468,0.378756970745284,LOC111335693/LOC111325851,2
GO:0032570,response to progesterone,2/230,22/7572,0.0909090909090909,2.99288537549407,1.65673686381815,0.14285851419632,0.443875228625468,0.378756970745284,LOC111328749/LOC111323636,2
GO:0035167,larval lymph gland hemopoiesis,2/230,22/7572,0.0909090909090909,2.99288537549407,1.65673686381815,0.14285851419632,0.443875228625468,0.378756970745284,LOC111329099/LOC111339275,2
GO:0042181,ketone biosynthetic process,2/230,22/7572,0.0909090909090909,2.99288537549407,1.65673686381815,0.14285851419632,0.443875228625468,0.378756970745284,LOC111342143/LOC111342147,2
GO:0045610,regulation of hemocyte differentiation,2/230,22/7572,0.0909090909090909,2.99288537549407,1.65673686381815,0.14285851419632,0.443875228625468,0.378756970745284,LOC111329099/LOC111339275,2
GO:0051150,regulation of smooth muscle cell differentiation,2/230,22/7572,0.0909090909090909,2.99288537549407,1.65673686381815,0.14285851419632,0.443875228625468,0.378756970745284,LOC111322288/LOC111322526,2
GO:0060026,convergent extension,2/230,22/7572,0.0909090909090909,2.99288537549407,1.65673686381815,0.14285851419632,0.443875228625468,0.378756970745284,LOC111333893/LOC111330437,2
GO:0060027,convergent extension involved in gastrulation,2/230,22/7572,0.0909090909090909,2.99288537549407,1.65673686381815,0.14285851419632,0.443875228625468,0.378756970745284,LOC111333893/LOC111330437,2
GO:0072348,sulfur compound transport,2/230,22/7572,0.0909090909090909,2.99288537549407,1.65673686381815,0.14285851419632,0.443875228625468,0.378756970745284,LOC111342077/LOC111330251,2
GO:0090183,regulation of kidney development,2/230,22/7572,0.0909090909090909,2.99288537549407,1.65673686381815,0.14285851419632,0.443875228625468,0.378756970745284,LOC111330631/LOC111322288,2
GO:2001024,negative regulation of response to drug,2/230,22/7572,0.0909090909090909,2.99288537549407,1.65673686381815,0.14285851419632,0.443875228625468,0.378756970745284,LOC111328749/LOC111323636,2
GO:0009100,glycoprotein metabolic process,8/230,170/7572,0.0470588235294118,1.54925831202046,1.28191700678527,0.145491541349584,0.451473752022936,0.385240760600093,LOC111328024/LOC111320817/LOC111323911/LOC111320821/LOC111320842/LOC111342143/LOC111329016/LOC111342147,8
GO:0050801,monoatomic ion homeostasis,14/230,338/7572,0.0414201183431953,1.36362233084641,1.21046711476766,0.147428681744441,0.456896094775565,0.38986762414841,LOC111323945/LOC111328749/LOC111333901/LOC111322161/LOC111323527/LOC111327334/LOC111329755/LOC111330961/LOC111323636/LOC111333893/LOC111328120/LOC111333012/LOC111326058/LOC111329754,14
GO:0010632,regulation of epithelial cell migration,6/230,118/7572,0.0508474576271187,1.67398673544584,1.30596341192074,0.149143392012141,0.461023476206979,0.393389502341328,LOC111322288/LOC111335693/LOC111333478/LOC111323127/LOC111338817/LOC111340622,6
GO:0042593,glucose homeostasis,6/230,118/7572,0.0508474576271187,1.67398673544584,1.30596341192074,0.149143392012141,0.461023476206979,0.393389502341328,LOC111324621/LOC111323945/LOC111328749/LOC111338776/LOC111340883/LOC111323636,6
GO:0035270,endocrine system development,4/230,68/7572,0.0588235294117647,1.93657289002558,1.37303932904863,0.151351914900563,0.46314374526802,0.395198719515289,LOC111325642/LOC111338776/LOC111340883/LOC111344472,4
GO:0090277,positive regulation of peptide hormone secretion,4/230,68/7572,0.0588235294117647,1.93657289002558,1.37303932904863,0.151351914900563,0.46314374526802,0.395198719515289,LOC111323945/LOC111338776/LOC111340883/LOC111323527,4
GO:0007350,blastoderm segmentation,7/230,145/7572,0.0482758620689655,1.58932533733133,1.2681357725662,0.151863099685132,0.46314374526802,0.395198719515289,LOC111327880/LOC111336934/LOC111333478/LOC111333893/LOC111325851/LOC111333767/LOC111343646,7
GO:0030098,lymphocyte differentiation,5/230,93/7572,0.0537634408602151,1.76998597475456,1.32231788883044,0.152156652468174,0.46314374526802,0.395198719515289,LOC111329099/LOC111326654/LOC111340883/LOC111333893/LOC111333767,5
GO:0030335,positive regulation of cell migration,10/230,227/7572,0.0440528634361234,1.45029687799272,1.21912802677544,0.152603765839529,0.46314374526802,0.395198719515289,LOC111323862/LOC111333735/LOC111322288/LOC111335693/LOC111333478/LOC111323127/LOC111345144/LOC111321759/LOC111326544/LOC111340622,10
GO:0120035,regulation of plasma membrane bounded cell projection organization,19/230,486/7572,0.0390946502057613,1.28706387546967,1.157789096685,0.15342401674873,0.46314374526802,0.395198719515289,LOC111328393/LOC111336303/LOC111342023/LOC111336974/LOC111335693/LOC111322400/LOC111333478/LOC111333901/LOC111323777/LOC111345144/LOC111320751/LOC111323527/LOC111346320/LOC111332747/LOC111326544/LOC111333893/LOC111325968/LOC111340596/LOC111340622,19
GO:0002474,antigen processing and presentation of peptide antigen via MHC class I,2/230,23/7572,0.0869565217391304,2.86275992438563,1.58346855063199,0.153483683024867,0.46314374526802,0.395198719515289,LOC111322266/LOC111322261,2
GO:0002688,regulation of leukocyte chemotaxis,2/230,23/7572,0.0869565217391304,2.86275992438563,1.58346855063199,0.153483683024867,0.46314374526802,0.395198719515289,LOC111328749/LOC111323636,2
GO:0006687,glycosphingolipid metabolic process,2/230,23/7572,0.0869565217391304,2.86275992438563,1.58346855063199,0.153483683024867,0.46314374526802,0.395198719515289,LOC111334156/LOC111336425,2
GO:0032722,positive regulation of chemokine production,2/230,23/7572,0.0869565217391304,2.86275992438563,1.58346855063199,0.153483683024867,0.46314374526802,0.395198719515289,LOC111328749/LOC111323636,2
GO:0033627,cell adhesion mediated by integrin,2/230,23/7572,0.0869565217391304,2.86275992438563,1.58346855063199,0.153483683024867,0.46314374526802,0.395198719515289,LOC111335693/LOC111321759,2
GO:0034698,response to gonadotropin,2/230,23/7572,0.0869565217391304,2.86275992438563,1.58346855063199,0.153483683024867,0.46314374526802,0.395198719515289,LOC111325642/LOC111322288,2
GO:0036010,protein localization to endosome,2/230,23/7572,0.0869565217391304,2.86275992438563,1.58346855063199,0.153483683024867,0.46314374526802,0.395198719515289,LOC111333478/LOC111326544,2
GO:0042953,lipoprotein transport,2/230,23/7572,0.0869565217391304,2.86275992438563,1.58346855063199,0.153483683024867,0.46314374526802,0.395198719515289,LOC111325671/LOC111340596,2
GO:0045669,positive regulation of osteoblast differentiation,2/230,23/7572,0.0869565217391304,2.86275992438563,1.58346855063199,0.153483683024867,0.46314374526802,0.395198719515289,LOC111321680/LOC111333767,2
GO:0060412,ventricular septum morphogenesis,2/230,23/7572,0.0869565217391304,2.86275992438563,1.58346855063199,0.153483683024867,0.46314374526802,0.395198719515289,LOC111340883/LOC111333893,2
GO:0060581,cell fate commitment involved in pattern specification,2/230,23/7572,0.0869565217391304,2.86275992438563,1.58346855063199,0.153483683024867,0.46314374526802,0.395198719515289,LOC111333893/LOC111333767,2
GO:0060977,coronary vasculature morphogenesis,2/230,23/7572,0.0869565217391304,2.86275992438563,1.58346855063199,0.153483683024867,0.46314374526802,0.395198719515289,LOC111333478/LOC111344472,2
GO:2000380,regulation of mesoderm development,2/230,23/7572,0.0869565217391304,2.86275992438563,1.58346855063199,0.153483683024867,0.46314374526802,0.395198719515289,LOC111333901/LOC111331301,2
GO:0035222,wing disc pattern formation,3/230,45/7572,0.0666666666666667,2.19478260869565,1.42271379400093,0.155713454202845,0.468697497150564,0.39993771395257,LOC111328024/LOC111333767/LOC111343646,3
GO:0051952,regulation of amine transport,3/230,45/7572,0.0666666666666667,2.19478260869565,1.42271379400093,0.155713454202845,0.468697497150564,0.39993771395257,LOC111328749/LOC111333875/LOC111323636,3
GO:0009749,response to glucose,5/230,94/7572,0.0531914893617021,1.75115633672525,1.29698478892442,0.157007541929649,0.471102182631622,0.401989622528819,LOC111324621/LOC111338776/LOC111340883/LOC111346320/LOC111333695,5
GO:0071383,cellular response to steroid hormone stimulus,5/230,94/7572,0.0531914893617021,1.75115633672525,1.29698478892442,0.157007541929649,0.471102182631622,0.401989622528819,LOC111323127/LOC111342143/LOC111336999/LOC111326058/LOC111342147,5
GO:0044344,cellular response to fibroblast growth factor stimulus,4/230,69/7572,0.0579710144927536,1.90850661625709,1.34174046472636,0.157099274357638,0.471102182631622,0.401989622528819,LOC111324192/LOC111325851/LOC111344472/LOC111338817,4
GO:0097305,response to alcohol,9/230,201/7572,0.0447761194029851,1.47410772225827,1.20571649748857,0.157902654933577,0.472922379452803,0.403542789251561,LOC111332158/LOC111325642/LOC111327252/LOC111324410/LOC111346320/LOC111325560/LOC111336999/LOC111333695/LOC111326058,9
GO:0030001,metal ion transport,11/230,257/7572,0.0428015564202335,1.40910167484351,1.1809295907678,0.158511361530232,0.474155724925216,0.404595198047745,LOC111336828/LOC111322161/LOC111342077/LOC111330251/LOC111323527/LOC111329755/LOC111330961/LOC111328120/LOC111334900/LOC111326058/LOC111329754,11
GO:0002237,response to molecule of bacterial origin,7/230,147/7572,0.0476190476190476,1.56770186335404,1.23016710332001,0.159528156544153,0.476605212107097,0.406685335737477,LOC111332158/LOC111328749/LOC111325671/LOC111322161/LOC111323636/LOC111331303/LOC111324532,7
GO:0009617,response to bacterium,13/230,315/7572,0.0412698412698413,1.35867494824017,1.15082983056942,0.161594015280938,0.481179094464751,0.410588211398494,LOC111332158/LOC111321843/LOC111328749/LOC111333170/LOC111325671/LOC111322161/LOC111327334/LOC111329755/LOC111331589/LOC111323636/LOC111322256/LOC111331303/LOC111324532,13
GO:0046887,positive regulation of hormone secretion,5/230,95/7572,0.0526315789473684,1.73272311212815,1.27195384928643,0.161921584779525,0.481179094464751,0.410588211398494,LOC111325642/LOC111323945/LOC111338776/LOC111340883/LOC111323527,5
GO:0009743,response to carbohydrate,6/230,121/7572,0.0495867768595041,1.63248293208768,1.24127373173892,0.161930486227768,0.481179094464751,0.410588211398494,LOC111324621/LOC111325671/LOC111338776/LOC111340883/LOC111346320/LOC111333695,6
GO:0035265,organ growth,4/230,70/7572,0.0571428571428571,1.88124223602484,1.31095910704482,0.162926890581998,0.481179094464751,0.410588211398494,LOC111320817/LOC111320821/LOC111320842/LOC111334412,4
GO:0001938,positive regulation of endothelial cell proliferation,3/230,46/7572,0.0652173913043478,2.14706994328922,1.3810838918648,0.163082787516422,0.481179094464751,0.410588211398494,LOC111322288/LOC111333478/LOC111340622,3
GO:0045138,nematode male tail tip morphogenesis,3/230,46/7572,0.0652173913043478,2.14706994328922,1.3810838918648,0.163082787516422,0.481179094464751,0.410588211398494,LOC111322288/LOC111335693/LOC111333901,3
GO:0090175,regulation of establishment of planar polarity,3/230,46/7572,0.0652173913043478,2.14706994328922,1.3810838918648,0.163082787516422,0.481179094464751,0.410588211398494,LOC111323862/LOC111323127/LOC111333893,3
GO:0099173,postsynapse organization,3/230,46/7572,0.0652173913043478,2.14706994328922,1.3810838918648,0.163082787516422,0.481179094464751,0.410588211398494,LOC111336974/LOC111335693/LOC111326544,3
GO:0009629,response to gravity,2/230,24/7572,0.0833333333333333,2.74347826086957,1.514047717161,0.164256318791539,0.481179094464751,0.410588211398494,LOC111346320/LOC111334761,2
GO:0010712,regulation of collagen metabolic process,2/230,24/7572,0.0833333333333333,2.74347826086957,1.514047717161,0.164256318791539,0.481179094464751,0.410588211398494,LOC111322288/LOC111327334,2
GO:0048557,embryonic digestive tract morphogenesis,2/230,24/7572,0.0833333333333333,2.74347826086957,1.514047717161,0.164256318791539,0.481179094464751,0.410588211398494,LOC111326654/LOC111333767,2
GO:0048680,positive regulation of axon regeneration,2/230,24/7572,0.0833333333333333,2.74347826086957,1.514047717161,0.164256318791539,0.481179094464751,0.410588211398494,LOC111328393/LOC111320751,2
GO:0050999,regulation of nitric-oxide synthase activity,2/230,24/7572,0.0833333333333333,2.74347826086957,1.514047717161,0.164256318791539,0.481179094464751,0.410588211398494,LOC111324532/LOC111326058,2
GO:0060688,regulation of morphogenesis of a branching structure,2/230,24/7572,0.0833333333333333,2.74347826086957,1.514047717161,0.164256318791539,0.481179094464751,0.410588211398494,LOC111328024/LOC111330631,2
GO:0070572,positive regulation of neuron projection regeneration,2/230,24/7572,0.0833333333333333,2.74347826086957,1.514047717161,0.164256318791539,0.481179094464751,0.410588211398494,LOC111328393/LOC111320751,2
GO:0090218,positive regulation of lipid kinase activity,2/230,24/7572,0.0833333333333333,2.74347826086957,1.514047717161,0.164256318791539,0.481179094464751,0.410588211398494,LOC111322288/LOC111327334,2
GO:0050803,regulation of synapse structure or activity,10/230,231/7572,0.0432900432900433,1.42518351214003,1.16155062796034,0.164848865978098,0.48174280251852,0.41106922124329,LOC111330631/LOC111332158/LOC111336974/LOC111326654/LOC111331664/LOC111323777/LOC111326544/LOC111321894/LOC111325851/LOC111343646,10
GO:2000147,positive regulation of cell motility,10/230,231/7572,0.0432900432900433,1.42518351214003,1.16155062796034,0.164848865978098,0.48174280251852,0.41106922124329,LOC111323862/LOC111333735/LOC111322288/LOC111335693/LOC111333478/LOC111323127/LOC111345144/LOC111321759/LOC111326544/LOC111340622,10
GO:0009746,response to hexose,5/230,96/7572,0.0520833333333333,1.71467391304348,1.24721765820517,0.166897254754986,0.487137684181827,0.415672652353089,LOC111324621/LOC111338776/LOC111340883/LOC111346320/LOC111333695,5
GO:0002250,adaptive immune response,3/230,47/7572,0.0638297872340425,2.10138760407031,1.34050738874585,0.170554712532026,0.497210348398448,0.424267616748457,LOC111328749/LOC111323636/LOC111344752,3
GO:0042335,cuticle development,4/230,72/7572,0.0555555555555556,1.82898550724638,1.25088073976656,0.174811913734074,0.507569415225749,0.433106967354722,LOC111329099/LOC111340398/LOC111333893/LOC111333767,4
GO:0072073,kidney epithelium development,4/230,72/7572,0.0555555555555556,1.82898550724638,1.25088073976656,0.174811913734074,0.507569415225749,0.433106967354722,LOC111322288/LOC111321759/LOC111330961/LOC111333767,4
GO:0007586,digestion,2/230,25/7572,0.08,2.63373913043478,1.44810112694032,0.17515777642782,0.507569415225749,0.433106967354722,LOC111323945/LOC111342147,2
GO:0060285,cilium-dependent cell motility,2/230,25/7572,0.08,2.63373913043478,1.44810112694032,0.17515777642782,0.507569415225749,0.433106967354722,LOC111331389/LOC111331219,2
GO:0033500,carbohydrate homeostasis,6/230,124/7572,0.0483870967741936,1.5929873772791,1.17833779652708,0.175173476166157,0.507569415225749,0.433106967354722,LOC111324621/LOC111323945/LOC111328749/LOC111338776/LOC111340883/LOC111323636,6
GO:0060828,regulation of canonical Wnt signaling pathway,7/230,151/7572,0.0463576158940397,1.52617333717247,1.15589782391583,0.175372821207568,0.507569415225749,0.433106967354722,LOC111328024/LOC111323862/LOC111336974/LOC111340883/LOC111333893/LOC111333767/LOC111340622,7
GO:0001818,negative regulation of cytokine production,5/230,98/7572,0.0510204081632653,1.67968056787933,1.19860116558669,0.177027235475773,0.511742596669461,0.436667926516343,LOC111325642/LOC111342023/LOC111333170/LOC111327334/LOC111326544,5
GO:0009880,embryonic pattern specification,8/230,179/7572,0.0446927374301676,1.471362642701,1.12954795453013,0.177535156742202,0.512450324858063,0.437271828170545,LOC111327880/LOC111336934/LOC111333478/LOC111323127/LOC111333893/LOC111325851/LOC111333767/LOC111343646,8
GO:0021885,forebrain cell migration,3/230,48/7572,0.0625,2.05760869565217,1.30093197813581,0.178123306439451,0.512450324858063,0.437271828170545,LOC111333478/LOC111321759/LOC111333767,3
GO:0022029,telencephalon cell migration,3/230,48/7572,0.0625,2.05760869565217,1.30093197813581,0.178123306439451,0.512450324858063,0.437271828170545,LOC111333478/LOC111321759/LOC111333767,3
GO:0060993,kidney morphogenesis,3/230,48/7572,0.0625,2.05760869565217,1.30093197813581,0.178123306439451,0.512450324858063,0.437271828170545,LOC111340883/LOC111330961/LOC111333767,3
GO:0019221,cytokine-mediated signaling pathway,8/230,180/7572,0.0444444444444444,1.4631884057971,1.11313106822664,0.181277414727389,0.520902165469635,0.444483750217139,LOC111332158/LOC111320871/LOC111322288/LOC111322266/LOC111345144/LOC111346320/LOC111322261/LOC111334113,8
GO:0050807,regulation of synapse organization,9/230,208/7572,0.0432692307692308,1.4244983277592,1.09871261850694,0.181562477982246,0.521099460049163,0.444652100898743,LOC111330631/LOC111332158/LOC111336974/LOC111326654/LOC111331664/LOC111323777/LOC111326544/LOC111321894/LOC111343646,9
GO:0034329,cell junction assembly,5/230,99/7572,0.0505050505050505,1.66271409749671,1.17470729660524,0.182178364268894,0.522244644237497,0.445629282021155,LOC111335693/LOC111335321/LOC111323127/LOC111325851/LOC111332138,5
GO:0016053,organic acid biosynthetic process,8/230,181/7572,0.0441988950276243,1.45510449195292,1.09681191428046,0.185054156772908,0.524325519990763,0.447404885041952,LOC111326885/LOC111331664/LOC111333875/LOC111327210/LOC111331622/LOC111331303/LOC111334900/LOC111341830,8
GO:0046394,carboxylic acid biosynthetic process,8/230,181/7572,0.0441988950276243,1.45510449195292,1.09681191428046,0.185054156772908,0.524325519990763,0.447404885041952,LOC111326885/LOC111331664/LOC111333875/LOC111327210/LOC111331622/LOC111331303/LOC111334900/LOC111341830,8
GO:0002244,hematopoietic progenitor cell differentiation,3/230,49/7572,0.0612244897959184,2.01561668145519,1.26230902032529,0.185782696182532,0.524325519990763,0.447404885041952,LOC111343122/LOC111345144/LOC111340883,3
GO:0003151,outflow tract morphogenesis,3/230,49/7572,0.0612244897959184,2.01561668145519,1.26230902032529,0.185782696182532,0.524325519990763,0.447404885041952,LOC111333478/LOC111333893/LOC111344472,3
GO:0014910,regulation of smooth muscle cell migration,3/230,49/7572,0.0612244897959184,2.01561668145519,1.26230902032529,0.185782696182532,0.524325519990763,0.447404885041952,LOC111322288/LOC111333478/LOC111340596,3
GO:0043297,apical junction assembly,3/230,49/7572,0.0612244897959184,2.01561668145519,1.26230902032529,0.185782696182532,0.524325519990763,0.447404885041952,LOC111335321/LOC111323127/LOC111332138,3
GO:0045667,regulation of osteoblast differentiation,3/230,49/7572,0.0612244897959184,2.01561668145519,1.26230902032529,0.185782696182532,0.524325519990763,0.447404885041952,LOC111321680/LOC111333893/LOC111333767,3
GO:1903076,regulation of protein localization to plasma membrane,3/230,49/7572,0.0612244897959184,2.01561668145519,1.26230902032529,0.185782696182532,0.524325519990763,0.447404885041952,LOC111335693/LOC111331664/LOC111340596,3
GO:0003148,outflow tract septum morphogenesis,2/230,26/7572,0.0769230769230769,2.53244147157191,1.38530538076568,0.186170398501704,0.524325519990763,0.447404885041952,LOC111333478/LOC111344472,2
GO:0009187,cyclic nucleotide metabolic process,2/230,26/7572,0.0769230769230769,2.53244147157191,1.38530538076568,0.186170398501704,0.524325519990763,0.447404885041952,LOC111321593/LOC111326058,2
GO:0030500,regulation of bone mineralization,2/230,26/7572,0.0769230769230769,2.53244147157191,1.38530538076568,0.186170398501704,0.524325519990763,0.447404885041952,LOC111321680/LOC111331303,2
GO:0031214,biomineral tissue development,2/230,26/7572,0.0769230769230769,2.53244147157191,1.38530538076568,0.186170398501704,0.524325519990763,0.447404885041952,LOC111326058/LOC111344472,2
GO:0070509,calcium ion import,2/230,26/7572,0.0769230769230769,2.53244147157191,1.38530538076568,0.186170398501704,0.524325519990763,0.447404885041952,LOC111323527/LOC111326058,2
GO:0090162,establishment of epithelial cell polarity,2/230,26/7572,0.0769230769230769,2.53244147157191,1.38530538076568,0.186170398501704,0.524325519990763,0.447404885041952,LOC111333893/LOC111334412,2
GO:1903053,regulation of extracellular matrix organization,2/230,26/7572,0.0769230769230769,2.53244147157191,1.38530538076568,0.186170398501704,0.524325519990763,0.447404885041952,LOC111340596/LOC111340622,2
GO:0045785,positive regulation of cell adhesion,7/230,154/7572,0.0454545454545455,1.49644268774704,1.10158855503162,0.187684806883621,0.527973148336168,0.450517391830827,LOC111335693/LOC111333478/LOC111323127/LOC111331622/LOC111328517/LOC111333767/LOC111325968,7
GO:0009152,purine ribonucleotide biosynthetic process,5/230,101/7572,0.0495049504950495,1.62978906586311,1.12771611372028,0.192644779938071,0.539584869299878,0.460425627239624,LOC111331664/LOC111346320/LOC111321593/LOC111331622/LOC111341830,5
GO:0010810,regulation of cell-substrate adhesion,5/230,101/7572,0.0495049504950495,1.62978906586311,1.12771611372028,0.192644779938071,0.539584869299878,0.460425627239624,LOC111335693/LOC111333478/LOC111345144/LOC111331622/LOC111333893,5
GO:0034284,response to monosaccharide,5/230,101/7572,0.0495049504950495,1.62978906586311,1.12771611372028,0.192644779938071,0.539584869299878,0.460425627239624,LOC111324621/LOC111338776/LOC111340883/LOC111346320/LOC111333695,5
GO:0048871,multicellular organismal-level homeostasis,8/230,183/7572,0.0437158469945355,1.4392017106201,1.06446181198164,0.192708881892814,0.539584869299878,0.460425627239624,LOC111320817/LOC111320821/LOC111335693/LOC111326885/LOC111320842/LOC111323527/LOC111331303/LOC111332138,8
GO:0090101,negative regulation of transmembrane receptor protein serine/threonine kinase signaling pathway,3/230,50/7572,0.06,1.97530434782609,1.22459321517773,0.193527067262173,0.540618535924955,0.461307650867946,LOC111331664/LOC111321680/LOC111333893,3
GO:1900182,positive regulation of protein localization to nucleus,3/230,50/7572,0.06,1.97530434782609,1.22459321517773,0.193527067262173,0.540618535924955,0.461307650867946,LOC111327334/LOC111331301/LOC111333767,3
GO:0032535,regulation of cellular component size,12/230,298/7572,0.0402684563758389,1.32570761599066,1.01527279349102,0.195112104758007,0.544151379879606,0.464322212591795,LOC111336828/LOC111342023/LOC111333478/LOC111333901/LOC111323777/LOC111321593/LOC111321894/LOC111328517/LOC111333893/LOC111326058/LOC111330877/LOC111340622,12
GO:0050770,regulation of axonogenesis,7/230,156/7572,0.0448717948717949,1.47725752508361,1.06601563496102,0.196085863610886,0.544151379879606,0.464322212591795,LOC111342023/LOC111336974/LOC111333478/LOC111333901/LOC111323777/LOC111333893/LOC111340622,7
GO:0001885,endothelial cell development,2/230,27/7572,0.0740740740740741,2.43864734299517,1.32537861510675,0.197277472855023,0.544151379879606,0.464322212591795,LOC111327880/LOC111342023,2
GO:0006726,eye pigment biosynthetic process,2/230,27/7572,0.0740740740740741,2.43864734299517,1.32537861510675,0.197277472855023,0.544151379879606,0.464322212591795,LOC111330589/LOC111334761,2
GO:0010828,positive regulation of D-glucose transmembrane transport,2/230,27/7572,0.0740740740740741,2.43864734299517,1.32537861510675,0.197277472855023,0.544151379879606,0.464322212591795,LOC111328749/LOC111323636,2
GO:0019369,arachidonate metabolic process,2/230,27/7572,0.0740740740740741,2.43864734299517,1.32537861510675,0.197277472855023,0.544151379879606,0.464322212591795,LOC111326885/LOC111331303,2
GO:0031018,endocrine pancreas development,2/230,27/7572,0.0740740740740741,2.43864734299517,1.32537861510675,0.197277472855023,0.544151379879606,0.464322212591795,LOC111338776/LOC111340883,2
GO:0032642,regulation of chemokine production,2/230,27/7572,0.0740740740740741,2.43864734299517,1.32537861510675,0.197277472855023,0.544151379879606,0.464322212591795,LOC111328749/LOC111323636,2
GO:0032648,regulation of interferon-beta production,2/230,27/7572,0.0740740740740741,2.43864734299517,1.32537861510675,0.197277472855023,0.544151379879606,0.464322212591795,LOC111342023/LOC111334113,2
GO:1904427,positive regulation of calcium ion transmembrane transport,2/230,27/7572,0.0740740740740741,2.43864734299517,1.32537861510675,0.197277472855023,0.544151379879606,0.464322212591795,LOC111323945/LOC111327334,2
GO:2000171,negative regulation of dendrite development,2/230,27/7572,0.0740740740740741,2.43864734299517,1.32537861510675,0.197277472855023,0.544151379879606,0.464322212591795,LOC111342023/LOC111345144,2
GO:0007297,follicle cell of egg chamber migration,5/230,102/7572,0.0490196078431373,1.61381074168798,1.10460656569038,0.197956761980776,0.544777008971094,0.464856059412299,LOC111342023/LOC111322288/LOC111323777/LOC111339275/LOC111333893,5
GO:0045765,regulation of angiogenesis,5/230,102/7572,0.0490196078431373,1.61381074168798,1.10460656569038,0.197956761980776,0.544777008971094,0.464856059412299,LOC111328024/LOC111328749/LOC111333478/LOC111323636/LOC111340622,5
GO:0019058,viral life cycle,4/230,76/7572,0.0526315789473684,1.73272311212815,1.13622737592695,0.199423020007618,0.546936938699709,0.466699118876479,LOC111342143/LOC111326544/LOC111333695/LOC111342147,4
GO:0042462,eye photoreceptor cell development,4/230,76/7572,0.0526315789473684,1.73272311212815,1.13622737592695,0.199423020007618,0.546936938699709,0.466699118876479,LOC111342023/LOC111322288/LOC111323777/LOC111340398,4
GO:0090288,negative regulation of cellular response to growth factor stimulus,4/230,76/7572,0.0526315789473684,1.73272311212815,1.13622737592695,0.199423020007618,0.546936938699709,0.466699118876479,LOC111328024/LOC111331664/LOC111321680/LOC111333893,4
GO:0002168,instar larval development,3/230,51/7572,0.0588235294117647,1.93657289002558,1.18774231006101,0.201350671775874,0.550968656404891,0.470139367591514,LOC111329099/LOC111333893/LOC111334412,3
GO:0014032,neural crest cell development,3/230,51/7572,0.0588235294117647,1.93657289002558,1.18774231006101,0.201350671775874,0.550968656404891,0.470139367591514,LOC111333478/LOC111325851/LOC111344472,3
GO:0006952,defense response,16/230,419/7572,0.0381861575178998,1.25715471619799,0.958496968479475,0.204139372705246,0.557965504511046,0.476109750308429,LOC111332158/LOC111325642/LOC111327252/LOC111328749/LOC111333170/LOC111322266/LOC111322161/LOC111338418/LOC111339275/LOC111327334/LOC111329755/LOC111331589/LOC111323636/LOC111331303/LOC111322261/LOC111322259,16
GO:0021537,telencephalon development,7/230,158/7572,0.0443037974683544,1.45855806274078,1.03093180376944,0.204634198156229,0.558612847511038,0.476662125520871,LOC111342023/LOC111320822/LOC111333478/LOC111345144/LOC111321759/LOC111326058/LOC111333767,7
GO:0010171,body morphogenesis,4/230,77/7572,0.051948051948052,1.71022021456804,1.10862820698564,0.20573457461344,0.558612847511038,0.476662125520871,LOC111336303/LOC111335693/LOC111322400/LOC111344472,4
GO:0007169,cell surface receptor protein tyrosine kinase signaling pathway,12/230,302/7572,0.0397350993377483,1.30814857471926,0.967230049168654,0.207388717182325,0.558612847511038,0.476662125520871,LOC111327880/LOC111328024/LOC111328393/LOC111324192/LOC111323862/LOC111322288/LOC111336934/LOC111333478/LOC111339275/LOC111320751/LOC111325851/LOC111338817,12
GO:0007310,oocyte dorsal/ventral axis specification,2/230,28/7572,0.0714285714285714,2.35155279503106,1.26807383575845,0.20846319188529,0.558612847511038,0.476662125520871,LOC111327880/LOC111336934,2
GO:0010669,epithelial structure maintenance,2/230,28/7572,0.0714285714285714,2.35155279503106,1.26807383575845,0.20846319188529,0.558612847511038,0.476662125520871,LOC111335693/LOC111332138,2
GO:0021532,neural tube patterning,2/230,28/7572,0.0714285714285714,2.35155279503106,1.26807383575845,0.20846319188529,0.558612847511038,0.476662125520871,LOC111325851/LOC111333767,2
GO:0030514,negative regulation of BMP signaling pathway,2/230,28/7572,0.0714285714285714,2.35155279503106,1.26807383575845,0.20846319188529,0.558612847511038,0.476662125520871,LOC111331664/LOC111333893,2
GO:0035166,post-embryonic hemopoiesis,2/230,28/7572,0.0714285714285714,2.35155279503106,1.26807383575845,0.20846319188529,0.558612847511038,0.476662125520871,LOC111329099/LOC111339275,2
GO:0035774,positive regulation of insulin secretion involved in cellular response to glucose stimulus,2/230,28/7572,0.0714285714285714,2.35155279503106,1.26807383575845,0.20846319188529,0.558612847511038,0.476662125520871,LOC111323945/LOC111338776,2
GO:0042441,eye pigment metabolic process,2/230,28/7572,0.0714285714285714,2.35155279503106,1.26807383575845,0.20846319188529,0.558612847511038,0.476662125520871,LOC111330589/LOC111334761,2
GO:0043474,pigment metabolic process involved in pigmentation,2/230,28/7572,0.0714285714285714,2.35155279503106,1.26807383575845,0.20846319188529,0.558612847511038,0.476662125520871,LOC111330589/LOC111334761,2
GO:0043542,endothelial cell migration,2/230,28/7572,0.0714285714285714,2.35155279503106,1.26807383575845,0.20846319188529,0.558612847511038,0.476662125520871,LOC111333478/LOC111324368,2
GO:0051055,negative regulation of lipid biosynthetic process,2/230,28/7572,0.0714285714285714,2.35155279503106,1.26807383575845,0.20846319188529,0.558612847511038,0.476662125520871,LOC111320024/LOC111322288,2
GO:0071869,response to catecholamine,2/230,28/7572,0.0714285714285714,2.35155279503106,1.26807383575845,0.20846319188529,0.558612847511038,0.476662125520871,LOC111320871/LOC111326058,2
GO:0090303,positive regulation of wound healing,2/230,28/7572,0.0714285714285714,2.35155279503106,1.26807383575845,0.20846319188529,0.558612847511038,0.476662125520871,LOC111323127/LOC111327334,2
GO:1902305,regulation of sodium ion transmembrane transport,2/230,28/7572,0.0714285714285714,2.35155279503106,1.26807383575845,0.20846319188529,0.558612847511038,0.476662125520871,LOC111320952/LOC111326058,2
GO:0001708,cell fate specification,5/230,104/7572,0.0480769230769231,1.58277591973244,1.05913047509538,0.208729892027182,0.558612847511038,0.476662125520871,LOC111326654/LOC111333478/LOC111333767/LOC111343646/LOC111344472,5
GO:0072330,monocarboxylic acid biosynthetic process,5/230,104/7572,0.0480769230769231,1.58277591973244,1.05913047509538,0.208729892027182,0.558612847511038,0.476662125520871,LOC111326885/LOC111331664/LOC111331622/LOC111334900/LOC111341830,5
GO:0007187,"G protein-coupled receptor signaling pathway, coupled to cyclic nucleotide second messenger",3/230,52/7572,0.0576923076923077,1.89933110367893,1.15171683854723,0.209247835737108,0.558612847511038,0.476662125520871,LOC111333893/LOC111324532/LOC111320921,3
GO:0014031,mesenchymal cell development,3/230,52/7572,0.0576923076923077,1.89933110367893,1.15171683854723,0.209247835737108,0.558612847511038,0.476662125520871,LOC111333478/LOC111325851/LOC111344472,3
GO:0050805,negative regulation of synaptic transmission,3/230,52/7572,0.0576923076923077,1.89933110367893,1.15171683854723,0.209247835737108,0.558612847511038,0.476662125520871,LOC111343017/LOC111324532/LOC111338912,3
GO:0046649,lymphocyte activation,6/230,132/7572,0.0454545454545455,1.49644268774704,1.01836383309296,0.212506375816344,0.566683668843583,0.483548925329023,LOC111329099/LOC111326654/LOC111340883/LOC111328517/LOC111333893/LOC111333767,6
GO:0002064,epithelial cell development,12/230,304/7572,0.0394736842105263,1.29954233409611,0.943454354030495,0.213652357848221,0.569109377985085,0.48561877331128,LOC111327880/LOC111330856/LOC111342023/LOC111320816/LOC111322288/LOC111323777/LOC111321759/LOC111339275/LOC111333893/LOC111326058/LOC111333767/LOC111343646,12
GO:0006164,purine nucleotide biosynthetic process,5/230,105/7572,0.0476190476190476,1.56770186335404,1.03675286597188,0.214187646695799,0.569275776206935,0.485760760253513,LOC111331664/LOC111346320/LOC111321593/LOC111331622/LOC111341830,5
GO:0006954,inflammatory response,5/230,105/7572,0.0476190476190476,1.56770186335404,1.03675286597188,0.214187646695799,0.569275776206935,0.485760760253513,LOC111327252/LOC111328749/LOC111322161/LOC111323636/LOC111331303,5
GO:0071345,cellular response to cytokine stimulus,14/230,364/7572,0.0384615384615385,1.26622073578595,0.921337044362279,0.216500564427939,0.573518444565504,0.489381012323773,LOC111320817/LOC111332158/LOC111325642/LOC111320871/LOC111320821/LOC111322288/LOC111325671/LOC111322266/LOC111320842/LOC111345144/LOC111346320/LOC111322261/LOC111334113/LOC111338817,14
GO:0006855,xenobiotic transmembrane transport,3/230,53/7572,0.0566037735849057,1.86349466776046,1.1164798861124,0.217212965715839,0.573518444565504,0.489381012323773,LOC111345835/LOC111342077/LOC111334900,3
GO:0008543,fibroblast growth factor receptor signaling pathway,3/230,53/7572,0.0566037735849057,1.86349466776046,1.1164798861124,0.217212965715839,0.573518444565504,0.489381012323773,LOC111324192/LOC111325851/LOC111338817,3
GO:0009620,response to fungus,3/230,53/7572,0.0566037735849057,1.86349466776046,1.1164798861124,0.217212965715839,0.573518444565504,0.489381012323773,LOC111333170/LOC111329754/LOC111322259,3
GO:0051701,biological process involved in interaction with host,3/230,53/7572,0.0566037735849057,1.86349466776046,1.1164798861124,0.217212965715839,0.573518444565504,0.489381012323773,LOC111342143/LOC111333695/LOC111342147,3
GO:1904398,positive regulation of neuromuscular junction development,3/230,53/7572,0.0566037735849057,1.86349466776046,1.1164798861124,0.217212965715839,0.573518444565504,0.489381012323773,LOC111336974/LOC111326544/LOC111343646,3
GO:0006631,fatty acid metabolic process,7/230,161/7572,0.0434782608695652,1.43137996219282,0.979191986059419,0.217718876008746,0.574224593021972,0.489983565998815,LOC111335819/LOC111326885/LOC111331664/LOC111346320/LOC111331622/LOC111331303/LOC111341830,7
GO:0008589,regulation of smoothened signaling pathway,4/230,79/7572,0.0506329113924051,1.66692350027518,1.05461768846555,0.218528378098229,0.574449482188769,0.490175463032207,LOC111328024/LOC111344634/LOC111331301/LOC111333767,4
GO:0030324,lung development,5/230,106/7572,0.0471698113207547,1.55291222313372,1.01460846594316,0.2196905806979,0.574449482188769,0.490175463032207,LOC111335693/LOC111333893/LOC111328120/LOC111333767/LOC111333334,5
GO:0055088,lipid homeostasis,5/230,106/7572,0.0471698113207547,1.55291222313372,1.01460846594316,0.2196905806979,0.574449482188769,0.490175463032207,LOC111320024/LOC111323945/LOC111325671/LOC111342143/LOC111342147,5
GO:0014075,response to amine,2/230,29/7572,0.0689655172413793,2.27046476761619,1.21317351855436,0.2197126134119,0.574449482188769,0.490175463032207,LOC111324532/LOC111333695,2
GO:0016486,peptide hormone processing,2/230,29/7572,0.0689655172413793,2.27046476761619,1.21317351855436,0.2197126134119,0.574449482188769,0.490175463032207,LOC111326544/LOC111321502,2
GO:0042307,positive regulation of protein import into nucleus,2/230,29/7572,0.0689655172413793,2.27046476761619,1.21317351855436,0.2197126134119,0.574449482188769,0.490175463032207,LOC111331301/LOC111333767,2
GO:0045466,R7 cell differentiation,2/230,29/7572,0.0689655172413793,2.27046476761619,1.21317351855436,0.2197126134119,0.574449482188769,0.490175463032207,LOC111342023/LOC111323777,2
GO:0071867,response to monoamine,2/230,29/7572,0.0689655172413793,2.27046476761619,1.21317351855436,0.2197126134119,0.574449482188769,0.490175463032207,LOC111320871/LOC111326058,2
GO:0030707,follicle cell of egg chamber development,8/230,190/7572,0.0421052631578947,1.38617848970252,0.954138039919106,0.22050245304766,0.57588926999866,0.491404028255545,LOC111342023/LOC111320816/LOC111322288/LOC111323777/LOC111339275/LOC111333893/LOC111333767/LOC111343646,8
GO:2000027,regulation of animal organ morphogenesis,7/230,162/7572,0.0432098765432099,1.42254428341385,0.962174814561056,0.222147071937838,0.579555957991673,0.494532798566072,LOC111328024/LOC111330631/LOC111323862/LOC111333901/LOC111323127/LOC111333893/LOC111344472,7
GO:0043473,pigmentation,5/230,107/7572,0.0467289719626168,1.53839902478667,0.992692174720582,0.225236972683499,0.58572273871869,0.499794888083093,LOC111330589/LOC111325851/LOC111331301/LOC111333767/LOC111334761,5
GO:0035088,establishment or maintenance of apical/basal cell polarity,3/230,54/7572,0.0555555555555556,1.82898550724638,1.08199687959131,0.225240554839496,0.58572273871869,0.499794888083093,LOC111331622/LOC111333893/LOC111334412,3
GO:1902652,secondary alcohol metabolic process,3/230,54/7572,0.0555555555555556,1.82898550724638,1.08199687959131,0.225240554839496,0.58572273871869,0.499794888083093,LOC111325671/LOC111340366/LOC111340596,3
GO:0071214,cellular response to abiotic stimulus,8/230,192/7572,0.0416666666666667,1.37173913043478,0.923408915128618,0.228709682848048,0.594102390828585,0.506945211967738,LOC111320817/LOC111336828/LOC111320821/LOC111322288/LOC111320842/LOC111327334/LOC111336999/LOC111333695,8
GO:0050708,regulation of protein secretion,9/230,221/7572,0.0407239819004525,1.34070430847924,0.909774797951719,0.229351689266409,0.594535179073744,0.507314508459498,LOC111325642/LOC111323945/LOC111328749/LOC111333901/LOC111338776/LOC111340883/LOC111320751/LOC111323527/LOC111323636,9
GO:0009260,ribonucleotide biosynthetic process,5/230,108/7572,0.0462962962962963,1.52415458937198,0.97099905248831,0.230825094525108,0.594535179073744,0.507314508459498,LOC111331664/LOC111346320/LOC111321593/LOC111331622/LOC111341830,5
GO:0006929,substrate-dependent cell migration,2/230,30/7572,0.0666666666666667,2.19478260869565,1.16048520151375,0.231011623068666,0.594535179073744,0.507314508459498,LOC111322288/LOC111333478,2
GO:0007494,midgut development,2/230,30/7572,0.0666666666666667,2.19478260869565,1.16048520151375,0.231011623068666,0.594535179073744,0.507314508459498,LOC111335693/LOC111331301,2
GO:0007608,sensory perception of smell,2/230,30/7572,0.0666666666666667,2.19478260869565,1.16048520151375,0.231011623068666,0.594535179073744,0.507314508459498,LOC111335693/LOC111333893,2
GO:0010812,negative regulation of cell-substrate adhesion,2/230,30/7572,0.0666666666666667,2.19478260869565,1.16048520151375,0.231011623068666,0.594535179073744,0.507314508459498,LOC111345144/LOC111333893,2
GO:0030509,BMP signaling pathway,2/230,30/7572,0.0666666666666667,2.19478260869565,1.16048520151375,0.231011623068666,0.594535179073744,0.507314508459498,LOC111323862/LOC111343646,2
GO:0045879,negative regulation of smoothened signaling pathway,2/230,30/7572,0.0666666666666667,2.19478260869565,1.16048520151375,0.231011623068666,0.594535179073744,0.507314508459498,LOC111328024/LOC111333767,2
GO:0006650,glycerophospholipid metabolic process,7/230,164/7572,0.0426829268292683,1.40519618239661,0.928474826146139,0.231098391865874,0.594535179073744,0.507314508459498,LOC111346087/LOC111335819/LOC111322288/LOC111331664/LOC111329762/LOC111331303/LOC111338817,7
GO:0043010,camera-type eye development,8/230,193/7572,0.0414507772020725,1.36463167380041,0.908171024299436,0.232854499002012,0.598346169505804,0.510566411468495,LOC111322288/LOC111333478/LOC111321759/LOC111320751/LOC111321680/LOC111330961/LOC111326058/LOC111333767,8
GO:0007043,cell-cell junction assembly,3/230,55/7572,0.0545454545454545,1.79573122529644,1.04823539758535,0.23332518819184,0.598346169505804,0.510566411468495,LOC111335321/LOC111323127/LOC111332138,3
GO:0014033,neural crest cell differentiation,3/230,55/7572,0.0545454545454545,1.79573122529644,1.04823539758535,0.23332518819184,0.598346169505804,0.510566411468495,LOC111333478/LOC111325851/LOC111344472,3
GO:0001525,angiogenesis,5/230,109/7572,0.0458715596330275,1.51017151974471,0.949524313383074,0.236453212972156,0.605078997701329,0.516311507043624,LOC111333478/LOC111320751/LOC111324368/LOC111344472/LOC111340622,5
GO:0050796,regulation of insulin secretion,5/230,109/7572,0.0458715596330275,1.51017151974471,0.949524313383074,0.236453212972156,0.605078997701329,0.516311507043624,LOC111325642/LOC111323945/LOC111338776/LOC111340883/LOC111323527,5
GO:0010976,positive regulation of neuron projection development,10/230,253/7572,0.0395256916996047,1.30125451108438,0.862583798868786,0.239935356071479,0.613337937813291,0.523358827859567,LOC111328393/LOC111335693/LOC111333478/LOC111323777/LOC111345144/LOC111320751/LOC111346320/LOC111326544/LOC111333893/LOC111340622,10
GO:0010453,regulation of cell fate commitment,3/230,56/7572,0.0535714285714286,1.76366459627329,1.01516499939607,0.24146154764531,0.615581572558402,0.525273312482077,LOC111333901/LOC111333893/LOC111325851,3
GO:0006939,smooth muscle contraction,2/230,31/7572,0.0645161290322581,2.12398316970547,1.10983785981272,0.24234689816668,0.615581572558402,0.525273312482077,LOC111328024/LOC111333735,2
GO:0030539,male genitalia development,2/230,31/7572,0.0645161290322581,2.12398316970547,1.10983785981272,0.24234689816668,0.615581572558402,0.525273312482077,LOC111332158/LOC111339275,2
GO:0048566,embryonic digestive tract development,2/230,31/7572,0.0645161290322581,2.12398316970547,1.10983785981272,0.24234689816668,0.615581572558402,0.525273312482077,LOC111326654/LOC111333767,2
GO:0051931,regulation of sensory perception,2/230,31/7572,0.0645161290322581,2.12398316970547,1.10983785981272,0.24234689816668,0.615581572558402,0.525273312482077,LOC111345835/LOC111332158,2
GO:1904591,positive regulation of protein import,2/230,31/7572,0.0645161290322581,2.12398316970547,1.10983785981272,0.24234689816668,0.615581572558402,0.525273312482077,LOC111331301/LOC111333767,2
GO:0042177,negative regulation of protein catabolic process,4/230,83/7572,0.0481927710843374,1.58658983761132,0.951031751456978,0.244719589001962,0.619638009599245,0.528734654108116,LOC111327625/LOC111326819/LOC111326544/LOC111325220,4
GO:0048762,mesenchymal cell differentiation,4/230,83/7572,0.0481927710843374,1.58658983761132,0.951031751456978,0.244719589001962,0.619638009599245,0.528734654108116,LOC111333478/LOC111325851/LOC111324368/LOC111344472,4
GO:0006470,protein dephosphorylation,5/230,111/7572,0.045045045045045,1.48296122209166,0.907211573983357,0.247822490689176,0.619638009599245,0.528734654108116,LOC111342023/LOC111323127/LOC111323777/LOC111345144/LOC111324410,5
GO:0046390,ribose phosphate biosynthetic process,5/230,111/7572,0.045045045045045,1.48296122209166,0.907211573983357,0.247822490689176,0.619638009599245,0.528734654108116,LOC111331664/LOC111346320/LOC111321593/LOC111331622/LOC111341830,5
GO:0050730,regulation of peptidyl-tyrosine phosphorylation,5/230,111/7572,0.045045045045045,1.48296122209166,0.907211573983357,0.247822490689176,0.619638009599245,0.528734654108116,LOC111322288/LOC111336974/LOC111333478/LOC111323127/LOC111345144,5
GO:0006865,amino acid transport,3/230,57/7572,0.0526315789473684,1.73272311212815,0.982757070376862,0.249644416160762,0.619638009599245,0.528734654108116,LOC111336828/LOC111330589/LOC111342077,3
GO:0016052,carbohydrate catabolic process,3/230,57/7572,0.0526315789473684,1.73272311212815,0.982757070376862,0.249644416160762,0.619638009599245,0.528734654108116,LOC111336425/LOC111337168/LOC111329016,3
GO:0060113,inner ear receptor cell differentiation,3/230,57/7572,0.0526315789473684,1.73272311212815,0.982757070376862,0.249644416160762,0.619638009599245,0.528734654108116,LOC111329099/LOC111333893/LOC111326058,3
GO:1904064,positive regulation of cation transmembrane transport,3/230,57/7572,0.0526315789473684,1.73272311212815,0.982757070376862,0.249644416160762,0.619638009599245,0.528734654108116,LOC111320952/LOC111323945/LOC111327334,3
GO:0043207,response to external biotic stimulus,16/230,436/7572,0.036697247706422,1.20813721579577,0.792316893271677,0.250835468031358,0.619638009599245,0.528734654108116,LOC111332158/LOC111321843/LOC111328749/LOC111333170/LOC111325671/LOC111322161/LOC111339275/LOC111327334/LOC111329755/LOC111331589/LOC111323636/LOC111322256/LOC111331303/LOC111324532/LOC111329754/LOC111322259,16
GO:0051707,response to other organism,16/230,436/7572,0.036697247706422,1.20813721579577,0.792316893271677,0.250835468031358,0.619638009599245,0.528734654108116,LOC111332158/LOC111321843/LOC111328749/LOC111333170/LOC111325671/LOC111322161/LOC111339275/LOC111327334/LOC111329755/LOC111331589/LOC111323636/LOC111322256/LOC111331303/LOC111324532/LOC111329754/LOC111322259,16
GO:0002521,leukocyte differentiation,6/230,140/7572,0.0428571428571429,1.41093167701863,0.868588627629337,0.252324573465924,0.619638009599245,0.528734654108116,LOC111329099/LOC111326654/LOC111340883/LOC111323527/LOC111333893/LOC111333767,6
GO:0022604,regulation of cell morphogenesis,13/230,346/7572,0.0375722543352601,1.23694395576778,0.798487379904685,0.252876195046093,0.619638009599245,0.528734654108116,LOC111332158/LOC111324192/LOC111342023/LOC111336974/LOC111333478/LOC111333901/LOC111323777/LOC111345144/LOC111327334/LOC111326544/LOC111333893/LOC111325968/LOC111340622,13
GO:0030323,respiratory tube development,5/230,112/7572,0.0446428571428571,1.46972049689441,0.886364717451974,0.253560172125541,0.619638009599245,0.528734654108116,LOC111335693/LOC111333893/LOC111328120/LOC111333767/LOC111333334,5
GO:0006821,chloride transport,2/230,32/7572,0.0625,2.05760869565217,1.06107890408719,0.253705872973492,0.619638009599245,0.528734654108116,LOC111336828/LOC111343017,2
GO:0060795,cell fate commitment involved in formation of primary germ layer,2/230,32/7572,0.0625,2.05760869565217,1.06107890408719,0.253705872973492,0.619638009599245,0.528734654108116,LOC111324192/LOC111326654,2
GO:1902742,apoptotic process involved in development,2/230,32/7572,0.0625,2.05760869565217,1.06107890408719,0.253705872973492,0.619638009599245,0.528734654108116,LOC111329099/LOC111338817,2
GO:0007635,chemosensory behavior,4/230,85/7572,0.0470588235294118,1.54925831202046,0.901292039396148,0.258072138903576,0.619638009599245,0.528734654108116,LOC111332158/LOC111343017/LOC111321502/LOC111340622,4
GO:0022409,positive regulation of cell-cell adhesion,4/230,85/7572,0.0470588235294118,1.54925831202046,0.901292039396148,0.258072138903576,0.619638009599245,0.528734654108116,LOC111335693/LOC111323127/LOC111333767/LOC111325968,4
GO:1901699,cellular response to nitrogen compound,14/230,379/7572,0.0369393139841689,1.21610645864403,0.763951296770282,0.261837751644874,0.619638009599245,0.528734654108116,LOC111320817/LOC111325642/LOC111320871/LOC111320821/LOC111320822/LOC111322288/LOC111320842/LOC111339275/LOC111320751/LOC111323527/LOC111346320/LOC111333893/LOC111326058/LOC111340596,14
GO:0001894,tissue homeostasis,6/230,142/7572,0.0422535211267606,1.39105939987753,0.832579753879549,0.262597397523254,0.619638009599245,0.528734654108116,LOC111320817/LOC111320821/LOC111335693/LOC111320842/LOC111331303/LOC111332138,6
GO:0051963,regulation of synapse assembly,6/230,142/7572,0.0422535211267606,1.39105939987753,0.832579753879549,0.262597397523254,0.619638009599245,0.528734654108116,LOC111330631/LOC111332158/LOC111331664/LOC111323777/LOC111326544/LOC111343646,6
GO:2001234,negative regulation of apoptotic signaling pathway,6/230,142/7572,0.0422535211267606,1.39105939987753,0.832579753879549,0.262597397523254,0.619638009599245,0.528734654108116,LOC111320817/LOC111320821/LOC111335693/LOC111333478/LOC111320842/LOC111338776,6
GO:1903531,negative regulation of secretion by cell,4/230,86/7572,0.0465116279069768,1.53124368048534,0.876902770311225,0.264802966274321,0.619638009599245,0.528734654108116,LOC111325642/LOC111328749/LOC111333901/LOC111323636,4
GO:0007611,learning or memory,9/230,230/7572,0.0391304347826087,1.28824196597354,0.785682880385377,0.264915574082139,0.619638009599245,0.528734654108116,LOC111332158/LOC111335693/LOC111345144/LOC111321759/LOC111322311/LOC111330961/LOC111334761/LOC111321502/LOC111329016,9
GO:0007291,sperm individualization,2/230,33/7572,0.0606060606060606,1.99525691699605,1.0140716789749,0.265076705356469,0.619638009599245,0.528734654108116,LOC111342143/LOC111342147,2
GO:0008355,olfactory learning,2/230,33/7572,0.0606060606060606,1.99525691699605,1.0140716789749,0.265076705356469,0.619638009599245,0.528734654108116,LOC111332158/LOC111321502,2
GO:0040036,regulation of fibroblast growth factor receptor signaling pathway,2/230,33/7572,0.0606060606060606,1.99525691699605,1.0140716789749,0.265076705356469,0.619638009599245,0.528734654108116,LOC111328024/LOC111322288,2
GO:0046717,acid secretion,2/230,33/7572,0.0606060606060606,1.99525691699605,1.0140716789749,0.265076705356469,0.619638009599245,0.528734654108116,LOC111331303/LOC111334900,2
GO:0048069,eye pigmentation,2/230,33/7572,0.0606060606060606,1.99525691699605,1.0140716789749,0.265076705356469,0.619638009599245,0.528734654108116,LOC111330589/LOC111334761,2
GO:0060071,"Wnt signaling pathway, planar cell polarity pathway",2/230,33/7572,0.0606060606060606,1.99525691699605,1.0140716789749,0.265076705356469,0.619638009599245,0.528734654108116,LOC111323862/LOC111333893,2
GO:0071277,cellular response to calcium ion,2/230,33/7572,0.0606060606060606,1.99525691699605,1.0140716789749,0.265076705356469,0.619638009599245,0.528734654108116,LOC111325642/LOC111323527,2
GO:1902476,chloride transmembrane transport,2/230,33/7572,0.0606060606060606,1.99525691699605,1.0140716789749,0.265076705356469,0.619638009599245,0.528734654108116,LOC111336828/LOC111343017,2
GO:0001754,eye photoreceptor cell differentiation,5/230,114/7572,0.043859649122807,1.44393592677346,0.845268880285071,0.265132931241928,0.619638009599245,0.528734654108116,LOC111342023/LOC111322288/LOC111323777/LOC111340398/LOC111333893,5
GO:0001504,neurotransmitter uptake,1/230,10/7572,0.1,3.29217391304348,1.28369715906311,0.265559146971105,0.619638009599245,0.528734654108116,LOC111334761,1
GO:0002121,inter-male aggressive behavior,1/230,10/7572,0.1,3.29217391304348,1.28369715906311,0.265559146971105,0.619638009599245,0.528734654108116,LOC111343017,1
GO:0002251,organ or tissue specific immune response,1/230,10/7572,0.1,3.29217391304348,1.28369715906311,0.265559146971105,0.619638009599245,0.528734654108116,LOC111333767,1
GO:0002385,mucosal immune response,1/230,10/7572,0.1,3.29217391304348,1.28369715906311,0.265559146971105,0.619638009599245,0.528734654108116,LOC111333767,1
GO:0003215,cardiac right ventricle morphogenesis,1/230,10/7572,0.1,3.29217391304348,1.28369715906311,0.265559146971105,0.619638009599245,0.528734654108116,LOC111340883,1
GO:0003266,regulation of secondary heart field cardioblast proliferation,1/230,10/7572,0.1,3.29217391304348,1.28369715906311,0.265559146971105,0.619638009599245,0.528734654108116,LOC111344472,1
GO:0006655,phosphatidylglycerol biosynthetic process,1/230,10/7572,0.1,3.29217391304348,1.28369715906311,0.265559146971105,0.619638009599245,0.528734654108116,LOC111331664,1
GO:0006825,copper ion transport,1/230,10/7572,0.1,3.29217391304348,1.28369715906311,0.265559146971105,0.619638009599245,0.528734654108116,LOC111328120,1
GO:0007158,neuron cell-cell adhesion,1/230,10/7572,0.1,3.29217391304348,1.28369715906311,0.265559146971105,0.619638009599245,0.528734654108116,LOC111332158,1
GO:0007522,visceral muscle development,1/230,10/7572,0.1,3.29217391304348,1.28369715906311,0.265559146971105,0.619638009599245,0.528734654108116,LOC111324192,1
GO:0008343,adult feeding behavior,1/230,10/7572,0.1,3.29217391304348,1.28369715906311,0.265559146971105,0.619638009599245,0.528734654108116,LOC111323945,1
GO:0009786,regulation of asymmetric cell division,1/230,10/7572,0.1,3.29217391304348,1.28369715906311,0.265559146971105,0.619638009599245,0.528734654108116,LOC111341087,1
GO:0010640,regulation of platelet-derived growth factor receptor signaling pathway,1/230,10/7572,0.1,3.29217391304348,1.28369715906311,0.265559146971105,0.619638009599245,0.528734654108116,LOC111340596,1
GO:0014029,neural crest formation,1/230,10/7572,0.1,3.29217391304348,1.28369715906311,0.265559146971105,0.619638009599245,0.528734654108116,LOC111325851,1
GO:0015868,purine ribonucleotide transport,1/230,10/7572,0.1,3.29217391304348,1.28369715906311,0.265559146971105,0.619638009599245,0.528734654108116,LOC111334761,1
GO:0019082,viral protein processing,1/230,10/7572,0.1,3.29217391304348,1.28369715906311,0.265559146971105,0.619638009599245,0.528734654108116,LOC111326544,1
GO:0030540,female genitalia development,1/230,10/7572,0.1,3.29217391304348,1.28369715906311,0.265559146971105,0.619638009599245,0.528734654108116,LOC111331622,1
GO:0032303,regulation of icosanoid secretion,1/230,10/7572,0.1,3.29217391304348,1.28369715906311,0.265559146971105,0.619638009599245,0.528734654108116,LOC111331664,1
GO:0032804,negative regulation of low-density lipoprotein particle receptor catabolic process,1/230,10/7572,0.1,3.29217391304348,1.28369715906311,0.265559146971105,0.619638009599245,0.528734654108116,LOC111326544,1
GO:0032902,nerve growth factor production,1/230,10/7572,0.1,3.29217391304348,1.28369715906311,0.265559146971105,0.619638009599245,0.528734654108116,LOC111326544,1
GO:0032911,negative regulation of transforming growth factor beta1 production,1/230,10/7572,0.1,3.29217391304348,1.28369715906311,0.265559146971105,0.619638009599245,0.528734654108116,LOC111326544,1
GO:0032925,regulation of activin receptor signaling pathway,1/230,10/7572,0.1,3.29217391304348,1.28369715906311,0.265559146971105,0.619638009599245,0.528734654108116,LOC111331301,1
GO:0033333,fin development,1/230,10/7572,0.1,3.29217391304348,1.28369715906311,0.265559146971105,0.619638009599245,0.528734654108116,LOC111327880,1
GO:0034755,iron ion transmembrane transport,1/230,10/7572,0.1,3.29217391304348,1.28369715906311,0.265559146971105,0.619638009599245,0.528734654108116,LOC111329754,1
GO:0035666,TRIF-dependent toll-like receptor signaling pathway,1/230,10/7572,0.1,3.29217391304348,1.28369715906311,0.265559146971105,0.619638009599245,0.528734654108116,LOC111334113,1
GO:0035864,response to potassium ion,1/230,10/7572,0.1,3.29217391304348,1.28369715906311,0.265559146971105,0.619638009599245,0.528734654108116,LOC111324621,1
GO:0035886,vascular associated smooth muscle cell differentiation,1/230,10/7572,0.1,3.29217391304348,1.28369715906311,0.265559146971105,0.619638009599245,0.528734654108116,LOC111322288,1
GO:0042339,keratan sulfate proteoglycan metabolic process,1/230,10/7572,0.1,3.29217391304348,1.28369715906311,0.265559146971105,0.619638009599245,0.528734654108116,LOC111336425,1
GO:0042554,superoxide anion generation,1/230,10/7572,0.1,3.29217391304348,1.28369715906311,0.265559146971105,0.619638009599245,0.528734654108116,LOC111335366,1
GO:0045019,negative regulation of nitric oxide biosynthetic process,1/230,10/7572,0.1,3.29217391304348,1.28369715906311,0.265559146971105,0.619638009599245,0.528734654108116,LOC111326058,1
GO:0045200,establishment of neuroblast polarity,1/230,10/7572,0.1,3.29217391304348,1.28369715906311,0.265559146971105,0.619638009599245,0.528734654108116,LOC111323862,1
GO:0046339,diacylglycerol metabolic process,1/230,10/7572,0.1,3.29217391304348,1.28369715906311,0.265559146971105,0.619638009599245,0.528734654108116,LOC111323127,1
GO:0048036,central complex development,1/230,10/7572,0.1,3.29217391304348,1.28369715906311,0.265559146971105,0.619638009599245,0.528734654108116,LOC111340622,1
GO:0048712,negative regulation of astrocyte differentiation,1/230,10/7572,0.1,3.29217391304348,1.28369715906311,0.265559146971105,0.619638009599245,0.528734654108116,LOC111327334,1
GO:0051693,actin filament capping,1/230,10/7572,0.1,3.29217391304348,1.28369715906311,0.265559146971105,0.619638009599245,0.528734654108116,LOC111321894,1
GO:0060019,radial glial cell differentiation,1/230,10/7572,0.1,3.29217391304348,1.28369715906311,0.265559146971105,0.619638009599245,0.528734654108116,LOC111333767,1
GO:0060413,atrial septum morphogenesis,1/230,10/7572,0.1,3.29217391304348,1.28369715906311,0.265559146971105,0.619638009599245,0.528734654108116,LOC111340883,1
GO:0060857,establishment of glial blood-brain barrier,1/230,10/7572,0.1,3.29217391304348,1.28369715906311,0.265559146971105,0.619638009599245,0.528734654108116,LOC111335321,1
GO:0070886,positive regulation of calcineurin-NFAT signaling cascade,1/230,10/7572,0.1,3.29217391304348,1.28369715906311,0.265559146971105,0.619638009599245,0.528734654108116,LOC111336828,1
GO:0071294,cellular response to zinc ion,1/230,10/7572,0.1,3.29217391304348,1.28369715906311,0.265559146971105,0.619638009599245,0.528734654108116,LOC111323945,1
GO:0071715,icosanoid transport,1/230,10/7572,0.1,3.29217391304348,1.28369715906311,0.265559146971105,0.619638009599245,0.528734654108116,LOC111331303,1
GO:0072015,podocyte development,1/230,10/7572,0.1,3.29217391304348,1.28369715906311,0.265559146971105,0.619638009599245,0.528734654108116,LOC111321759,1
GO:0072235,metanephric distal tubule development,1/230,10/7572,0.1,3.29217391304348,1.28369715906311,0.265559146971105,0.619638009599245,0.528734654108116,LOC111330961,1
GO:0072530,purine-containing compound transmembrane transport,1/230,10/7572,0.1,3.29217391304348,1.28369715906311,0.265559146971105,0.619638009599245,0.528734654108116,LOC111334761,1
GO:0090472,dibasic protein processing,1/230,10/7572,0.1,3.29217391304348,1.28369715906311,0.265559146971105,0.619638009599245,0.528734654108116,LOC111326544,1
GO:1904251,regulation of bile acid metabolic process,1/230,10/7572,0.1,3.29217391304348,1.28369715906311,0.265559146971105,0.619638009599245,0.528734654108116,LOC111320024,1
GO:1904886,beta-catenin destruction complex disassembly,1/230,10/7572,0.1,3.29217391304348,1.28369715906311,0.265559146971105,0.619638009599245,0.528734654108116,LOC111333893,1
GO:1905910,negative regulation of dauer entry,1/230,10/7572,0.1,3.29217391304348,1.28369715906311,0.265559146971105,0.619638009599245,0.528734654108116,LOC111326544,1
GO:1990573,potassium ion import across plasma membrane,1/230,10/7572,0.1,3.29217391304348,1.28369715906311,0.265559146971105,0.619638009599245,0.528734654108116,LOC111336828,1
GO:2000288,positive regulation of myoblast proliferation,1/230,10/7572,0.1,3.29217391304348,1.28369715906311,0.265559146971105,0.619638009599245,0.528734654108116,LOC111325851,1
GO:0006022,aminoglycan metabolic process,3/230,59/7572,0.0508474576271187,1.67398673544584,0.919822464106867,0.266129339989327,0.619767360439361,0.528845028666564,LOC111328024/LOC111336425/LOC111337168,3
GO:0051897,positive regulation of phosphatidylinositol 3-kinase/protein kinase B signal transduction,3/230,59/7572,0.0508474576271187,1.67398673544584,0.919822464106867,0.266129339989327,0.619767360439361,0.528845028666564,LOC111322288/LOC111338817/LOC111340622,3
GO:0008582,regulation of synaptic assembly at neuromuscular junction,5/230,115/7572,0.0434782608695652,1.43137996219282,0.82501181417676,0.270964541647409,0.62008657291091,0.529117411401511,LOC111330631/LOC111332158/LOC111331664/LOC111326544/LOC111343646,5
GO:0007420,brain development,17/230,474/7572,0.0358649789029536,1.18073747936159,0.71928788494659,0.272205208338881,0.62008657291091,0.529117411401511,LOC111332158/LOC111325642/LOC111329099/LOC111342023/LOC111320822/LOC111333478/LOC111331664/LOC111345144/LOC111321759/LOC111320751/LOC111335662/LOC111333893/LOC111331301/LOC111326058/LOC111333767/LOC111321502/LOC111340622,17
GO:0008654,phospholipid biosynthetic process,6/230,144/7572,0.0416666666666667,1.37173913043478,0.797107560213974,0.272978340267655,0.62008657291091,0.529117411401511,LOC111346087/LOC111331664/LOC111329762/LOC111346320/LOC111331303/LOC111338817,6
GO:0030097,hemopoiesis,12/230,322/7572,0.0372670807453416,1.22689711045099,0.736412664552317,0.273377540815352,0.62008657291091,0.529117411401511,LOC111327880/LOC111343122/LOC111329099/LOC111322288/LOC111326654/LOC111340398/LOC111345144/LOC111340883/LOC111339275/LOC111323527/LOC111333893/LOC111333767,12
GO:0010811,positive regulation of cell-substrate adhesion,3/230,60/7572,0.05,1.64608695652174,0.889246490729324,0.27442149854054,0.62008657291091,0.529117411401511,LOC111335693/LOC111333478/LOC111331622,3
GO:0035725,sodium ion transmembrane transport,3/230,60/7572,0.05,1.64608695652174,0.889246490729324,0.27442149854054,0.62008657291091,0.529117411401511,LOC111336828/LOC111330251/LOC111334900,3
GO:2001023,regulation of response to drug,3/230,60/7572,0.05,1.64608695652174,0.889246490729324,0.27442149854054,0.62008657291091,0.529117411401511,LOC111328749/LOC111333875/LOC111323636,3
GO:0001960,negative regulation of cytokine-mediated signaling pathway,2/230,34/7572,0.0588235294117647,1.93657289002558,0.968693366059243,0.276448244740067,0.62008657291091,0.529117411401511,LOC111336303/LOC111322400,2
GO:0014911,positive regulation of smooth muscle cell migration,2/230,34/7572,0.0588235294117647,1.93657289002558,0.968693366059243,0.276448244740067,0.62008657291091,0.529117411401511,LOC111322288/LOC111333478,2
GO:0043550,regulation of lipid kinase activity,2/230,34/7572,0.0588235294117647,1.93657289002558,0.968693366059243,0.276448244740067,0.62008657291091,0.529117411401511,LOC111322288/LOC111327334,2
GO:0048149,behavioral response to ethanol,2/230,34/7572,0.0588235294117647,1.93657289002558,0.968693366059243,0.276448244740067,0.62008657291091,0.529117411401511,LOC111332158/LOC111324410,2
GO:0050974,detection of mechanical stimulus involved in sensory perception,2/230,34/7572,0.0588235294117647,1.93657289002558,0.968693366059243,0.276448244740067,0.62008657291091,0.529117411401511,LOC111336828/LOC111326058,2
GO:0010817,regulation of hormone levels,11/230,293/7572,0.037542662116041,1.23596972844636,0.729100832723947,0.277513023389246,0.62008657291091,0.529117411401511,LOC111325642/LOC111323945/LOC111330589/LOC111338776/LOC111340883/LOC111342143/LOC111323527/LOC111331622/LOC111326544/LOC111321502/LOC111342147,11
GO:0001503,ossification,4/230,88/7572,0.0454545454545455,1.49644268774704,0.82904273122681,0.278360139655178,0.62008657291091,0.529117411401511,LOC111320817/LOC111320821/LOC111320842/LOC111333893,4
GO:0071236,cellular response to antibiotic,4/230,88/7572,0.0454545454545455,1.49644268774704,0.82904273122681,0.278360139655178,0.62008657291091,0.529117411401511,LOC111322288/LOC111323527/LOC111331303/LOC111336999,4
GO:0009952,anterior/posterior pattern specification,8/230,204/7572,0.0392156862745098,1.29104859335038,0.745828767838567,0.280054760057933,0.62008657291091,0.529117411401511,LOC111327880/LOC111323862/LOC111336934/LOC111341087/LOC111338776/LOC111333767/LOC111343646/LOC111344472,8
GO:0042490,mechanoreceptor differentiation,3/230,61/7572,0.0491803278688525,1.61910192444761,0.85923417360193,0.282740377994873,0.62008657291091,0.529117411401511,LOC111329099/LOC111333893/LOC111326058,3
GO:0048103,somatic stem cell division,3/230,61/7572,0.0491803278688525,1.61910192444761,0.85923417360193,0.282740377994873,0.62008657291091,0.529117411401511,LOC111323862/LOC111335662/LOC111333893,3
GO:0071902,positive regulation of protein serine/threonine kinase activity,7/230,176/7572,0.0397727272727273,1.30938735177866,0.735010915569492,0.287099273536932,0.62008657291091,0.529117411401511,LOC111323862/LOC111322288/LOC111323945/LOC111328749/LOC111346320/LOC111323636/LOC111326058,7
GO:0007450,"dorsal/ventral pattern formation, imaginal disc",2/230,35/7572,0.0571428571428571,1.88124223602484,0.924833215984089,0.287810001328501,0.62008657291091,0.529117411401511,LOC111328024/LOC111329099,2
GO:0010043,response to zinc ion,2/230,35/7572,0.0571428571428571,1.88124223602484,0.924833215984089,0.287810001328501,0.62008657291091,0.529117411401511,LOC111323945/LOC111325560,2
GO:0010172,embryonic body morphogenesis,2/230,35/7572,0.0571428571428571,1.88124223602484,0.924833215984089,0.287810001328501,0.62008657291091,0.529117411401511,LOC111336303/LOC111322400,2
GO:0016242,negative regulation of macroautophagy,2/230,35/7572,0.0571428571428571,1.88124223602484,0.924833215984089,0.287810001328501,0.62008657291091,0.529117411401511,LOC111342143/LOC111342147,2
GO:0032890,regulation of organic acid transport,2/230,35/7572,0.0571428571428571,1.88124223602484,0.924833215984089,0.287810001328501,0.62008657291091,0.529117411401511,LOC111331664/LOC111346320,2
GO:0046579,positive regulation of Ras protein signal transduction,2/230,35/7572,0.0571428571428571,1.88124223602484,0.924833215984089,0.287810001328501,0.62008657291091,0.529117411401511,LOC111320822/LOC111327558,2
GO:0046688,response to copper ion,2/230,35/7572,0.0571428571428571,1.88124223602484,0.924833215984089,0.287810001328501,0.62008657291091,0.529117411401511,LOC111328120/LOC111324368,2
GO:0048146,positive regulation of fibroblast proliferation,2/230,35/7572,0.0571428571428571,1.88124223602484,0.924833215984089,0.287810001328501,0.62008657291091,0.529117411401511,LOC111322288/LOC111345144,2
GO:0050832,defense response to fungus,2/230,35/7572,0.0571428571428571,1.88124223602484,0.924833215984089,0.287810001328501,0.62008657291091,0.529117411401511,LOC111333170/LOC111322259,2
GO:0051057,positive regulation of small GTPase mediated signal transduction,2/230,35/7572,0.0571428571428571,1.88124223602484,0.924833215984089,0.287810001328501,0.62008657291091,0.529117411401511,LOC111320822/LOC111327558,2
GO:0000303,response to superoxide,1/230,11/7572,0.0909090909090909,2.99288537549407,1.17063739922616,0.287897337422923,0.62008657291091,0.529117411401511,LOC111333170,1
GO:0002021,response to dietary excess,1/230,11/7572,0.0909090909090909,2.99288537549407,1.17063739922616,0.287897337422923,0.62008657291091,0.529117411401511,LOC111323945,1
GO:0002042,cell migration involved in sprouting angiogenesis,1/230,11/7572,0.0909090909090909,2.99288537549407,1.17063739922616,0.287897337422923,0.62008657291091,0.529117411401511,LOC111333478,1
GO:0002456,T cell mediated immunity,1/230,11/7572,0.0909090909090909,2.99288537549407,1.17063739922616,0.287897337422923,0.62008657291091,0.529117411401511,LOC111344752,1
GO:0003171,atrioventricular valve development,1/230,11/7572,0.0909090909090909,2.99288537549407,1.17063739922616,0.287897337422923,0.62008657291091,0.529117411401511,LOC111340883,1
GO:0003264,regulation of cardioblast proliferation,1/230,11/7572,0.0909090909090909,2.99288537549407,1.17063739922616,0.287897337422923,0.62008657291091,0.529117411401511,LOC111344472,1
GO:0009047,dosage compensation by hyperactivation of X chromosome,1/230,11/7572,0.0909090909090909,2.99288537549407,1.17063739922616,0.287897337422923,0.62008657291091,0.529117411401511,LOC111321403,1
GO:0010831,positive regulation of myotube differentiation,1/230,11/7572,0.0909090909090909,2.99288537549407,1.17063739922616,0.287897337422923,0.62008657291091,0.529117411401511,LOC111344472,1
GO:0010894,negative regulation of steroid biosynthetic process,1/230,11/7572,0.0909090909090909,2.99288537549407,1.17063739922616,0.287897337422923,0.62008657291091,0.529117411401511,LOC111320024,1
GO:0015740,C4-dicarboxylate transport,1/230,11/7572,0.0909090909090909,2.99288537549407,1.17063739922616,0.287897337422923,0.62008657291091,0.529117411401511,LOC111342077,1
GO:0015804,neutral amino acid transport,1/230,11/7572,0.0909090909090909,2.99288537549407,1.17063739922616,0.287897337422923,0.62008657291091,0.529117411401511,LOC111342077,1
GO:0015865,purine nucleotide transport,1/230,11/7572,0.0909090909090909,2.99288537549407,1.17063739922616,0.287897337422923,0.62008657291091,0.529117411401511,LOC111334761,1
GO:0016137,glycoside metabolic process,1/230,11/7572,0.0909090909090909,2.99288537549407,1.17063739922616,0.287897337422923,0.62008657291091,0.529117411401511,LOC111334156,1
GO:0018993,somatic sex determination,1/230,11/7572,0.0909090909090909,2.99288537549407,1.17063739922616,0.287897337422923,0.62008657291091,0.529117411401511,LOC111333767,1
GO:0021604,cranial nerve structural organization,1/230,11/7572,0.0909090909090909,2.99288537549407,1.17063739922616,0.287897337422923,0.62008657291091,0.529117411401511,LOC111333478,1
GO:0030070,insulin processing,1/230,11/7572,0.0909090909090909,2.99288537549407,1.17063739922616,0.287897337422923,0.62008657291091,0.529117411401511,LOC111326544,1
GO:0030194,positive regulation of blood coagulation,1/230,11/7572,0.0909090909090909,2.99288537549407,1.17063739922616,0.287897337422923,0.62008657291091,0.529117411401511,LOC111327334,1
GO:0030225,macrophage differentiation,1/230,11/7572,0.0909090909090909,2.99288537549407,1.17063739922616,0.287897337422923,0.62008657291091,0.529117411401511,LOC111326654,1
GO:0030237,female sex determination,1/230,11/7572,0.0909090909090909,2.99288537549407,1.17063739922616,0.287897337422923,0.62008657291091,0.529117411401511,LOC111333767,1
GO:0030878,thyroid gland development,1/230,11/7572,0.0909090909090909,2.99288537549407,1.17063739922616,0.287897337422923,0.62008657291091,0.529117411401511,LOC111344472,1
GO:0032048,cardiolipin metabolic process,1/230,11/7572,0.0909090909090909,2.99288537549407,1.17063739922616,0.287897337422923,0.62008657291091,0.529117411401511,LOC111331303,1
GO:0034695,response to prostaglandin E,1/230,11/7572,0.0909090909090909,2.99288537549407,1.17063739922616,0.287897337422923,0.62008657291091,0.529117411401511,LOC111327252,1
GO:0035158,"regulation of tube diameter, open tracheal system",1/230,11/7572,0.0909090909090909,2.99288537549407,1.17063739922616,0.287897337422923,0.62008657291091,0.529117411401511,LOC111332158,1
GO:0036151,phosphatidylcholine acyl-chain remodeling,1/230,11/7572,0.0909090909090909,2.99288537549407,1.17063739922616,0.287897337422923,0.62008657291091,0.529117411401511,LOC111331303,1
GO:0036152,phosphatidylethanolamine acyl-chain remodeling,1/230,11/7572,0.0909090909090909,2.99288537549407,1.17063739922616,0.287897337422923,0.62008657291091,0.529117411401511,LOC111331303,1
GO:0042473,outer ear morphogenesis,1/230,11/7572,0.0909090909090909,2.99288537549407,1.17063739922616,0.287897337422923,0.62008657291091,0.529117411401511,LOC111344472,1
GO:0045743,positive regulation of fibroblast growth factor receptor signaling pathway,1/230,11/7572,0.0909090909090909,2.99288537549407,1.17063739922616,0.287897337422923,0.62008657291091,0.529117411401511,LOC111322288,1
GO:0048670,regulation of collateral sprouting,1/230,11/7572,0.0909090909090909,2.99288537549407,1.17063739922616,0.287897337422923,0.62008657291091,0.529117411401511,LOC111342023,1
GO:0048745,smooth muscle tissue development,1/230,11/7572,0.0909090909090909,2.99288537549407,1.17063739922616,0.287897337422923,0.62008657291091,0.529117411401511,LOC111320822,1
GO:0050892,intestinal absorption,1/230,11/7572,0.0909090909090909,2.99288537549407,1.17063739922616,0.287897337422923,0.62008657291091,0.529117411401511,LOC111342147,1
GO:0051126,negative regulation of actin nucleation,1/230,11/7572,0.0909090909090909,2.99288537549407,1.17063739922616,0.287897337422923,0.62008657291091,0.529117411401511,LOC111330877,1
GO:0051412,response to corticosterone,1/230,11/7572,0.0909090909090909,2.99288537549407,1.17063739922616,0.287897337422923,0.62008657291091,0.529117411401511,LOC111326058,1
GO:0051597,response to methylmercury,1/230,11/7572,0.0909090909090909,2.99288537549407,1.17063739922616,0.287897337422923,0.62008657291091,0.529117411401511,LOC111331303,1
GO:0051894,positive regulation of focal adhesion assembly,1/230,11/7572,0.0909090909090909,2.99288537549407,1.17063739922616,0.287897337422923,0.62008657291091,0.529117411401511,LOC111333478,1
GO:0052652,cyclic purine nucleotide metabolic process,1/230,11/7572,0.0909090909090909,2.99288537549407,1.17063739922616,0.287897337422923,0.62008657291091,0.529117411401511,LOC111321593,1
GO:0055078,sodium ion homeostasis,1/230,11/7572,0.0909090909090909,2.99288537549407,1.17063739922616,0.287897337422923,0.62008657291091,0.529117411401511,LOC111336828,1
GO:0060290,transdifferentiation,1/230,11/7572,0.0909090909090909,2.99288537549407,1.17063739922616,0.287897337422923,0.62008657291091,0.529117411401511,LOC111338776,1
GO:0060856,establishment of blood-brain barrier,1/230,11/7572,0.0909090909090909,2.99288537549407,1.17063739922616,0.287897337422923,0.62008657291091,0.529117411401511,LOC111335321,1
GO:0060979,vasculogenesis involved in coronary vascular morphogenesis,1/230,11/7572,0.0909090909090909,2.99288537549407,1.17063739922616,0.287897337422923,0.62008657291091,0.529117411401511,LOC111333478,1
GO:0061158,3'-UTR-mediated mRNA destabilization,1/230,11/7572,0.0909090909090909,2.99288537549407,1.17063739922616,0.287897337422923,0.62008657291091,0.529117411401511,LOC111320938,1
GO:0061844,antimicrobial humoral immune response mediated by antimicrobial peptide,1/230,11/7572,0.0909090909090909,2.99288537549407,1.17063739922616,0.287897337422923,0.62008657291091,0.529117411401511,LOC111327334,1
GO:0070293,renal absorption,1/230,11/7572,0.0909090909090909,2.99288537549407,1.17063739922616,0.287897337422923,0.62008657291091,0.529117411401511,LOC111336828,1
GO:0071887,leukocyte apoptotic process,1/230,11/7572,0.0909090909090909,2.99288537549407,1.17063739922616,0.287897337422923,0.62008657291091,0.529117411401511,LOC111333767,1
GO:0072112,podocyte differentiation,1/230,11/7572,0.0909090909090909,2.99288537549407,1.17063739922616,0.287897337422923,0.62008657291091,0.529117411401511,LOC111321759,1
GO:0090050,positive regulation of cell migration involved in sprouting angiogenesis,1/230,11/7572,0.0909090909090909,2.99288537549407,1.17063739922616,0.287897337422923,0.62008657291091,0.529117411401511,LOC111333478,1
GO:0090251,protein localization involved in establishment of planar polarity,1/230,11/7572,0.0909090909090909,2.99288537549407,1.17063739922616,0.287897337422923,0.62008657291091,0.529117411401511,LOC111334412,1
GO:0090279,regulation of calcium ion import,1/230,11/7572,0.0909090909090909,2.99288537549407,1.17063739922616,0.287897337422923,0.62008657291091,0.529117411401511,LOC111322288,1
GO:0097062,dendritic spine maintenance,1/230,11/7572,0.0909090909090909,2.99288537549407,1.17063739922616,0.287897337422923,0.62008657291091,0.529117411401511,LOC111335693,1
GO:1903055,positive regulation of extracellular matrix organization,1/230,11/7572,0.0909090909090909,2.99288537549407,1.17063739922616,0.287897337422923,0.62008657291091,0.529117411401511,LOC111340622,1
GO:1904019,epithelial cell apoptotic process,1/230,11/7572,0.0909090909090909,2.99288537549407,1.17063739922616,0.287897337422923,0.62008657291091,0.529117411401511,LOC111329099,1
GO:1904707,positive regulation of vascular associated smooth muscle cell proliferation,1/230,11/7572,0.0909090909090909,2.99288537549407,1.17063739922616,0.287897337422923,0.62008657291091,0.529117411401511,LOC111322288,1
GO:2000169,regulation of peptidyl-cysteine S-nitrosylation,1/230,11/7572,0.0909090909090909,2.99288537549407,1.17063739922616,0.287897337422923,0.62008657291091,0.529117411401511,LOC111326058,1
GO:2000291,regulation of myoblast proliferation,1/230,11/7572,0.0909090909090909,2.99288537549407,1.17063739922616,0.287897337422923,0.62008657291091,0.529117411401511,LOC111325851,1
GO:2000352,negative regulation of endothelial cell apoptotic process,1/230,11/7572,0.0909090909090909,2.99288537549407,1.17063739922616,0.287897337422923,0.62008657291091,0.529117411401511,LOC111340622,1
GO:2000645,negative regulation of receptor catabolic process,1/230,11/7572,0.0909090909090909,2.99288537549407,1.17063739922616,0.287897337422923,0.62008657291091,0.529117411401511,LOC111326544,1
GO:0001817,regulation of cytokine production,9/230,236/7572,0.038135593220339,1.25549005158438,0.705722047019974,0.289530224952175,0.623046274964108,0.53164291341578,LOC111328024/LOC111325642/LOC111342023/LOC111328749/LOC111333170/LOC111327334/LOC111323636/LOC111326544/LOC111334113,9
GO:0007224,smoothened signaling pathway,3/230,62/7572,0.0483870967741936,1.5929873772791,0.829764166934032,0.291081314778364,0.623597692158631,0.532113435519168,LOC111323862/LOC111338776/LOC111333767,3
GO:0043112,receptor metabolic process,3/230,62/7572,0.0483870967741936,1.5929873772791,0.829764166934032,0.291081314778364,0.623597692158631,0.532113435519168,LOC111333613/LOC111327210/LOC111340596,3
GO:0048864,stem cell development,3/230,62/7572,0.0483870967741936,1.5929873772791,0.829764166934032,0.291081314778364,0.623597692158631,0.532113435519168,LOC111333478/LOC111325851/LOC111344472,3
GO:0050982,detection of mechanical stimulus,3/230,62/7572,0.0483870967741936,1.5929873772791,0.829764166934032,0.291081314778364,0.623597692158631,0.532113435519168,LOC111336828/LOC111337892/LOC111326058,3
GO:0051965,positive regulation of synapse assembly,3/230,62/7572,0.0483870967741936,1.5929873772791,0.829764166934032,0.291081314778364,0.623597692158631,0.532113435519168,LOC111323777/LOC111326544/LOC111343646,3
GO:0044272,sulfur compound biosynthetic process,4/230,90/7572,0.0444444444444444,1.4631884057971,0.78235422762024,0.292026871495281,0.625067294720566,0.533367441552083,LOC111331664/LOC111346320/LOC111331622/LOC111341830,4
GO:0002253,activation of immune response,6/230,148/7572,0.0405405405405405,1.33466509988249,0.727705491046578,0.294025928262455,0.626655931142831,0.534723018705545,LOC111328749/LOC111325671/LOC111338418/LOC111323636/LOC111334113/LOC111325968,6
GO:0031669,cellular response to nutrient levels,7/230,178/7572,0.0393258426966292,1.29467513434294,0.70412071166813,0.296748531618372,0.626655931142831,0.534723018705545,LOC111320817/LOC111325642/LOC111320821/LOC111320842/LOC111329755/LOC111333893/LOC111326058,7
GO:0009607,response to biotic stimulus,16/230,452/7572,0.0353982300884956,1.16537129665256,0.641686205517309,0.298241203310033,0.626655931142831,0.534723018705545,LOC111332158/LOC111321843/LOC111328749/LOC111333170/LOC111325671/LOC111322161/LOC111339275/LOC111327334/LOC111329755/LOC111331589/LOC111323636/LOC111322256/LOC111331303/LOC111324532/LOC111329754/LOC111322259,16
GO:0002824,positive regulation of adaptive immune response based on somatic recombination of immune receptors built from immunoglobulin superfamily domains,2/230,36/7572,0.0555555555555556,1.82898550724638,0.882391050229401,0.299152116547032,0.626655931142831,0.534723018705545,LOC111328749/LOC111323636,2
GO:0006911,"phagocytosis, engulfment",2/230,36/7572,0.0555555555555556,1.82898550724638,0.882391050229401,0.299152116547032,0.626655931142831,0.534723018705545,LOC111328749/LOC111323636,2
GO:0007530,sex determination,2/230,36/7572,0.0555555555555556,1.82898550724638,0.882391050229401,0.299152116547032,0.626655931142831,0.534723018705545,LOC111330631/LOC111333767,2
GO:0042491,inner ear auditory receptor cell differentiation,2/230,36/7572,0.0555555555555556,1.82898550724638,0.882391050229401,0.299152116547032,0.626655931142831,0.534723018705545,LOC111329099/LOC111326058,2
GO:0050850,positive regulation of calcium-mediated signaling,2/230,36/7572,0.0555555555555556,1.82898550724638,0.882391050229401,0.299152116547032,0.626655931142831,0.534723018705545,LOC111332158/LOC111336828,2
GO:0060761,negative regulation of response to cytokine stimulus,2/230,36/7572,0.0555555555555556,1.82898550724638,0.882391050229401,0.299152116547032,0.626655931142831,0.534723018705545,LOC111336303/LOC111322400,2
GO:0097553,calcium ion transmembrane import into cytosol,2/230,36/7572,0.0555555555555556,1.82898550724638,0.882391050229401,0.299152116547032,0.626655931142831,0.534723018705545,LOC111323527/LOC111326058,2
GO:0045995,regulation of embryonic development,6/230,149/7572,0.0402684563758389,1.32570761599066,0.710664577127135,0.299340309099923,0.626655931142831,0.534723018705545,LOC111328024/LOC111330631/LOC111322288/LOC111333901/LOC111333893/LOC111325851,6
GO:0030317,flagellated sperm motility,3/230,63/7572,0.0476190476190476,1.56770186335404,0.800816279698708,0.29943976271631,0.626655931142831,0.534723018705545,LOC111325671/LOC111331389/LOC111326058,3
GO:0050680,negative regulation of epithelial cell proliferation,3/230,63/7572,0.0476190476190476,1.56770186335404,0.800816279698708,0.29943976271631,0.626655931142831,0.534723018705545,LOC111328024/LOC111332789/LOC111333334,3
GO:0050777,negative regulation of immune response,3/230,63/7572,0.0476190476190476,1.56770186335404,0.800816279698708,0.29943976271631,0.626655931142831,0.534723018705545,LOC111327252/LOC111320822/LOC111338418,3
GO:1904375,regulation of protein localization to cell periphery,3/230,63/7572,0.0476190476190476,1.56770186335404,0.800816279698708,0.29943976271631,0.626655931142831,0.534723018705545,LOC111335693/LOC111331664/LOC111340596,3
GO:0035148,tube formation,5/230,120/7572,0.0416666666666667,1.37173913043478,0.726483624879244,0.300506071296491,0.626655931142831,0.534723018705545,LOC111330856/LOC111340883/LOC111333893/LOC111325851/LOC111331301,5
GO:0050890,cognition,9/230,239/7572,0.0376569037656904,1.23973076223395,0.666523130208215,0.302063807420943,0.626655931142831,0.534723018705545,LOC111332158/LOC111335693/LOC111345144/LOC111321759/LOC111322311/LOC111330961/LOC111334761/LOC111321502/LOC111329016,9
GO:0050772,positive regulation of axonogenesis,4/230,92/7572,0.0434782608695652,1.43137996219282,0.736777634138753,0.305782230693092,0.626655931142831,0.534723018705545,LOC111333478/LOC111333893/LOC111340596/LOC111340622,4
GO:0051146,striated muscle cell differentiation,7/230,180/7572,0.0388888888888889,1.28028985507246,0.673590577581453,0.306468792308005,0.626655931142831,0.534723018705545,LOC111330631/LOC111324192/LOC111326654/LOC111333901/LOC111321759/LOC111325851/LOC111344472,7
GO:0050848,regulation of calcium-mediated signaling,3/230,64/7572,0.046875,1.54320652173913,0.772371395527313,0.30781129442296,0.626655931142831,0.534723018705545,LOC111332158/LOC111336828/LOC111326058,3
GO:0050906,detection of stimulus involved in sensory perception,3/230,64/7572,0.046875,1.54320652173913,0.772371395527313,0.30781129442296,0.626655931142831,0.534723018705545,LOC111336828/LOC111326058/LOC111340622,3
GO:0000038,very long-chain fatty acid metabolic process,1/230,12/7572,0.0833333333333333,2.74347826086957,1.06974339309534,0.309558971121207,0.626655931142831,0.534723018705545,LOC111341830,1
GO:0002118,aggressive behavior,1/230,12/7572,0.0833333333333333,2.74347826086957,1.06974339309534,0.309558971121207,0.626655931142831,0.534723018705545,LOC111343017,1
GO:0002286,T cell activation involved in immune response,1/230,12/7572,0.0833333333333333,2.74347826086957,1.06974339309534,0.309558971121207,0.626655931142831,0.534723018705545,LOC111328517,1
GO:0003283,atrial septum development,1/230,12/7572,0.0833333333333333,2.74347826086957,1.06974339309534,0.309558971121207,0.626655931142831,0.534723018705545,LOC111340883,1
GO:0006182,cGMP biosynthetic process,1/230,12/7572,0.0833333333333333,2.74347826086957,1.06974339309534,0.309558971121207,0.626655931142831,0.534723018705545,LOC111321593,1
GO:0006884,cell volume homeostasis,1/230,12/7572,0.0833333333333333,2.74347826086957,1.06974339309534,0.309558971121207,0.626655931142831,0.534723018705545,LOC111336828,1
GO:0007509,mesoderm migration involved in gastrulation,1/230,12/7572,0.0833333333333333,2.74347826086957,1.06974339309534,0.309558971121207,0.626655931142831,0.534723018705545,LOC111324192,1
GO:0010463,mesenchymal cell proliferation,1/230,12/7572,0.0833333333333333,2.74347826086957,1.06974339309534,0.309558971121207,0.626655931142831,0.534723018705545,LOC111338817,1
GO:0019731,antibacterial humoral response,1/230,12/7572,0.0833333333333333,2.74347826086957,1.06974339309534,0.309558971121207,0.626655931142831,0.534723018705545,LOC111334472,1
GO:0021516,dorsal spinal cord development,1/230,12/7572,0.0833333333333333,2.74347826086957,1.06974339309534,0.309558971121207,0.626655931142831,0.534723018705545,LOC111325851,1
GO:0021533,cell differentiation in hindbrain,1/230,12/7572,0.0833333333333333,2.74347826086957,1.06974339309534,0.309558971121207,0.626655931142831,0.534723018705545,LOC111326058,1
GO:0021535,cell migration in hindbrain,1/230,12/7572,0.0833333333333333,2.74347826086957,1.06974339309534,0.309558971121207,0.626655931142831,0.534723018705545,LOC111333478,1
GO:0021692,cerebellar Purkinje cell layer morphogenesis,1/230,12/7572,0.0833333333333333,2.74347826086957,1.06974339309534,0.309558971121207,0.626655931142831,0.534723018705545,LOC111326058,1
GO:0031954,positive regulation of protein autophosphorylation,1/230,12/7572,0.0833333333333333,2.74347826086957,1.06974339309534,0.309558971121207,0.626655931142831,0.534723018705545,LOC111322288,1
GO:0032148,activation of protein kinase B activity,1/230,12/7572,0.0833333333333333,2.74347826086957,1.06974339309534,0.309558971121207,0.626655931142831,0.534723018705545,LOC111322288,1
GO:0032803,regulation of low-density lipoprotein particle receptor catabolic process,1/230,12/7572,0.0833333333333333,2.74347826086957,1.06974339309534,0.309558971121207,0.626655931142831,0.534723018705545,LOC111326544,1
GO:0032908,regulation of transforming growth factor beta1 production,1/230,12/7572,0.0833333333333333,2.74347826086957,1.06974339309534,0.309558971121207,0.626655931142831,0.534723018705545,LOC111326544,1
GO:0034110,regulation of homotypic cell-cell adhesion,1/230,12/7572,0.0833333333333333,2.74347826086957,1.06974339309534,0.309558971121207,0.626655931142831,0.534723018705545,LOC111321308,1
GO:0034113,heterotypic cell-cell adhesion,1/230,12/7572,0.0833333333333333,2.74347826086957,1.06974339309534,0.309558971121207,0.626655931142831,0.534723018705545,LOC111335693,1
GO:0035290,trunk segmentation,1/230,12/7572,0.0833333333333333,2.74347826086957,1.06974339309534,0.309558971121207,0.626655931142831,0.534723018705545,LOC111333478,1
GO:0038007,netrin-activated signaling pathway,1/230,12/7572,0.0833333333333333,2.74347826086957,1.06974339309534,0.309558971121207,0.626655931142831,0.534723018705545,LOC111333901,1
GO:0043367,"CD4-positive, alpha-beta T cell differentiation",1/230,12/7572,0.0833333333333333,2.74347826086957,1.06974339309534,0.309558971121207,0.626655931142831,0.534723018705545,LOC111326654,1
GO:0043951,negative regulation of cAMP-mediated signaling,1/230,12/7572,0.0833333333333333,2.74347826086957,1.06974339309534,0.309558971121207,0.626655931142831,0.534723018705545,LOC111326058,1
GO:0046320,regulation of fatty acid oxidation,1/230,12/7572,0.0833333333333333,2.74347826086957,1.06974339309534,0.309558971121207,0.626655931142831,0.534723018705545,LOC111346320,1
GO:0046337,phosphatidylethanolamine metabolic process,1/230,12/7572,0.0833333333333333,2.74347826086957,1.06974339309534,0.309558971121207,0.626655931142831,0.534723018705545,LOC111335819,1
GO:0046513,ceramide biosynthetic process,1/230,12/7572,0.0833333333333333,2.74347826086957,1.06974339309534,0.309558971121207,0.626655931142831,0.534723018705545,LOC111326885,1
GO:0050996,positive regulation of lipid catabolic process,1/230,12/7572,0.0833333333333333,2.74347826086957,1.06974339309534,0.309558971121207,0.626655931142831,0.534723018705545,LOC111346320,1
GO:0051481,negative regulation of cytosolic calcium ion concentration,1/230,12/7572,0.0833333333333333,2.74347826086957,1.06974339309534,0.309558971121207,0.626655931142831,0.534723018705545,LOC111326058,1
GO:0060670,branching involved in labyrinthine layer morphogenesis,1/230,12/7572,0.0833333333333333,2.74347826086957,1.06974339309534,0.309558971121207,0.626655931142831,0.534723018705545,LOC111330856,1
GO:0071635,negative regulation of transforming growth factor beta production,1/230,12/7572,0.0833333333333333,2.74347826086957,1.06974339309534,0.309558971121207,0.626655931142831,0.534723018705545,LOC111326544,1
GO:0071907,determination of digestive tract left/right asymmetry,1/230,12/7572,0.0833333333333333,2.74347826086957,1.06974339309534,0.309558971121207,0.626655931142831,0.534723018705545,LOC111326654,1
GO:0090557,establishment of endothelial intestinal barrier,1/230,12/7572,0.0833333333333333,2.74347826086957,1.06974339309534,0.309558971121207,0.626655931142831,0.534723018705545,LOC111342023,1
GO:0097028,dendritic cell differentiation,1/230,12/7572,0.0833333333333333,2.74347826086957,1.06974339309534,0.309558971121207,0.626655931142831,0.534723018705545,LOC111323527,1
GO:1903393,positive regulation of adherens junction organization,1/230,12/7572,0.0833333333333333,2.74347826086957,1.06974339309534,0.309558971121207,0.626655931142831,0.534723018705545,LOC111333478,1
GO:1905332,positive regulation of morphogenesis of an epithelium,1/230,12/7572,0.0833333333333333,2.74347826086957,1.06974339309534,0.309558971121207,0.626655931142831,0.534723018705545,LOC111330631,1
GO:1905909,regulation of dauer entry,1/230,12/7572,0.0833333333333333,2.74347826086957,1.06974339309534,0.309558971121207,0.626655931142831,0.534723018705545,LOC111326544,1
GO:2000479,regulation of cAMP-dependent protein kinase activity,1/230,12/7572,0.0833333333333333,2.74347826086957,1.06974339309534,0.309558971121207,0.626655931142831,0.534723018705545,LOC111326058,1
GO:0001892,embryonic placenta development,2/230,37/7572,0.0540540540540541,1.77955346650999,0.841275985132755,0.310465334656726,0.626655931142831,0.534723018705545,LOC111330856/LOC111322288,2
GO:0003281,ventricular septum development,2/230,37/7572,0.0540540540540541,1.77955346650999,0.841275985132755,0.310465334656726,0.626655931142831,0.534723018705545,LOC111340883/LOC111333893,2
GO:0008154,actin polymerization or depolymerization,2/230,37/7572,0.0540540540540541,1.77955346650999,0.841275985132755,0.310465334656726,0.626655931142831,0.534723018705545,LOC111330205/LOC111321894,2
GO:0043536,positive regulation of blood vessel endothelial cell migration,2/230,37/7572,0.0540540540540541,1.77955346650999,0.841275985132755,0.310465334656726,0.626655931142831,0.534723018705545,LOC111322288/LOC111333478,2
GO:0046854,phosphatidylinositol phosphate biosynthetic process,2/230,37/7572,0.0540540540540541,1.77955346650999,0.841275985132755,0.310465334656726,0.626655931142831,0.534723018705545,LOC111322288/LOC111338817,2
GO:0050766,positive regulation of phagocytosis,2/230,37/7572,0.0540540540540541,1.77955346650999,0.841275985132755,0.310465334656726,0.626655931142831,0.534723018705545,LOC111328749/LOC111323636,2
GO:0051180,vitamin transport,2/230,37/7572,0.0540540540540541,1.77955346650999,0.841275985132755,0.310465334656726,0.626655931142831,0.534723018705545,LOC111345835/LOC111330251,2
GO:0051279,regulation of release of sequestered calcium ion into cytosol,2/230,37/7572,0.0540540540540541,1.77955346650999,0.841275985132755,0.310465334656726,0.626655931142831,0.534723018705545,LOC111323945/LOC111327334,2
GO:0060402,calcium ion transport into cytosol,2/230,37/7572,0.0540540540540541,1.77955346650999,0.841275985132755,0.310465334656726,0.626655931142831,0.534723018705545,LOC111323527/LOC111326058,2
GO:0098661,inorganic anion transmembrane transport,2/230,37/7572,0.0540540540540541,1.77955346650999,0.841275985132755,0.310465334656726,0.626655931142831,0.534723018705545,LOC111336828/LOC111343017,2
GO:0052547,regulation of peptidase activity,7/230,181/7572,0.0386740331491713,1.2732164304588,0.658457654018046,0.311353289139876,0.627921876255294,0.535803244645189,LOC111330856/LOC111327252/LOC111327625/LOC111326819/LOC111326544/LOC111325220/LOC111344752,7
GO:0001764,neuron migration,4/230,93/7572,0.0430107526881721,1.41598877980365,0.714388863073056,0.312686751062751,0.629030657108692,0.536749362946392,LOC111335693/LOC111333478/LOC111333901/LOC111328517,4
GO:0030177,positive regulation of Wnt signaling pathway,4/230,93/7572,0.0430107526881721,1.41598877980365,0.714388863073056,0.312686751062751,0.629030657108692,0.536749362946392,LOC111328024/LOC111323862/LOC111340883/LOC111340622,4
GO:0046330,positive regulation of JNK cascade,4/230,93/7572,0.0430107526881721,1.41598877980365,0.714388863073056,0.312686751062751,0.629030657108692,0.536749362946392,LOC111323862/LOC111337453/LOC111333893/LOC111337462,4
GO:0042692,muscle cell differentiation,8/230,212/7572,0.0377358490566038,1.24232977850697,0.63338702078712,0.315882867477038,0.633435423062234,0.540507932251041,LOC111330631/LOC111324192/LOC111322288/LOC111326654/LOC111333901/LOC111321759/LOC111325851/LOC111344472,8
GO:1903532,positive regulation of secretion by cell,8/230,212/7572,0.0377358490566038,1.24232977850697,0.63338702078712,0.315882867477038,0.633435423062234,0.540507932251041,LOC111325642/LOC111323945/LOC111328749/LOC111338776/LOC111340883/LOC111320751/LOC111323527/LOC111323636,8
GO:0043271,negative regulation of monoatomic ion transport,3/230,65/7572,0.0461538461538462,1.51946488294314,0.744411399332366,0.31619160237575,0.633435423062234,0.540507932251041,LOC111328749/LOC111331664/LOC111323636,3
GO:0045773,positive regulation of axon extension,3/230,65/7572,0.0461538461538462,1.51946488294314,0.744411399332366,0.31619160237575,0.633435423062234,0.540507932251041,LOC111333478/LOC111333893/LOC111340622,3
GO:0051282,regulation of sequestering of calcium ion,3/230,65/7572,0.0461538461538462,1.51946488294314,0.744411399332366,0.31619160237575,0.633435423062234,0.540507932251041,LOC111323945/LOC111323527/LOC111327334,3
GO:0007044,cell-substrate junction assembly,2/230,38/7572,0.0526315789473684,1.73272311212815,0.801405340121991,0.321740975499161,0.639870740191099,0.545999162813877,LOC111335693/LOC111325851,2
GO:0030183,B cell differentiation,2/230,38/7572,0.0526315789473684,1.73272311212815,0.801405340121991,0.321740975499161,0.639870740191099,0.545999162813877,LOC111326654/LOC111328842,2
GO:0040019,positive regulation of embryonic development,2/230,38/7572,0.0526315789473684,1.73272311212815,0.801405340121991,0.321740975499161,0.639870740191099,0.545999162813877,LOC111330631/LOC111322288,2
GO:0048581,negative regulation of post-embryonic development,2/230,38/7572,0.0526315789473684,1.73272311212815,0.801405340121991,0.321740975499161,0.639870740191099,0.545999162813877,LOC111329099/LOC111326544,2
GO:0007163,establishment or maintenance of cell polarity,9/230,244/7572,0.0368852459016393,1.21432644333571,0.602297819544816,0.323234766373186,0.639870740191099,0.545999162813877,LOC111323862/LOC111330856/LOC111335321/LOC111340398/LOC111329762/LOC111331622/LOC111333893/LOC111334412/LOC111322245,9
GO:0034330,cell junction organization,5/230,124/7572,0.0403225806451613,1.32748948106592,0.650761294912659,0.324497826637084,0.639870740191099,0.545999162813877,LOC111335693/LOC111335321/LOC111323127/LOC111325851/LOC111332138,5
GO:0032956,regulation of actin cytoskeleton organization,7/230,184/7572,0.0380434782608696,1.25245746691871,0.613574128872435,0.326093430324301,0.639870740191099,0.545999162813877,LOC111333478/LOC111323527/LOC111321894/LOC111333893/LOC111340596/LOC111330877/LOC111340622,7
GO:0001829,trophectodermal cell differentiation,1/230,13/7572,0.0769230769230769,2.53244147157191,0.978716141586177,0.330564452158525,0.639870740191099,0.545999162813877,LOC111343122,1
GO:0002756,MyD88-independent toll-like receptor signaling pathway,1/230,13/7572,0.0769230769230769,2.53244147157191,0.978716141586177,0.330564452158525,0.639870740191099,0.545999162813877,LOC111334113,1
GO:0003209,cardiac atrium morphogenesis,1/230,13/7572,0.0769230769230769,2.53244147157191,0.978716141586177,0.330564452158525,0.639870740191099,0.545999162813877,LOC111340883,1
GO:0006930,"substrate-dependent cell migration, cell extension",1/230,13/7572,0.0769230769230769,2.53244147157191,0.978716141586177,0.330564452158525,0.639870740191099,0.545999162813877,LOC111333478,1
GO:0007446,imaginal disc growth,1/230,13/7572,0.0769230769230769,2.53244147157191,0.978716141586177,0.330564452158525,0.639870740191099,0.545999162813877,LOC111334412,1
GO:0008210,estrogen metabolic process,1/230,13/7572,0.0769230769230769,2.53244147157191,0.978716141586177,0.330564452158525,0.639870740191099,0.545999162813877,LOC111331622,1
GO:0010962,regulation of glucan biosynthetic process,1/230,13/7572,0.0769230769230769,2.53244147157191,0.978716141586177,0.330564452158525,0.639870740191099,0.545999162813877,LOC111324410,1
GO:0021513,spinal cord dorsal/ventral patterning,1/230,13/7572,0.0769230769230769,2.53244147157191,0.978716141586177,0.330564452158525,0.639870740191099,0.545999162813877,LOC111333767,1
GO:0021697,cerebellar cortex formation,1/230,13/7572,0.0769230769230769,2.53244147157191,0.978716141586177,0.330564452158525,0.639870740191099,0.545999162813877,LOC111326058,1
GO:0021871,forebrain regionalization,1/230,13/7572,0.0769230769230769,2.53244147157191,0.978716141586177,0.330564452158525,0.639870740191099,0.545999162813877,LOC111333767,1
GO:0030835,negative regulation of actin filament depolymerization,1/230,13/7572,0.0769230769230769,2.53244147157191,0.978716141586177,0.330564452158525,0.639870740191099,0.545999162813877,LOC111321894,1
GO:0031645,negative regulation of nervous system process,1/230,13/7572,0.0769230769230769,2.53244147157191,0.978716141586177,0.330564452158525,0.639870740191099,0.545999162813877,LOC111345835,1
GO:0032528,microvillus organization,1/230,13/7572,0.0769230769230769,2.53244147157191,0.978716141586177,0.330564452158525,0.639870740191099,0.545999162813877,LOC111340398,1
GO:0035116,embryonic hindlimb morphogenesis,1/230,13/7572,0.0769230769230769,2.53244147157191,0.978716141586177,0.330564452158525,0.639870740191099,0.545999162813877,LOC111338817,1
GO:0035332,positive regulation of hippo signaling,1/230,13/7572,0.0769230769230769,2.53244147157191,0.978716141586177,0.330564452158525,0.639870740191099,0.545999162813877,LOC111334412,1
GO:0035710,"CD4-positive, alpha-beta T cell activation",1/230,13/7572,0.0769230769230769,2.53244147157191,0.978716141586177,0.330564452158525,0.639870740191099,0.545999162813877,LOC111326654,1
GO:0043589,skin morphogenesis,1/230,13/7572,0.0769230769230769,2.53244147157191,0.978716141586177,0.330564452158525,0.639870740191099,0.545999162813877,LOC111320871,1
GO:0045056,transcytosis,1/230,13/7572,0.0769230769230769,2.53244147157191,0.978716141586177,0.330564452158525,0.639870740191099,0.545999162813877,LOC111340596,1
GO:0045737,positive regulation of cyclin-dependent protein serine/threonine kinase activity,1/230,13/7572,0.0769230769230769,2.53244147157191,0.978716141586177,0.330564452158525,0.639870740191099,0.545999162813877,LOC111322288,1
GO:0046461,neutral lipid catabolic process,1/230,13/7572,0.0769230769230769,2.53244147157191,0.978716141586177,0.330564452158525,0.639870740191099,0.545999162813877,LOC111325671,1
GO:0046689,response to mercury ion,1/230,13/7572,0.0769230769230769,2.53244147157191,0.978716141586177,0.330564452158525,0.639870740191099,0.545999162813877,LOC111328842,1
GO:0048710,regulation of astrocyte differentiation,1/230,13/7572,0.0769230769230769,2.53244147157191,0.978716141586177,0.330564452158525,0.639870740191099,0.545999162813877,LOC111327334,1
GO:0048935,peripheral nervous system neuron development,1/230,13/7572,0.0769230769230769,2.53244147157191,0.978716141586177,0.330564452158525,0.639870740191099,0.545999162813877,LOC111333901,1
GO:0050820,positive regulation of coagulation,1/230,13/7572,0.0769230769230769,2.53244147157191,0.978716141586177,0.330564452158525,0.639870740191099,0.545999162813877,LOC111327334,1
GO:0050853,B cell receptor signaling pathway,1/230,13/7572,0.0769230769230769,2.53244147157191,0.978716141586177,0.330564452158525,0.639870740191099,0.545999162813877,LOC111328842,1
GO:0060025,regulation of synaptic activity,1/230,13/7572,0.0769230769230769,2.53244147157191,0.978716141586177,0.330564452158525,0.639870740191099,0.545999162813877,LOC111325851,1
GO:0060088,auditory receptor cell stereocilium organization,1/230,13/7572,0.0769230769230769,2.53244147157191,0.978716141586177,0.330564452158525,0.639870740191099,0.545999162813877,LOC111326058,1
GO:0061000,negative regulation of dendritic spine development,1/230,13/7572,0.0769230769230769,2.53244147157191,0.978716141586177,0.330564452158525,0.639870740191099,0.545999162813877,LOC111342023,1
GO:0070208,protein heterotrimerization,1/230,13/7572,0.0769230769230769,2.53244147157191,0.978716141586177,0.330564452158525,0.639870740191099,0.545999162813877,LOC111320871,1
GO:0072017,distal tubule development,1/230,13/7572,0.0769230769230769,2.53244147157191,0.978716141586177,0.330564452158525,0.639870740191099,0.545999162813877,LOC111330961,1
GO:0072234,metanephric nephron tubule development,1/230,13/7572,0.0769230769230769,2.53244147157191,0.978716141586177,0.330564452158525,0.639870740191099,0.545999162813877,LOC111330961,1
GO:0097688,glutamate receptor clustering,1/230,13/7572,0.0769230769230769,2.53244147157191,0.978716141586177,0.330564452158525,0.639870740191099,0.545999162813877,LOC111326544,1
GO:1900153,"positive regulation of nuclear-transcribed mRNA catabolic process, deadenylation-dependent decay",1/230,13/7572,0.0769230769230769,2.53244147157191,0.978716141586177,0.330564452158525,0.639870740191099,0.545999162813877,LOC111320938,1
GO:1903409,reactive oxygen species biosynthetic process,1/230,13/7572,0.0769230769230769,2.53244147157191,0.978716141586177,0.330564452158525,0.639870740191099,0.545999162813877,LOC111333170,1
GO:1903792,negative regulation of monoatomic anion transport,1/230,13/7572,0.0769230769230769,2.53244147157191,0.978716141586177,0.330564452158525,0.639870740191099,0.545999162813877,LOC111331664,1
GO:0050773,regulation of dendrite development,6/230,155/7572,0.0387096774193548,1.27438990182328,0.610876171491312,0.331575290492283,0.641311887152946,0.547228887796184,LOC111342023/LOC111333901/LOC111323777/LOC111345144/LOC111332747/LOC111326544,6
GO:0007631,feeding behavior,3/230,67/7572,0.0447761194029851,1.47410772225827,0.689878218557301,0.332961920652255,0.642463098763167,0.548211212093767,LOC111333986/LOC111323945/LOC111342546,3
GO:0043113,receptor clustering,2/230,39/7572,0.0512820512820513,1.68829431438127,0.762703699453322,0.332970908329083,0.642463098763167,0.548211212093767,LOC111336974/LOC111326544,2
GO:0048701,embryonic cranial skeleton morphogenesis,2/230,39/7572,0.0512820512820513,1.68829431438127,0.762703699453322,0.332970908329083,0.642463098763167,0.548211212093767,LOC111330631/LOC111344472,2
GO:0001701,in utero embryonic development,8/230,216/7572,0.037037037037037,1.21932367149758,0.578795137215777,0.334140962518847,0.644204513807352,0.549697154638902,LOC111343122/LOC111329099/LOC111330856/LOC111322288/LOC111328749/LOC111325671/LOC111323636/LOC111333767,8
GO:0051147,regulation of muscle cell differentiation,4/230,97/7572,0.0412371134020619,1.35759748991484,0.627347369540962,0.340426027257433,0.651540509711834,0.555956930825975,LOC111322288/LOC111333893/LOC111322526/LOC111344472,4
GO:0031346,positive regulation of cell projection organization,11/230,310/7572,0.0354838709677419,1.16819074333801,0.535165570506264,0.341595341048985,0.651540509711834,0.555956930825975,LOC111328393/LOC111342023/LOC111335693/LOC111333478/LOC111323777/LOC111345144/LOC111320751/LOC111346320/LOC111326544/LOC111333893/LOC111340622,11
GO:0046474,glycerophospholipid biosynthetic process,5/230,127/7572,0.0393700787401575,1.29613146182814,0.595644877096088,0.342631308815448,0.651540509711834,0.555956930825975,LOC111346087/LOC111331664/LOC111329762/LOC111331303/LOC111338817,5
GO:0001837,epithelial to mesenchymal transition,2/230,40/7572,0.05,1.64608695652174,0.725102102516322,0.344147526694523,0.651540509711834,0.555956930825975,LOC111325851/LOC111324368,2
GO:0002698,negative regulation of immune effector process,2/230,40/7572,0.05,1.64608695652174,0.725102102516322,0.344147526694523,0.651540509711834,0.555956930825975,LOC111327252/LOC111338418,2
GO:0046834,lipid phosphorylation,2/230,40/7572,0.05,1.64608695652174,0.725102102516322,0.344147526694523,0.651540509711834,0.555956930825975,LOC111322288/LOC111338817,2
GO:0048709,oligodendrocyte differentiation,2/230,40/7572,0.05,1.64608695652174,0.725102102516322,0.344147526694523,0.651540509711834,0.555956930825975,LOC111345144/LOC111333767,2
GO:0006812,monoatomic cation transport,12/230,342/7572,0.0350877192982456,1.15514874141876,0.519667446626112,0.34519942734201,0.651540509711834,0.555956930825975,LOC111336828/LOC111322161/LOC111342077/LOC111330251/LOC111323527/LOC111329755/LOC111330961/LOC111328120/LOC111334900/LOC111326058/LOC111334761/LOC111329754,12
GO:0034762,regulation of transmembrane transport,7/230,188/7572,0.0372340425531915,1.22580943570768,0.554892068437321,0.345915707458024,0.651540509711834,0.555956930825975,LOC111320952/LOC111323945/LOC111328749/LOC111346320/LOC111327334/LOC111323636/LOC111326058,7
GO:0061351,neural precursor cell proliferation,4/230,98/7572,0.0408163265306122,1.34374445430346,0.606185498104808,0.347379167333248,0.651540509711834,0.555956930825975,LOC111323862/LOC111346320/LOC111335662/LOC111333767,4
GO:0001745,compound eye morphogenesis,6/230,158/7572,0.0379746835443038,1.25019262520638,0.562483915018706,0.347863884252479,0.651540509711834,0.555956930825975,LOC111329099/LOC111342023/LOC111323777/LOC111329762/LOC111333893/LOC111334412,6
GO:0050821,protein stabilization,5/230,128/7572,0.0390625,1.28600543478261,0.577576399954477,0.348693843621861,0.651540509711834,0.555956930825975,LOC111343122/LOC111322266/LOC111323127/LOC111340883/LOC111322261,5
GO:0090276,regulation of peptide hormone secretion,5/230,128/7572,0.0390625,1.28600543478261,0.577576399954477,0.348693843621861,0.651540509711834,0.555956930825975,LOC111325642/LOC111323945/LOC111338776/LOC111340883/LOC111323527,5
GO:0043123,positive regulation of canonical NF-kappaB signal transduction,3/230,69/7572,0.0434782608695652,1.43137996219282,0.637089417500113,0.349718677579539,0.651540509711834,0.555956930825975,LOC111323862/LOC111337453/LOC111337462,3
GO:0044070,regulation of monoatomic anion transport,3/230,69/7572,0.0434782608695652,1.43137996219282,0.637089417500113,0.349718677579539,0.651540509711834,0.555956930825975,LOC111331664/LOC111346320/LOC111333012,3
GO:0062013,positive regulation of small molecule metabolic process,3/230,69/7572,0.0434782608695652,1.43137996219282,0.637089417500113,0.349718677579539,0.651540509711834,0.555956930825975,LOC111322288/LOC111346320/LOC111331303,3
GO:0097306,cellular response to alcohol,3/230,69/7572,0.0434782608695652,1.43137996219282,0.637089417500113,0.349718677579539,0.651540509711834,0.555956930825975,LOC111325642/LOC111336999/LOC111326058,3
GO:0000305,response to oxygen radical,1/230,14/7572,0.0714285714285714,2.35155279503106,0.895832759596545,0.350933571883824,0.651540509711834,0.555956930825975,LOC111333170,1
GO:0001937,negative regulation of endothelial cell proliferation,1/230,14/7572,0.0714285714285714,2.35155279503106,0.895832759596545,0.350933571883824,0.651540509711834,0.555956930825975,LOC111328024,1
GO:0002093,auditory receptor cell morphogenesis,1/230,14/7572,0.0714285714285714,2.35155279503106,0.895832759596545,0.350933571883824,0.651540509711834,0.555956930825975,LOC111326058,1
GO:0003179,heart valve morphogenesis,1/230,14/7572,0.0714285714285714,2.35155279503106,0.895832759596545,0.350933571883824,0.651540509711834,0.555956930825975,LOC111340883,1
GO:0005979,regulation of glycogen biosynthetic process,1/230,14/7572,0.0714285714285714,2.35155279503106,0.895832759596545,0.350933571883824,0.651540509711834,0.555956930825975,LOC111324410,1
GO:0009642,response to light intensity,1/230,14/7572,0.0714285714285714,2.35155279503106,0.895832759596545,0.350933571883824,0.651540509711834,0.555956930825975,LOC111323127,1
GO:0010226,response to lithium ion,1/230,14/7572,0.0714285714285714,2.35155279503106,0.895832759596545,0.350933571883824,0.651540509711834,0.555956930825975,LOC111331303,1
GO:0010614,negative regulation of cardiac muscle hypertrophy,1/230,14/7572,0.0714285714285714,2.35155279503106,0.895832759596545,0.350933571883824,0.651540509711834,0.555956930825975,LOC111326058,1
GO:0014812,muscle cell migration,1/230,14/7572,0.0714285714285714,2.35155279503106,0.895832759596545,0.350933571883824,0.651540509711834,0.555956930825975,LOC111330631,1
GO:0014912,negative regulation of smooth muscle cell migration,1/230,14/7572,0.0714285714285714,2.35155279503106,0.895832759596545,0.350933571883824,0.651540509711834,0.555956930825975,LOC111340596,1
GO:0017085,response to insecticide,1/230,14/7572,0.0714285714285714,2.35155279503106,0.895832759596545,0.350933571883824,0.651540509711834,0.555956930825975,LOC111325642,1
GO:0019934,cGMP-mediated signaling,1/230,14/7572,0.0714285714285714,2.35155279503106,0.895832759596545,0.350933571883824,0.651540509711834,0.555956930825975,LOC111321593,1
GO:0021800,cerebral cortex tangential migration,1/230,14/7572,0.0714285714285714,2.35155279503106,0.895832759596545,0.350933571883824,0.651540509711834,0.555956930825975,LOC111333478,1
GO:0021854,hypothalamus development,1/230,14/7572,0.0714285714285714,2.35155279503106,0.895832759596545,0.350933571883824,0.651540509711834,0.555956930825975,LOC111333478,1
GO:0030042,actin filament depolymerization,1/230,14/7572,0.0714285714285714,2.35155279503106,0.895832759596545,0.350933571883824,0.651540509711834,0.555956930825975,LOC111321894,1
GO:0040037,negative regulation of fibroblast growth factor receptor signaling pathway,1/230,14/7572,0.0714285714285714,2.35155279503106,0.895832759596545,0.350933571883824,0.651540509711834,0.555956930825975,LOC111328024,1
GO:0048072,compound eye pigmentation,1/230,14/7572,0.0714285714285714,2.35155279503106,0.895832759596545,0.350933571883824,0.651540509711834,0.555956930825975,LOC111334761,1
GO:0048368,lateral mesoderm development,1/230,14/7572,0.0714285714285714,2.35155279503106,0.895832759596545,0.350933571883824,0.651540509711834,0.555956930825975,LOC111325642,1
GO:0050849,negative regulation of calcium-mediated signaling,1/230,14/7572,0.0714285714285714,2.35155279503106,0.895832759596545,0.350933571883824,0.651540509711834,0.555956930825975,LOC111326058,1
GO:0051205,protein insertion into membrane,1/230,14/7572,0.0714285714285714,2.35155279503106,0.895832759596545,0.350933571883824,0.651540509711834,0.555956930825975,LOC111336828,1
GO:0060669,embryonic placenta morphogenesis,1/230,14/7572,0.0714285714285714,2.35155279503106,0.895832759596545,0.350933571883824,0.651540509711834,0.555956930825975,LOC111330856,1
GO:0060914,heart formation,1/230,14/7572,0.0714285714285714,2.35155279503106,0.895832759596545,0.350933571883824,0.651540509711834,0.555956930825975,LOC111333767,1
GO:0070670,response to interleukin-4,1/230,14/7572,0.0714285714285714,2.35155279503106,0.895832759596545,0.350933571883824,0.651540509711834,0.555956930825975,LOC111333695,1
GO:0071577,zinc ion transmembrane transport,1/230,14/7572,0.0714285714285714,2.35155279503106,0.895832759596545,0.350933571883824,0.651540509711834,0.555956930825975,LOC111323527,1
GO:0071600,otic vesicle morphogenesis,1/230,14/7572,0.0714285714285714,2.35155279503106,0.895832759596545,0.350933571883824,0.651540509711834,0.555956930825975,LOC111344472,1
GO:0072170,metanephric tubule development,1/230,14/7572,0.0714285714285714,2.35155279503106,0.895832759596545,0.350933571883824,0.651540509711834,0.555956930825975,LOC111330961,1
GO:0072578,neurotransmitter-gated ion channel clustering,1/230,14/7572,0.0714285714285714,2.35155279503106,0.895832759596545,0.350933571883824,0.651540509711834,0.555956930825975,LOC111326544,1
GO:1900151,"regulation of nuclear-transcribed mRNA catabolic process, deadenylation-dependent decay",1/230,14/7572,0.0714285714285714,2.35155279503106,0.895832759596545,0.350933571883824,0.651540509711834,0.555956930825975,LOC111320938,1
GO:1901046,positive regulation of egg-laying behavior,1/230,14/7572,0.0714285714285714,2.35155279503106,0.895832759596545,0.350933571883824,0.651540509711834,0.555956930825975,LOC111320921,1
GO:1901679,nucleotide transmembrane transport,1/230,14/7572,0.0714285714285714,2.35155279503106,0.895832759596545,0.350933571883824,0.651540509711834,0.555956930825975,LOC111334761,1
GO:1901890,positive regulation of cell junction assembly,1/230,14/7572,0.0714285714285714,2.35155279503106,0.895832759596545,0.350933571883824,0.651540509711834,0.555956930825975,LOC111333478,1
GO:0008360,regulation of cell shape,4/230,99/7572,0.0404040404040404,1.33017127799737,0.585251786340505,0.354334990620169,0.656039147373722,0.559795600486757,LOC111332158/LOC111324192/LOC111327334/LOC111325968,4
GO:0043406,positive regulation of MAP kinase activity,5/230,129/7572,0.0387596899224806,1.27603640040445,0.559655211314286,0.354762788693709,0.656039147373722,0.559795600486757,LOC111323862/LOC111322288/LOC111323945/LOC111328749/LOC111323636,5
GO:0001657,ureteric bud development,2/230,41/7572,0.0487804878048781,1.60593849416755,0.688537342335449,0.355263724325305,0.656039147373722,0.559795600486757,LOC111330961/LOC111333767,2
GO:0002821,positive regulation of adaptive immune response,2/230,41/7572,0.0487804878048781,1.60593849416755,0.688537342335449,0.355263724325305,0.656039147373722,0.559795600486757,LOC111328749/LOC111323636,2
GO:0030216,keratinocyte differentiation,2/230,41/7572,0.0487804878048781,1.60593849416755,0.688537342335449,0.355263724325305,0.656039147373722,0.559795600486757,LOC111320952/LOC111326544,2
GO:0031100,animal organ regeneration,2/230,41/7572,0.0487804878048781,1.60593849416755,0.688537342335449,0.355263724325305,0.656039147373722,0.559795600486757,LOC111332158/LOC111338776,2
GO:0055059,asymmetric neuroblast division,2/230,41/7572,0.0487804878048781,1.60593849416755,0.688537342335449,0.355263724325305,0.656039147373722,0.559795600486757,LOC111323862/LOC111335662,2
GO:0031347,regulation of defense response,11/230,314/7572,0.035031847133758,1.15330933259485,0.491086828636655,0.357100018900588,0.658622150474399,0.561999666780043,LOC111342023/LOC111327252/LOC111328749/LOC111332789/LOC111325671/LOC111338418/LOC111327334/LOC111323636/LOC111331303/LOC111324532/LOC111334113,11
GO:0007405,neuroblast proliferation,3/230,70/7572,0.0428571428571429,1.41093167701863,0.611312760939421,0.358082488937638,0.658622150474399,0.561999666780043,LOC111323862/LOC111346320/LOC111335662,3
GO:0009755,hormone-mediated signaling pathway,3/230,70/7572,0.0428571428571429,1.41093167701863,0.611312760939421,0.358082488937638,0.658622150474399,0.561999666780043,LOC111323127/LOC111346320/LOC111336999,3
GO:0006836,neurotransmitter transport,5/230,130/7572,0.0384615384615385,1.26622073578595,0.541878691897093,0.36083660653403,0.658622150474399,0.561999666780043,LOC111343017/LOC111335321/LOC111342077/LOC111322311/LOC111334761,5
GO:0071248,cellular response to metal ion,4/230,100/7572,0.04,1.31686956521739,0.564540946897234,0.361291250216759,0.658622150474399,0.561999666780043,LOC111325642/LOC111324621/LOC111323945/LOC111323527,4
GO:0001558,regulation of cell growth,10/230,285/7572,0.0350877192982456,1.15514874141876,0.472530290433655,0.365800723870514,0.658622150474399,0.561999666780043,LOC111342023/LOC111332789/LOC111333478/LOC111333901/LOC111331664/LOC111323777/LOC111327334/LOC111326544/LOC111333893/LOC111340622,10
GO:0001823,mesonephros development,2/230,42/7572,0.0476190476190476,1.56770186335404,0.652951355539279,0.366312871992287,0.658622150474399,0.561999666780043,LOC111330961/LOC111333767,2
GO:0002028,regulation of sodium ion transport,2/230,42/7572,0.0476190476190476,1.56770186335404,0.652951355539279,0.366312871992287,0.658622150474399,0.561999666780043,LOC111320952/LOC111326058,2
GO:0061178,regulation of insulin secretion involved in cellular response to glucose stimulus,2/230,42/7572,0.0476190476190476,1.56770186335404,0.652951355539279,0.366312871992287,0.658622150474399,0.561999666780043,LOC111323945/LOC111338776,2
GO:0072080,nephron tubule development,2/230,42/7572,0.0476190476190476,1.56770186335404,0.652951355539279,0.366312871992287,0.658622150474399,0.561999666780043,LOC111330961/LOC111333767,2
GO:0072163,mesonephric epithelium development,2/230,42/7572,0.0476190476190476,1.56770186335404,0.652951355539279,0.366312871992287,0.658622150474399,0.561999666780043,LOC111330961/LOC111333767,2
GO:0072164,mesonephric tubule development,2/230,42/7572,0.0476190476190476,1.56770186335404,0.652951355539279,0.366312871992287,0.658622150474399,0.561999666780043,LOC111330961/LOC111333767,2
GO:0005975,carbohydrate metabolic process,8/230,223/7572,0.0358744394618834,1.1810489374147,0.485699480678898,0.366471864276404,0.658622150474399,0.561999666780043,LOC111324504/LOC111338776/LOC111334156/LOC111346317/LOC111324410/LOC111336425/LOC111337168/LOC111329016,8
GO:0007626,locomotory behavior,8/230,223/7572,0.0358744394618834,1.1810489374147,0.485699480678898,0.366471864276404,0.658622150474399,0.561999666780043,LOC111343017/LOC111342143/LOC111322311/LOC111330961/LOC111331301/LOC111326058/LOC111331073/LOC111342147,8
GO:0045471,response to ethanol,5/230,131/7572,0.0381679389312977,1.25655492864255,0.524244289923182,0.366913779674004,0.658622150474399,0.561999666780043,LOC111332158/LOC111324410/LOC111325560/LOC111336999/LOC111333695,5
GO:0048738,cardiac muscle tissue development,4/230,101/7572,0.0396039603960396,1.30383125269049,0.544047869489936,0.368245743836499,0.658622150474399,0.561999666780043,LOC111326654/LOC111321759/LOC111325851/LOC111344472,4
GO:0016311,dephosphorylation,6/230,162/7572,0.037037037037037,1.21932367149758,0.499421531033597,0.36968948125177,0.658622150474399,0.561999666780043,LOC111342023/LOC111323127/LOC111323777/LOC111345144/LOC111324410/LOC111333580,6
GO:0030307,positive regulation of cell growth,6/230,162/7572,0.037037037037037,1.21932367149758,0.499421531033597,0.36968948125177,0.658622150474399,0.561999666780043,LOC111333478/LOC111331664/LOC111327334/LOC111326544/LOC111333893/LOC111340622,6
GO:0001836,release of cytochrome c from mitochondria,1/230,15/7572,0.0666666666666667,2.19478260869565,0.819772153393833,0.370685527224751,0.658622150474399,0.561999666780043,LOC111340887,1
GO:0003230,cardiac atrium development,1/230,15/7572,0.0666666666666667,2.19478260869565,0.819772153393833,0.370685527224751,0.658622150474399,0.561999666780043,LOC111340883,1
GO:0003338,metanephros morphogenesis,1/230,15/7572,0.0666666666666667,2.19478260869565,0.819772153393833,0.370685527224751,0.658622150474399,0.561999666780043,LOC111330961,1
GO:0006541,glutamine metabolic process,1/230,15/7572,0.0666666666666667,2.19478260869565,0.819772153393833,0.370685527224751,0.658622150474399,0.561999666780043,LOC111327210,1
GO:0006862,nucleotide transport,1/230,15/7572,0.0666666666666667,2.19478260869565,0.819772153393833,0.370685527224751,0.658622150474399,0.561999666780043,LOC111334761,1
GO:0009744,response to sucrose,1/230,15/7572,0.0666666666666667,2.19478260869565,0.819772153393833,0.370685527224751,0.658622150474399,0.561999666780043,LOC111346320,1
GO:0010718,positive regulation of epithelial to mesenchymal transition,1/230,15/7572,0.0666666666666667,2.19478260869565,0.819772153393833,0.370685527224751,0.658622150474399,0.561999666780043,LOC111324368,1
GO:0010765,positive regulation of sodium ion transport,1/230,15/7572,0.0666666666666667,2.19478260869565,0.819772153393833,0.370685527224751,0.658622150474399,0.561999666780043,LOC111320952,1
GO:0015800,acidic amino acid transport,1/230,15/7572,0.0666666666666667,2.19478260869565,0.819772153393833,0.370685527224751,0.658622150474399,0.561999666780043,LOC111342077,1
GO:0016080,synaptic vesicle targeting,1/230,15/7572,0.0666666666666667,2.19478260869565,0.819772153393833,0.370685527224751,0.658622150474399,0.561999666780043,LOC111335321,1
GO:0036099,female germ-line stem cell population maintenance,1/230,15/7572,0.0666666666666667,2.19478260869565,0.819772153393833,0.370685527224751,0.658622150474399,0.561999666780043,LOC111343646,1
GO:0042044,fluid transport,1/230,15/7572,0.0666666666666667,2.19478260869565,0.819772153393833,0.370685527224751,0.658622150474399,0.561999666780043,LOC111331589,1
GO:0042448,progesterone metabolic process,1/230,15/7572,0.0666666666666667,2.19478260869565,0.819772153393833,0.370685527224751,0.658622150474399,0.561999666780043,LOC111332887,1
GO:0042474,middle ear morphogenesis,1/230,15/7572,0.0666666666666667,2.19478260869565,0.819772153393833,0.370685527224751,0.658622150474399,0.561999666780043,LOC111344472,1
GO:0043534,blood vessel endothelial cell migration,1/230,15/7572,0.0666666666666667,2.19478260869565,0.819772153393833,0.370685527224751,0.658622150474399,0.561999666780043,LOC111333478,1
GO:0046638,positive regulation of alpha-beta T cell differentiation,1/230,15/7572,0.0666666666666667,2.19478260869565,0.819772153393833,0.370685527224751,0.658622150474399,0.561999666780043,LOC111333767,1
GO:0048840,otolith development,1/230,15/7572,0.0666666666666667,2.19478260869565,0.819772153393833,0.370685527224751,0.658622150474399,0.561999666780043,LOC111326058,1
GO:0050908,detection of light stimulus involved in visual perception,1/230,15/7572,0.0666666666666667,2.19478260869565,0.819772153393833,0.370685527224751,0.658622150474399,0.561999666780043,LOC111340622,1
GO:0050955,thermoception,1/230,15/7572,0.0666666666666667,2.19478260869565,0.819772153393833,0.370685527224751,0.658622150474399,0.561999666780043,LOC111323527,1
GO:0055064,chloride ion homeostasis,1/230,15/7572,0.0666666666666667,2.19478260869565,0.819772153393833,0.370685527224751,0.658622150474399,0.561999666780043,LOC111336828,1
GO:0060325,face morphogenesis,1/230,15/7572,0.0666666666666667,2.19478260869565,0.819772153393833,0.370685527224751,0.658622150474399,0.561999666780043,LOC111344472,1
GO:0061067,negative regulation of dauer larval development,1/230,15/7572,0.0666666666666667,2.19478260869565,0.819772153393833,0.370685527224751,0.658622150474399,0.561999666780043,LOC111326544,1
GO:0070873,regulation of glycogen metabolic process,1/230,15/7572,0.0666666666666667,2.19478260869565,0.819772153393833,0.370685527224751,0.658622150474399,0.561999666780043,LOC111324410,1
GO:0070983,dendrite guidance,1/230,15/7572,0.0666666666666667,2.19478260869565,0.819772153393833,0.370685527224751,0.658622150474399,0.561999666780043,LOC111333901,1
GO:0071361,cellular response to ethanol,1/230,15/7572,0.0666666666666667,2.19478260869565,0.819772153393833,0.370685527224751,0.658622150474399,0.561999666780043,LOC111336999,1
GO:0097192,extrinsic apoptotic signaling pathway in absence of ligand,1/230,15/7572,0.0666666666666667,2.19478260869565,0.819772153393833,0.370685527224751,0.658622150474399,0.561999666780043,LOC111340887,1
GO:0097341,zymogen inhibition,1/230,15/7572,0.0666666666666667,2.19478260869565,0.819772153393833,0.370685527224751,0.658622150474399,0.561999666780043,LOC111326544,1
GO:1901142,insulin metabolic process,1/230,15/7572,0.0666666666666667,2.19478260869565,0.819772153393833,0.370685527224751,0.658622150474399,0.561999666780043,LOC111326544,1
GO:1902236,negative regulation of endoplasmic reticulum stress-induced intrinsic apoptotic signaling pathway,1/230,15/7572,0.0666666666666667,2.19478260869565,0.819772153393833,0.370685527224751,0.658622150474399,0.561999666780043,LOC111338776,1
GO:1902884,positive regulation of response to oxidative stress,1/230,15/7572,0.0666666666666667,2.19478260869565,0.819772153393833,0.370685527224751,0.658622150474399,0.561999666780043,LOC111323527,1
GO:1904754,positive regulation of vascular associated smooth muscle cell migration,1/230,15/7572,0.0666666666666667,2.19478260869565,0.819772153393833,0.370685527224751,0.658622150474399,0.561999666780043,LOC111322288,1
GO:2000036,regulation of stem cell population maintenance,1/230,15/7572,0.0666666666666667,2.19478260869565,0.819772153393833,0.370685527224751,0.658622150474399,0.561999666780043,LOC111324368,1
GO:2000136,regulation of cell proliferation involved in heart morphogenesis,1/230,15/7572,0.0666666666666667,2.19478260869565,0.819772153393833,0.370685527224751,0.658622150474399,0.561999666780043,LOC111344472,1
GO:0002119,nematode larval development,7/230,193/7572,0.0362694300518135,1.19405271457535,0.483318003417481,0.370885230914985,0.658622150474399,0.561999666780043,LOC111324192/LOC111335693/LOC111342143/LOC111320751/LOC111328517/LOC111326058/LOC111342147,7
GO:0030036,actin cytoskeleton organization,11/230,318/7572,0.0345911949685535,1.13880229696473,0.447563630928919,0.372712217644102,0.661378791515842,0.564351897638977,LOC111330631/LOC111328433/LOC111322288/LOC111335693/LOC111333478/LOC111340398/LOC111330767/LOC111339275/LOC111321894/LOC111328517/LOC111330877,11
GO:0031644,regulation of nervous system process,3/230,72/7572,0.0416666666666667,1.37173913043478,0.560928163898815,0.374763072373762,0.663830070077124,0.566443563905642,LOC111345835/LOC111332158/LOC111343017,3
GO:0031348,negative regulation of defense response,4/230,102/7572,0.0392156862745098,1.29104859335038,0.523767613231522,0.375196314524488,0.663830070077124,0.566443563905642,LOC111327252/LOC111332789/LOC111327334/LOC111324532,4
GO:0042461,photoreceptor cell development,4/230,102/7572,0.0392156862745098,1.29104859335038,0.523767613231522,0.375196314524488,0.663830070077124,0.566443563905642,LOC111342023/LOC111322288/LOC111323777/LOC111340398,4
GO:1902806,regulation of cell cycle G1/S phase transition,4/230,102/7572,0.0392156862745098,1.29104859335038,0.523767613231522,0.375196314524488,0.663830070077124,0.566443563905642,LOC111340883/LOC111331303/LOC111326058/LOC111333767,4
GO:0044283,small molecule biosynthetic process,11/230,319/7572,0.0344827586206897,1.1352323838081,0.436767743904165,0.376628978623837,0.665576131197671,0.567933470929294,LOC111333170/LOC111326885/LOC111331664/LOC111333875/LOC111342143/LOC111327210/LOC111331622/LOC111331303/LOC111334900/LOC111341830/LOC111342147,11
GO:0003407,neural retina development,2/230,43/7572,0.0465116279069768,1.53124368048534,0.618290689988735,0.377288795301005,0.665576131197671,0.567933470929294,LOC111330961/LOC111326058,2
GO:0007520,myoblast fusion,2/230,43/7572,0.0465116279069768,1.53124368048534,0.618290689988735,0.377288795301005,0.665576131197671,0.567933470929294,LOC111330631/LOC111333901,2
GO:0045833,negative regulation of lipid metabolic process,2/230,43/7572,0.0465116279069768,1.53124368048534,0.618290689988735,0.377288795301005,0.665576131197671,0.567933470929294,LOC111320024/LOC111322288,2
GO:0030162,regulation of proteolysis,14/230,414/7572,0.0338164251207729,1.11329552614997,0.419614449890488,0.378175951227461,0.666652774930985,0.568852166753489,LOC111330856/LOC111327252/LOC111328749/LOC111327625/LOC111338418/LOC111322311/LOC111327334/LOC111344634/LOC111326819/LOC111323636/LOC111326544/LOC111325220/LOC111344752/LOC111334113,14
GO:0060491,regulation of cell projection assembly,5/230,133/7572,0.037593984962406,1.23765936580582,0.489391955238569,0.379072225973389,0.667187038964011,0.569308052132256,LOC111342023/LOC111333478/LOC111323777/LOC111323527/LOC111325968,5
GO:0120032,regulation of plasma membrane bounded cell projection assembly,5/230,133/7572,0.037593984962406,1.23765936580582,0.489391955238569,0.379072225973389,0.667187038964011,0.569308052132256,LOC111342023/LOC111333478/LOC111323777/LOC111323527/LOC111325968,5
GO:1903829,positive regulation of protein localization,7/230,195/7572,0.0358974358974359,1.18180602006689,0.455217578973921,0.380910418416948,0.667187038964011,0.569308052132256,LOC111336974/LOC111335693/LOC111331664/LOC111327334/LOC111331301/LOC111333767/LOC111340596,7
GO:0045666,positive regulation of neuron differentiation,10/230,289/7572,0.0346020761245675,1.13916052354446,0.426916727175234,0.382281075584463,0.667187038964011,0.569308052132256,LOC111328393/LOC111335693/LOC111333478/LOC111323777/LOC111345144/LOC111320751/LOC111346320/LOC111326544/LOC111333893/LOC111340622,10
GO:0019318,hexose metabolic process,3/230,73/7572,0.0410958904109589,1.35294818344253,0.536295379507702,0.383073042526828,0.667187038964011,0.569308052132256,LOC111338776/LOC111336425/LOC111329016,3
GO:0002697,regulation of immune effector process,6/230,165/7572,0.0363636363636364,1.19715415019763,0.453168875900583,0.386100211324851,0.667187038964011,0.569308052132256,LOC111327252/LOC111328749/LOC111338418/LOC111327334/LOC111323636/LOC111334113,6
GO:0051223,regulation of protein transport,13/230,385/7572,0.0337662337662338,1.11164313946923,0.397943975194326,0.387527329790848,0.667187038964011,0.569308052132256,LOC111325642/LOC111323945/LOC111328749/LOC111333901/LOC111331664/LOC111338776/LOC111340883/LOC111320751/LOC111323527/LOC111323636/LOC111331301/LOC111333767/LOC111340596,13
GO:0000768,syncytium formation by plasma membrane fusion,2/230,44/7572,0.0454545454545455,1.49644268774704,0.584506038610565,0.388185753384698,0.667187038964011,0.569308052132256,LOC111330631/LOC111333901,2
GO:0010470,regulation of gastrulation,2/230,44/7572,0.0454545454545455,1.49644268774704,0.584506038610565,0.388185753384698,0.667187038964011,0.569308052132256,LOC111333901/LOC111333893,2
GO:0046686,response to cadmium ion,2/230,44/7572,0.0454545454545455,1.49644268774704,0.584506038610565,0.388185753384698,0.667187038964011,0.569308052132256,LOC111342143/LOC111342147,2
GO:1901343,negative regulation of vasculature development,2/230,44/7572,0.0454545454545455,1.49644268774704,0.584506038610565,0.388185753384698,0.667187038964011,0.569308052132256,LOC111328024/LOC111322288,2
GO:1901863,positive regulation of muscle tissue development,2/230,44/7572,0.0454545454545455,1.49644268774704,0.584506038610565,0.388185753384698,0.667187038964011,0.569308052132256,LOC111332158/LOC111344472,2
GO:0002026,regulation of the force of heart contraction,1/230,16/7572,0.0625,2.05760869565217,0.749501283052502,0.389838938464436,0.667187038964011,0.569308052132256,LOC111326058,1
GO:0002052,positive regulation of neuroblast proliferation,1/230,16/7572,0.0625,2.05760869565217,0.749501283052502,0.389838938464436,0.667187038964011,0.569308052132256,LOC111333767,1
GO:0006536,glutamate metabolic process,1/230,16/7572,0.0625,2.05760869565217,0.749501283052502,0.389838938464436,0.667187038964011,0.569308052132256,LOC111327210,1
GO:0006658,phosphatidylserine metabolic process,1/230,16/7572,0.0625,2.05760869565217,0.749501283052502,0.389838938464436,0.667187038964011,0.569308052132256,LOC111331303,1
GO:0006829,zinc ion transport,1/230,16/7572,0.0625,2.05760869565217,0.749501283052502,0.389838938464436,0.667187038964011,0.569308052132256,LOC111323527,1
GO:0007475,apposition of dorsal and ventral imaginal disc-derived wing surfaces,1/230,16/7572,0.0625,2.05760869565217,0.749501283052502,0.389838938464436,0.667187038964011,0.569308052132256,LOC111335693,1
GO:0008209,androgen metabolic process,1/230,16/7572,0.0625,2.05760869565217,0.749501283052502,0.389838938464436,0.667187038964011,0.569308052132256,LOC111331622,1
GO:0009190,cyclic nucleotide biosynthetic process,1/230,16/7572,0.0625,2.05760869565217,0.749501283052502,0.389838938464436,0.667187038964011,0.569308052132256,LOC111321593,1
GO:0015701,bicarbonate transport,1/230,16/7572,0.0625,2.05760869565217,0.749501283052502,0.389838938464436,0.667187038964011,0.569308052132256,LOC111333012,1
GO:0016199,axon midline choice point recognition,1/230,16/7572,0.0625,2.05760869565217,0.749501283052502,0.389838938464436,0.667187038964011,0.569308052132256,LOC111333901,1
GO:0030318,melanocyte differentiation,1/230,16/7572,0.0625,2.05760869565217,0.749501283052502,0.389838938464436,0.667187038964011,0.569308052132256,LOC111333767,1
GO:0030728,ovulation,1/230,16/7572,0.0625,2.05760869565217,0.749501283052502,0.389838938464436,0.667187038964011,0.569308052132256,LOC111331303,1
GO:0033003,regulation of mast cell activation,1/230,16/7572,0.0625,2.05760869565217,0.749501283052502,0.389838938464436,0.667187038964011,0.569308052132256,LOC111324532,1
GO:0035024,negative regulation of Rho protein signal transduction,1/230,16/7572,0.0625,2.05760869565217,0.749501283052502,0.389838938464436,0.667187038964011,0.569308052132256,LOC111335693,1
GO:0035137,hindlimb morphogenesis,1/230,16/7572,0.0625,2.05760869565217,0.749501283052502,0.389838938464436,0.667187038964011,0.569308052132256,LOC111338817,1
GO:0042332,gravitaxis,1/230,16/7572,0.0625,2.05760869565217,0.749501283052502,0.389838938464436,0.667187038964011,0.569308052132256,LOC111334761,1
GO:0045686,negative regulation of glial cell differentiation,1/230,16/7572,0.0625,2.05760869565217,0.749501283052502,0.389838938464436,0.667187038964011,0.569308052132256,LOC111327334,1
GO:0046464,acylglycerol catabolic process,1/230,16/7572,0.0625,2.05760869565217,0.749501283052502,0.389838938464436,0.667187038964011,0.569308052132256,LOC111325671,1
GO:0046839,phospholipid dephosphorylation,1/230,16/7572,0.0625,2.05760869565217,0.749501283052502,0.389838938464436,0.667187038964011,0.569308052132256,LOC111323127,1
GO:0048643,positive regulation of skeletal muscle tissue development,1/230,16/7572,0.0625,2.05760869565217,0.749501283052502,0.389838938464436,0.667187038964011,0.569308052132256,LOC111344472,1
GO:0048703,embryonic viscerocranium morphogenesis,1/230,16/7572,0.0625,2.05760869565217,0.749501283052502,0.389838938464436,0.667187038964011,0.569308052132256,LOC111344472,1
GO:0050873,brown fat cell differentiation,1/230,16/7572,0.0625,2.05760869565217,0.749501283052502,0.389838938464436,0.667187038964011,0.569308052132256,LOC111335693,1
GO:0051044,positive regulation of membrane protein ectodomain proteolysis,1/230,16/7572,0.0625,2.05760869565217,0.749501283052502,0.389838938464436,0.667187038964011,0.569308052132256,LOC111326544,1
GO:0061028,establishment of endothelial barrier,1/230,16/7572,0.0625,2.05760869565217,0.749501283052502,0.389838938464436,0.667187038964011,0.569308052132256,LOC111342023,1
GO:0071542,dopaminergic neuron differentiation,1/230,16/7572,0.0625,2.05760869565217,0.749501283052502,0.389838938464436,0.667187038964011,0.569308052132256,LOC111333893,1
GO:1900271,regulation of long-term synaptic potentiation,1/230,16/7572,0.0625,2.05760869565217,0.749501283052502,0.389838938464436,0.667187038964011,0.569308052132256,LOC111330961,1
GO:1903779,regulation of cardiac conduction,1/230,16/7572,0.0625,2.05760869565217,0.749501283052502,0.389838938464436,0.667187038964011,0.569308052132256,LOC111326058,1
GO:1904031,positive regulation of cyclin-dependent protein kinase activity,1/230,16/7572,0.0625,2.05760869565217,0.749501283052502,0.389838938464436,0.667187038964011,0.569308052132256,LOC111322288,1
GO:2000009,negative regulation of protein localization to cell surface,1/230,16/7572,0.0625,2.05760869565217,0.749501283052502,0.389838938464436,0.667187038964011,0.569308052132256,LOC111326544,1
GO:0007613,memory,5/230,135/7572,0.037037037037037,1.21932367149758,0.455079059553114,0.391226412099133,0.668362536236172,0.570311099288778,LOC111332158/LOC111335693/LOC111322311/LOC111330961/LOC111334761,5
GO:0001736,establishment of planar polarity,3/230,74/7572,0.0405405405405405,1.33466509988249,0.512019991095467,0.391358461832642,0.668362536236172,0.570311099288778,LOC111329762/LOC111333893/LOC111334412,3
GO:0120034,positive regulation of plasma membrane bounded cell projection assembly,3/230,74/7572,0.0405405405405405,1.33466509988249,0.512019991095467,0.391358461832642,0.668362536236172,0.570311099288778,LOC111342023/LOC111333478/LOC111323777,3
GO:0051346,negative regulation of hydrolase activity,6/230,167/7572,0.0359281437125748,1.18281697474616,0.422810314212056,0.397044226213748,0.67684631626784,0.577550275115765,LOC111330856/LOC111327252/LOC111327625/LOC111326819/LOC111326544/LOC111325220,6
GO:0034220,monoatomic ion transmembrane transport,13/230,388/7572,0.0335051546391753,1.1030479605558,0.368812347978039,0.398350182328654,0.67684631626784,0.577550275115765,LOC111345835/LOC111336828/LOC111343017/LOC111330589/LOC111342077/LOC111330251/LOC111323527/LOC111328120/LOC111334900/LOC111326058/LOC111334761/LOC111329754/LOC111328842,13
GO:0002705,positive regulation of leukocyte mediated immunity,2/230,45/7572,0.0444444444444444,1.4631884057971,0.551551829891676,0.398998418462923,0.67684631626784,0.577550275115765,LOC111328749/LOC111323636,2
GO:0006690,icosanoid metabolic process,2/230,45/7572,0.0444444444444444,1.4631884057971,0.551551829891676,0.398998418462923,0.67684631626784,0.577550275115765,LOC111326885/LOC111331303,2
GO:0021954,central nervous system neuron development,2/230,45/7572,0.0444444444444444,1.4631884057971,0.551551829891676,0.398998418462923,0.67684631626784,0.577550275115765,LOC111333478/LOC111334156,2
GO:0043255,regulation of carbohydrate biosynthetic process,2/230,45/7572,0.0444444444444444,1.4631884057971,0.551551829891676,0.398998418462923,0.67684631626784,0.577550275115765,LOC111322288/LOC111324410,2
GO:0071331,cellular response to hexose stimulus,2/230,45/7572,0.0444444444444444,1.4631884057971,0.551551829891676,0.398998418462923,0.67684631626784,0.577550275115765,LOC111324621/LOC111340883,2
GO:0071333,cellular response to glucose stimulus,2/230,45/7572,0.0444444444444444,1.4631884057971,0.551551829891676,0.398998418462923,0.67684631626784,0.577550275115765,LOC111324621/LOC111340883,2
GO:1901879,regulation of protein depolymerization,2/230,45/7572,0.0444444444444444,1.4631884057971,0.551551829891676,0.398998418462923,0.67684631626784,0.577550275115765,LOC111321894/LOC111340622,2
GO:0007164,establishment of tissue polarity,3/230,75/7572,0.04,1.31686956521739,0.488090950035847,0.399616225012399,0.67684631626784,0.577550275115765,LOC111329762/LOC111333893/LOC111334412,3
GO:0051592,response to calcium ion,3/230,75/7572,0.04,1.31686956521739,0.488090950035847,0.399616225012399,0.67684631626784,0.577550275115765,LOC111325642/LOC111323527/LOC111331303,3
GO:0032970,regulation of actin filament-based process,7/230,200/7572,0.035,1.15226086956522,0.3862282099612,0.40600785019799,0.67684631626784,0.577550275115765,LOC111333478/LOC111323527/LOC111321894/LOC111333893/LOC111340596/LOC111330877/LOC111340622,7
GO:0007422,peripheral nervous system development,3/230,76/7572,0.0394736842105263,1.29954233409611,0.46449769990268,0.407843343026295,0.67684631626784,0.577550275115765,LOC111333901/LOC111321759/LOC111342147,3
GO:0016999,antibiotic metabolic process,3/230,76/7572,0.0394736842105263,1.29954233409611,0.46449769990268,0.407843343026295,0.67684631626784,0.577550275115765,LOC111336303/LOC111333170/LOC111322400,3
GO:0050806,positive regulation of synaptic transmission,3/230,76/7572,0.0394736842105263,1.29954233409611,0.46449769990268,0.407843343026295,0.67684631626784,0.577550275115765,LOC111323862/LOC111333875/LOC111333012,3
GO:0090263,positive regulation of canonical Wnt signaling pathway,3/230,76/7572,0.0394736842105263,1.29954233409611,0.46449769990268,0.407843343026295,0.67684631626784,0.577550275115765,LOC111323862/LOC111340883/LOC111340622,3
GO:2000243,positive regulation of reproductive process,3/230,76/7572,0.0394736842105263,1.29954233409611,0.46449769990268,0.407843343026295,0.67684631626784,0.577550275115765,LOC111325642/LOC111341087/LOC111320921,3
GO:0052548,regulation of endopeptidase activity,6/230,169/7572,0.0355029585798817,1.1688191407255,0.392820834625819,0.407981266631192,0.67684631626784,0.577550275115765,LOC111330856/LOC111327252/LOC111327625/LOC111326819/LOC111326544/LOC111325220,6
GO:0001702,gastrulation with mouth forming second,1/230,17/7572,0.0588235294117647,1.93657289002558,0.684198566502079,0.408411866488944,0.67684631626784,0.577550275115765,LOC111323127,1
GO:0001945,lymph vessel development,1/230,17/7572,0.0588235294117647,1.93657289002558,0.684198566502079,0.408411866488944,0.67684631626784,0.577550275115765,LOC111344472,1
GO:0001975,response to amphetamine,1/230,17/7572,0.0588235294117647,1.93657289002558,0.684198566502079,0.408411866488944,0.67684631626784,0.577550275115765,LOC111324532,1
GO:0003309,type B pancreatic cell differentiation,1/230,17/7572,0.0588235294117647,1.93657289002558,0.684198566502079,0.408411866488944,0.67684631626784,0.577550275115765,LOC111338776,1
GO:0006706,steroid catabolic process,1/230,17/7572,0.0588235294117647,1.93657289002558,0.684198566502079,0.408411866488944,0.67684631626784,0.577550275115765,LOC111340366,1
GO:0016556,mRNA modification,1/230,17/7572,0.0588235294117647,1.93657289002558,0.684198566502079,0.408411866488944,0.67684631626784,0.577550275115765,LOC111343122,1
GO:0032892,positive regulation of organic acid transport,1/230,17/7572,0.0588235294117647,1.93657289002558,0.684198566502079,0.408411866488944,0.67684631626784,0.577550275115765,LOC111346320,1
GO:0035293,chitin-based larval cuticle pattern formation,1/230,17/7572,0.0588235294117647,1.93657289002558,0.684198566502079,0.408411866488944,0.67684631626784,0.577550275115765,LOC111333893,1
GO:0036159,inner dynein arm assembly,1/230,17/7572,0.0588235294117647,1.93657289002558,0.684198566502079,0.408411866488944,0.67684631626784,0.577550275115765,LOC111331389,1
GO:0044058,regulation of digestive system process,1/230,17/7572,0.0588235294117647,1.93657289002558,0.684198566502079,0.408411866488944,0.67684631626784,0.577550275115765,LOC111323945,1
GO:0045744,negative regulation of G protein-coupled receptor signaling pathway,1/230,17/7572,0.0588235294117647,1.93657289002558,0.684198566502079,0.408411866488944,0.67684631626784,0.577550275115765,LOC111326058,1
GO:0051145,smooth muscle cell differentiation,1/230,17/7572,0.0588235294117647,1.93657289002558,0.684198566502079,0.408411866488944,0.67684631626784,0.577550275115765,LOC111322288,1
GO:0055026,negative regulation of cardiac muscle tissue development,1/230,17/7572,0.0588235294117647,1.93657289002558,0.684198566502079,0.408411866488944,0.67684631626784,0.577550275115765,LOC111333893,1
GO:0055075,potassium ion homeostasis,1/230,17/7572,0.0588235294117647,1.93657289002558,0.684198566502079,0.408411866488944,0.67684631626784,0.577550275115765,LOC111336828,1
GO:0060294,cilium movement involved in cell motility,1/230,17/7572,0.0588235294117647,1.93657289002558,0.684198566502079,0.408411866488944,0.67684631626784,0.577550275115765,LOC111331389,1
GO:0060603,mammary gland duct morphogenesis,1/230,17/7572,0.0588235294117647,1.93657289002558,0.684198566502079,0.408411866488944,0.67684631626784,0.577550275115765,LOC111336828,1
GO:0060628,regulation of ER to Golgi vesicle-mediated transport,1/230,17/7572,0.0588235294117647,1.93657289002558,0.684198566502079,0.408411866488944,0.67684631626784,0.577550275115765,LOC111344634,1
GO:0072337,modified amino acid transport,1/230,17/7572,0.0588235294117647,1.93657289002558,0.684198566502079,0.408411866488944,0.67684631626784,0.577550275115765,LOC111330251,1
GO:0072488,ammonium transmembrane transport,1/230,17/7572,0.0588235294117647,1.93657289002558,0.684198566502079,0.408411866488944,0.67684631626784,0.577550275115765,LOC111336828,1
GO:1903672,positive regulation of sprouting angiogenesis,1/230,17/7572,0.0588235294117647,1.93657289002558,0.684198566502079,0.408411866488944,0.67684631626784,0.577550275115765,LOC111333478,1
GO:1904799,regulation of neuron remodeling,1/230,17/7572,0.0588235294117647,1.93657289002558,0.684198566502079,0.408411866488944,0.67684631626784,0.577550275115765,LOC111332158,1
GO:0002695,negative regulation of leukocyte activation,2/230,46/7572,0.0434782608695652,1.43137996219282,0.519385867046057,0.409721856233219,0.67684631626784,0.577550275115765,LOC111324532/LOC111333767,2
GO:0006949,syncytium formation,2/230,46/7572,0.0434782608695652,1.43137996219282,0.519385867046057,0.409721856233219,0.67684631626784,0.577550275115765,LOC111330631/LOC111333901,2
GO:0007274,neuromuscular synaptic transmission,2/230,46/7572,0.0434782608695652,1.43137996219282,0.519385867046057,0.409721856233219,0.67684631626784,0.577550275115765,LOC111322311/LOC111343646,2
GO:0010906,regulation of glucose metabolic process,2/230,46/7572,0.0434782608695652,1.43137996219282,0.519385867046057,0.409721856233219,0.67684631626784,0.577550275115765,LOC111321709/LOC111324410,2
GO:0060119,inner ear receptor cell development,2/230,46/7572,0.0434782608695652,1.43137996219282,0.519385867046057,0.409721856233219,0.67684631626784,0.577550275115765,LOC111333893/LOC111326058,2
GO:1903725,regulation of phospholipid metabolic process,2/230,46/7572,0.0434782608695652,1.43137996219282,0.519385867046057,0.409721856233219,0.67684631626784,0.577550275115765,LOC111322288/LOC111331664,2
GO:0001709,cell fate determination,4/230,107/7572,0.0373831775700935,1.23071921982934,0.425396691929318,0.409818076876458,0.67684631626784,0.577550275115765,LOC111324192/LOC111329099/LOC111326654/LOC111333893,4
GO:0048167,regulation of synaptic plasticity,4/230,107/7572,0.0373831775700935,1.23071921982934,0.425396691929318,0.409818076876458,0.67684631626784,0.577550275115765,LOC111332158/LOC111322311/LOC111330961/LOC111326058,4
GO:2000377,regulation of reactive oxygen species metabolic process,4/230,107/7572,0.0373831775700935,1.23071921982934,0.425396691929318,0.409818076876458,0.67684631626784,0.577550275115765,LOC111335366/LOC111322288/LOC111327334/LOC111326058,4
GO:0046530,photoreceptor cell differentiation,5/230,139/7572,0.0359712230215827,1.18423522051924,0.38799965841976,0.415476947251006,0.685248030679224,0.584719424674701,LOC111342023/LOC111322288/LOC111323777/LOC111340398/LOC111333893,5
GO:0110053,regulation of actin filament organization,5/230,139/7572,0.0359712230215827,1.18423522051924,0.38799965841976,0.415476947251006,0.685248030679224,0.584719424674701,LOC111333478/LOC111321894/LOC111333893/LOC111330877/LOC111340622,5
GO:2000177,regulation of neural precursor cell proliferation,3/230,77/7572,0.038961038961039,1.28266516092603,0.441230148208787,0.416036941745735,0.685248030679224,0.584719424674701,LOC111330856/LOC111345144/LOC111333767,3
GO:0006790,sulfur compound metabolic process,7/230,202/7572,0.0346534653465347,1.14085234610418,0.35911982189822,0.416043447198101,0.685248030679224,0.584719424674701,LOC111328024/LOC111346087/LOC111331664/LOC111346320/LOC111336425/LOC111331622/LOC111341830,7
GO:0009581,detection of external stimulus,4/230,108/7572,0.037037037037037,1.21932367149758,0.406298221041191,0.41670242235151,0.685395787583631,0.58484550505475,LOC111336828/LOC111323127/LOC111326058/LOC111340622,4
GO:0051924,regulation of calcium ion transport,4/230,108/7572,0.037037037037037,1.21932367149758,0.406298221041191,0.41670242235151,0.685395787583631,0.58484550505475,LOC111322288/LOC111323945/LOC111327334/LOC111326058,4
GO:0009314,response to radiation,11/230,330/7572,0.0333333333333333,1.09739130434783,0.320170447515311,0.419932040164517,0.68904453983052,0.587958970864301,LOC111320817/LOC111320821/LOC111320822/LOC111327625/LOC111320842/LOC111323127/LOC111345144/LOC111326819/LOC111336999/LOC111325220/LOC111340622,11
GO:0009409,response to cold,2/230,47/7572,0.0425531914893617,1.4009250693802,0.487969009140308,0.420351507064383,0.68904453983052,0.587958970864301,LOC111323527/LOC111326058,2
GO:0042158,lipoprotein biosynthetic process,2/230,47/7572,0.0425531914893617,1.4009250693802,0.487969009140308,0.420351507064383,0.68904453983052,0.587958970864301,LOC111325671/LOC111326885,2
GO:0061053,somite development,2/230,47/7572,0.0425531914893617,1.4009250693802,0.487969009140308,0.420351507064383,0.68904453983052,0.587958970864301,LOC111330631/LOC111323862,2
GO:2000379,positive regulation of reactive oxygen species metabolic process,2/230,47/7572,0.0425531914893617,1.4009250693802,0.487969009140308,0.420351507064383,0.68904453983052,0.587958970864301,LOC111322288/LOC111327334,2
GO:0002053,positive regulation of mesenchymal cell proliferation,1/230,18/7572,0.0555555555555556,1.82898550724638,0.62320087061776,0.426421829521048,0.689606289782863,0.588438309868923,LOC111344472,1
GO:0006656,phosphatidylcholine biosynthetic process,1/230,18/7572,0.0555555555555556,1.82898550724638,0.62320087061776,0.426421829521048,0.689606289782863,0.588438309868923,LOC111329762,1
GO:0007288,sperm axoneme assembly,1/230,18/7572,0.0555555555555556,1.82898550724638,0.62320087061776,0.426421829521048,0.689606289782863,0.588438309868923,LOC111331389,1
GO:0010037,response to carbon dioxide,1/230,18/7572,0.0555555555555556,1.82898550724638,0.62320087061776,0.426421829521048,0.689606289782863,0.588438309868923,LOC111327252,1
GO:0010288,response to lead ion,1/230,18/7572,0.0555555555555556,1.82898550724638,0.62320087061776,0.426421829521048,0.689606289782863,0.588438309868923,LOC111332158,1
GO:0010842,retina layer formation,1/230,18/7572,0.0555555555555556,1.82898550724638,0.62320087061776,0.426421829521048,0.689606289782863,0.588438309868923,LOC111330961,1
GO:0015889,cobalamin transport,1/230,18/7572,0.0555555555555556,1.82898550724638,0.62320087061776,0.426421829521048,0.689606289782863,0.588438309868923,LOC111331279,1
GO:0016318,ommatidial rotation,1/230,18/7572,0.0555555555555556,1.82898550724638,0.62320087061776,0.426421829521048,0.689606289782863,0.588438309868923,LOC111333893,1
GO:0016339,calcium-dependent cell-cell adhesion via plasma membrane cell adhesion molecules,1/230,18/7572,0.0555555555555556,1.82898550724638,0.62320087061776,0.426421829521048,0.689606289782863,0.588438309868923,LOC111334412,1
GO:0030073,insulin secretion,1/230,18/7572,0.0555555555555556,1.82898550724638,0.62320087061776,0.426421829521048,0.689606289782863,0.588438309868923,LOC111338776,1
GO:0030422,siRNA processing,1/230,18/7572,0.0555555555555556,1.82898550724638,0.62320087061776,0.426421829521048,0.689606289782863,0.588438309868923,LOC111332090,1
GO:0034315,regulation of Arp2/3 complex-mediated actin nucleation,1/230,18/7572,0.0555555555555556,1.82898550724638,0.62320087061776,0.426421829521048,0.689606289782863,0.588438309868923,LOC111330877,1
GO:0036342,post-anal tail morphogenesis,1/230,18/7572,0.0555555555555556,1.82898550724638,0.62320087061776,0.426421829521048,0.689606289782863,0.588438309868923,LOC111327880,1
GO:0042693,muscle cell fate commitment,1/230,18/7572,0.0555555555555556,1.82898550724638,0.62320087061776,0.426421829521048,0.689606289782863,0.588438309868923,LOC111344472,1
GO:0048846,axon extension involved in axon guidance,1/230,18/7572,0.0555555555555556,1.82898550724638,0.62320087061776,0.426421829521048,0.689606289782863,0.588438309868923,LOC111333478,1
GO:0060045,positive regulation of cardiac muscle cell proliferation,1/230,18/7572,0.0555555555555556,1.82898550724638,0.62320087061776,0.426421829521048,0.689606289782863,0.588438309868923,LOC111332158,1
GO:0090208,positive regulation of triglyceride metabolic process,1/230,18/7572,0.0555555555555556,1.82898550724638,0.62320087061776,0.426421829521048,0.689606289782863,0.588438309868923,LOC111346320,1
GO:1902895,positive regulation of miRNA transcription,1/230,18/7572,0.0555555555555556,1.82898550724638,0.62320087061776,0.426421829521048,0.689606289782863,0.588438309868923,LOC111322288,1
GO:1904385,cellular response to angiotensin,1/230,18/7572,0.0555555555555556,1.82898550724638,0.62320087061776,0.426421829521048,0.689606289782863,0.588438309868923,LOC111322288,1
GO:2000758,positive regulation of peptidyl-lysine acetylation,1/230,18/7572,0.0555555555555556,1.82898550724638,0.62320087061776,0.426421829521048,0.689606289782863,0.588438309868923,LOC111340883,1
GO:0051046,regulation of secretion,13/230,396/7572,0.0328282828282828,1.08076416337286,0.292185343748489,0.427306838792524,0.690506055417016,0.589206076313173,LOC111332158/LOC111325642/LOC111323945/LOC111328749/LOC111326885/LOC111333901/LOC111331664/LOC111338776/LOC111340883/LOC111320751/LOC111323527/LOC111323636/LOC111343646,13
GO:0034765,regulation of monoatomic ion transmembrane transport,5/230,141/7572,0.0354609929078014,1.16743755781684,0.355199346107931,0.427551714546001,0.690506055417016,0.589206076313173,LOC111320952/LOC111323945/LOC111346320/LOC111327334/LOC111326058,5
GO:0033674,positive regulation of kinase activity,10/230,300/7572,0.0333333333333333,1.09739130434783,0.304640209653698,0.427840757226553,0.690509747588164,0.589209226828158,LOC111324192/LOC111323862/LOC111322288/LOC111323945/LOC111328749/LOC111339275/LOC111346320/LOC111327334/LOC111323636/LOC111326058,10
GO:0002685,regulation of leukocyte migration,2/230,48/7572,0.0416666666666667,1.37173913043478,0.457264888512277,0.430883167961119,0.692634625133761,0.591022376403699,LOC111328749/LOC111323636,2
GO:0010827,regulation of D-glucose transmembrane transport,2/230,48/7572,0.0416666666666667,1.37173913043478,0.457264888512277,0.430883167961119,0.692634625133761,0.591022376403699,LOC111328749/LOC111323636,2
GO:0021872,forebrain generation of neurons,2/230,48/7572,0.0416666666666667,1.37173913043478,0.457264888512277,0.430883167961119,0.692634625133761,0.591022376403699,LOC111333478/LOC111333767,2
GO:0042180,ketone metabolic process,2/230,48/7572,0.0416666666666667,1.37173913043478,0.457264888512277,0.430883167961119,0.692634625133761,0.591022376403699,LOC111342143/LOC111342147,2
GO:0043535,regulation of blood vessel endothelial cell migration,2/230,48/7572,0.0416666666666667,1.37173913043478,0.457264888512277,0.430883167961119,0.692634625133761,0.591022376403699,LOC111322288/LOC111333478,2
GO:0045887,positive regulation of synaptic assembly at neuromuscular junction,2/230,48/7572,0.0416666666666667,1.37173913043478,0.457264888512277,0.430883167961119,0.692634625133761,0.591022376403699,LOC111326544/LOC111343646,2
GO:1901136,carbohydrate derivative catabolic process,3/230,79/7572,0.0379746835443038,1.25019262520638,0.395633933963061,0.432312650609991,0.694468887704375,0.592587545374602,LOC111334156/LOC111336425/LOC111337168,3
GO:0009855,determination of bilateral symmetry,5/230,142/7572,0.0352112676056338,1.15921616656461,0.338977037282623,0.433571945094277,0.695563786666901,0.593521818313425,LOC111327880/LOC111325642/LOC111326654/LOC111333901/LOC111344472,5
GO:1901654,response to ketone,5/230,142/7572,0.0352112676056338,1.15921616656461,0.338977037282623,0.433571945094277,0.695563786666901,0.593521818313425,LOC111327252/LOC111328749/LOC111323636/LOC111336999/LOC111326058,5
GO:0048749,compound eye development,7/230,206/7572,0.0339805825242718,1.11869987336429,0.305704167709945,0.436074080456685,0.699112107682888,0.59654958655228,LOC111329099/LOC111342023/LOC111333901/LOC111323777/LOC111329762/LOC111333893/LOC111334412,7
GO:0051896,regulation of phosphatidylinositol 3-kinase/protein kinase B signal transduction,3/230,80/7572,0.0375,1.2345652173913,0.373287178441178,0.440389573612085,0.701362895674717,0.598470175011824,LOC111322288/LOC111338817/LOC111340622,3
GO:0002224,toll-like receptor signaling pathway,2/230,49/7572,0.0408163265306122,1.34374445430346,0.427239659683748,0.441312975270846,0.701362895674717,0.598470175011824,LOC111325671/LOC111334113,2
GO:0006664,glycolipid metabolic process,2/230,49/7572,0.0408163265306122,1.34374445430346,0.427239659683748,0.441312975270846,0.701362895674717,0.598470175011824,LOC111334156/LOC111336425,2
GO:0030518,nuclear receptor-mediated steroid hormone signaling pathway,2/230,49/7572,0.0408163265306122,1.34374445430346,0.427239659683748,0.441312975270846,0.701362895674717,0.598470175011824,LOC111323127/LOC111336999,2
GO:0036445,neuronal stem cell division,2/230,49/7572,0.0408163265306122,1.34374445430346,0.427239659683748,0.441312975270846,0.701362895674717,0.598470175011824,LOC111323862/LOC111335662,2
GO:0040024,dauer larval development,2/230,49/7572,0.0408163265306122,1.34374445430346,0.427239659683748,0.441312975270846,0.701362895674717,0.598470175011824,LOC111342143/LOC111342147,2
GO:0006760,folic acid-containing compound metabolic process,1/230,19/7572,0.0526315789473684,1.73272311212815,0.565965944893608,0.443885819355593,0.701362895674717,0.598470175011824,LOC111325560,1
GO:0009415,response to water,1/230,19/7572,0.0526315789473684,1.73272311212815,0.565965944893608,0.443885819355593,0.701362895674717,0.598470175011824,LOC111326058,1
GO:0015012,heparan sulfate proteoglycan biosynthetic process,1/230,19/7572,0.0526315789473684,1.73272311212815,0.565965944893608,0.443885819355593,0.701362895674717,0.598470175011824,LOC111328024,1
GO:0021680,cerebellar Purkinje cell layer development,1/230,19/7572,0.0526315789473684,1.73272311212815,0.565965944893608,0.443885819355593,0.701362895674717,0.598470175011824,LOC111326058,1
GO:0021696,cerebellar cortex morphogenesis,1/230,19/7572,0.0526315789473684,1.73272311212815,0.565965944893608,0.443885819355593,0.701362895674717,0.598470175011824,LOC111326058,1
GO:0034122,negative regulation of toll-like receptor signaling pathway,1/230,19/7572,0.0526315789473684,1.73272311212815,0.565965944893608,0.443885819355593,0.701362895674717,0.598470175011824,LOC111342023,1
GO:0035176,social behavior,1/230,19/7572,0.0526315789473684,1.73272311212815,0.565965944893608,0.443885819355593,0.701362895674717,0.598470175011824,LOC111344472,1
GO:0042304,regulation of fatty acid biosynthetic process,1/230,19/7572,0.0526315789473684,1.73272311212815,0.565965944893608,0.443885819355593,0.701362895674717,0.598470175011824,LOC111331303,1
GO:0046331,lateral inhibition,1/230,19/7572,0.0526315789473684,1.73272311212815,0.565965944893608,0.443885819355593,0.701362895674717,0.598470175011824,LOC111329099,1
GO:0051154,negative regulation of striated muscle cell differentiation,1/230,19/7572,0.0526315789473684,1.73272311212815,0.565965944893608,0.443885819355593,0.701362895674717,0.598470175011824,LOC111333893,1
GO:0071470,cellular response to osmotic stress,1/230,19/7572,0.0526315789473684,1.73272311212815,0.565965944893608,0.443885819355593,0.701362895674717,0.598470175011824,LOC111336828,1
GO:0072499,photoreceptor cell axon guidance,1/230,19/7572,0.0526315789473684,1.73272311212815,0.565965944893608,0.443885819355593,0.701362895674717,0.598470175011824,LOC111332158,1
GO:0090049,regulation of cell migration involved in sprouting angiogenesis,1/230,19/7572,0.0526315789473684,1.73272311212815,0.565965944893608,0.443885819355593,0.701362895674717,0.598470175011824,LOC111333478,1
GO:1900026,positive regulation of substrate adhesion-dependent cell spreading,1/230,19/7572,0.0526315789473684,1.73272311212815,0.565965944893608,0.443885819355593,0.701362895674717,0.598470175011824,LOC111333478,1
GO:1904646,cellular response to amyloid-beta,1/230,19/7572,0.0526315789473684,1.73272311212815,0.565965944893608,0.443885819355593,0.701362895674717,0.598470175011824,LOC111340596,1
GO:2000351,regulation of endothelial cell apoptotic process,1/230,19/7572,0.0526315789473684,1.73272311212815,0.565965944893608,0.443885819355593,0.701362895674717,0.598470175011824,LOC111340622,1
GO:0007391,dorsal closure,3/230,81/7572,0.037037037037037,1.21932367149758,0.35122989132459,0.448422599692583,0.70803569697639,0.604164049876689,LOC111335321/LOC111343646/LOC111342147,3
GO:0009582,detection of abiotic stimulus,4/230,113/7572,0.0353982300884956,1.16537129665256,0.313467413788619,0.450823683626973,0.70803569697639,0.604164049876689,LOC111336828/LOC111323127/LOC111326058/LOC111340622,4
GO:2000241,regulation of reproductive process,6/230,177/7572,0.0338983050847458,1.11599115696389,0.276360376322239,0.451499882361771,0.70803569697639,0.604164049876689,LOC111328024/LOC111325642/LOC111341087/LOC111342143/LOC111320921/LOC111342147,6
GO:0002706,regulation of lymphocyte mediated immunity,2/230,50/7572,0.04,1.31686956521739,0.397861775687202,0.451637388104541,0.70803569697639,0.604164049876689,LOC111328749/LOC111323636,2
GO:0009914,hormone transport,2/230,50/7572,0.04,1.31686956521739,0.397861775687202,0.451637388104541,0.70803569697639,0.604164049876689,LOC111330589/LOC111338776,2
GO:0015698,inorganic anion transport,2/230,50/7572,0.04,1.31686956521739,0.397861775687202,0.451637388104541,0.70803569697639,0.604164049876689,LOC111336828/LOC111343017,2
GO:0019886,antigen processing and presentation of exogenous peptide antigen via MHC class II,2/230,50/7572,0.04,1.31686956521739,0.397861775687202,0.451637388104541,0.70803569697639,0.604164049876689,LOC111322266/LOC111322261,2
GO:0030641,regulation of cellular pH,2/230,50/7572,0.04,1.31686956521739,0.397861775687202,0.451637388104541,0.70803569697639,0.604164049876689,LOC111323945/LOC111333012,2
GO:0042659,regulation of cell fate specification,2/230,50/7572,0.04,1.31686956521739,0.397861775687202,0.451637388104541,0.70803569697639,0.604164049876689,LOC111333901/LOC111333893,2
GO:0043954,cellular component maintenance,2/230,50/7572,0.04,1.31686956521739,0.397861775687202,0.451637388104541,0.70803569697639,0.604164049876689,LOC111335693/LOC111322311,2
GO:0046824,positive regulation of nucleocytoplasmic transport,2/230,50/7572,0.04,1.31686956521739,0.397861775687202,0.451637388104541,0.70803569697639,0.604164049876689,LOC111331301/LOC111333767,2
GO:0050810,regulation of steroid biosynthetic process,2/230,50/7572,0.04,1.31686956521739,0.397861775687202,0.451637388104541,0.70803569697639,0.604164049876689,LOC111320024/LOC111325671,2
GO:0001751,compound eye photoreceptor cell differentiation,3/230,82/7572,0.0365853658536585,1.20445387062566,0.329453939595435,0.456409405830155,0.708592160666544,0.604638878134767,LOC111342023/LOC111323777/LOC111333893,3
GO:0006903,vesicle targeting,3/230,82/7572,0.0365853658536585,1.20445387062566,0.329453939595435,0.456409405830155,0.708592160666544,0.604638878134767,LOC111335321/LOC111321489/LOC111344752,3
GO:0019752,carboxylic acid metabolic process,15/230,469/7572,0.0319829424307036,1.05293408732734,0.209476010713545,0.456722310247228,0.708592160666544,0.604638878134767,LOC111335819/LOC111326885/LOC111331664/LOC111334156/LOC111333875/LOC111342143/LOC111346320/LOC111327210/LOC111325560/LOC111331622/LOC111331303/LOC111334900/LOC111341830/LOC111328842/LOC111342147,15
GO:1901293,nucleoside phosphate biosynthetic process,5/230,146/7572,0.0342465753424658,1.12745681953544,0.275229755087025,0.457509949025073,0.708592160666544,0.604638878134767,LOC111331664/LOC111346320/LOC111321593/LOC111331622/LOC111341830,5
GO:0001700,embryonic development via the syncytial blastoderm,4/230,114/7572,0.0350877192982456,1.15514874141876,0.29540840249138,0.457576074622793,0.708592160666544,0.604638878134767,LOC111335321/LOC111343646/LOC111340622/LOC111342147,4
GO:0001974,blood vessel remodeling,1/230,20/7572,0.05,1.64608695652174,0.512045238044366,0.460820317111216,0.708592160666544,0.604638878134767,LOC111344472,1
GO:0003170,heart valve development,1/230,20/7572,0.05,1.64608695652174,0.512045238044366,0.460820317111216,0.708592160666544,0.604638878134767,LOC111340883,1
GO:0006654,phosphatidic acid biosynthetic process,1/230,20/7572,0.05,1.64608695652174,0.512045238044366,0.460820317111216,0.708592160666544,0.604638878134767,LOC111331303,1
GO:0007398,ectoderm development,1/230,20/7572,0.05,1.64608695652174,0.512045238044366,0.460820317111216,0.708592160666544,0.604638878134767,LOC111335693,1
GO:0007427,"epithelial cell migration, open tracheal system",1/230,20/7572,0.05,1.64608695652174,0.512045238044366,0.460820317111216,0.708592160666544,0.604638878134767,LOC111335693,1
GO:0035206,regulation of hemocyte proliferation,1/230,20/7572,0.05,1.64608695652174,0.512045238044366,0.460820317111216,0.708592160666544,0.604638878134767,LOC111333893,1
GO:0035883,enteroendocrine cell differentiation,1/230,20/7572,0.05,1.64608695652174,0.512045238044366,0.460820317111216,0.708592160666544,0.604638878134767,LOC111338776,1
GO:0036011,imaginal disc-derived leg segmentation,1/230,20/7572,0.05,1.64608695652174,0.512045238044366,0.460820317111216,0.708592160666544,0.604638878134767,LOC111329099,1
GO:0038202,TORC1 signaling,1/230,20/7572,0.05,1.64608695652174,0.512045238044366,0.460820317111216,0.708592160666544,0.604638878134767,LOC111339275,1
GO:0042401,biogenic amine biosynthetic process,1/230,20/7572,0.05,1.64608695652174,0.512045238044366,0.460820317111216,0.708592160666544,0.604638878134767,LOC111334761,1
GO:0043052,thermotaxis,1/230,20/7572,0.05,1.64608695652174,0.512045238044366,0.460820317111216,0.708592160666544,0.604638878134767,LOC111323127,1
GO:0043171,peptide catabolic process,1/230,20/7572,0.05,1.64608695652174,0.512045238044366,0.460820317111216,0.708592160666544,0.604638878134767,LOC111323911,1
GO:0045168,cell-cell signaling involved in cell fate commitment,1/230,20/7572,0.05,1.64608695652174,0.512045238044366,0.460820317111216,0.708592160666544,0.604638878134767,LOC111329099,1
GO:0045196,establishment or maintenance of neuroblast polarity,1/230,20/7572,0.05,1.64608695652174,0.512045238044366,0.460820317111216,0.708592160666544,0.604638878134767,LOC111323862,1
GO:0045581,negative regulation of T cell differentiation,1/230,20/7572,0.05,1.64608695652174,0.512045238044366,0.460820317111216,0.708592160666544,0.604638878134767,LOC111333767,1
GO:0045792,negative regulation of cell size,1/230,20/7572,0.05,1.64608695652174,0.512045238044366,0.460820317111216,0.708592160666544,0.604638878134767,LOC111321593,1
GO:0046473,phosphatidic acid metabolic process,1/230,20/7572,0.05,1.64608695652174,0.512045238044366,0.460820317111216,0.708592160666544,0.604638878134767,LOC111331303,1
GO:0046632,alpha-beta T cell differentiation,1/230,20/7572,0.05,1.64608695652174,0.512045238044366,0.460820317111216,0.708592160666544,0.604638878134767,LOC111326654,1
GO:0050891,multicellular organismal-level water homeostasis,1/230,20/7572,0.05,1.64608695652174,0.512045238044366,0.460820317111216,0.708592160666544,0.604638878134767,LOC111326885,1
GO:0050994,regulation of lipid catabolic process,1/230,20/7572,0.05,1.64608695652174,0.512045238044366,0.460820317111216,0.708592160666544,0.604638878134767,LOC111346320,1
GO:0051125,regulation of actin nucleation,1/230,20/7572,0.05,1.64608695652174,0.512045238044366,0.460820317111216,0.708592160666544,0.604638878134767,LOC111330877,1
GO:0060323,head morphogenesis,1/230,20/7572,0.05,1.64608695652174,0.512045238044366,0.460820317111216,0.708592160666544,0.604638878134767,LOC111344472,1
GO:1902475,L-alpha-amino acid transmembrane transport,1/230,20/7572,0.05,1.64608695652174,0.512045238044366,0.460820317111216,0.708592160666544,0.604638878134767,LOC111342077,1
GO:1904705,regulation of vascular associated smooth muscle cell proliferation,1/230,20/7572,0.05,1.64608695652174,0.512045238044366,0.460820317111216,0.708592160666544,0.604638878134767,LOC111322288,1
GO:2001025,positive regulation of response to drug,1/230,20/7572,0.05,1.64608695652174,0.512045238044366,0.460820317111216,0.708592160666544,0.604638878134767,LOC111333875,1
GO:0002495,antigen processing and presentation of peptide antigen via MHC class II,2/230,51/7572,0.0392156862745098,1.29104859335038,0.369101788325897,0.461853172444486,0.709274514825461,0.605221128230154,LOC111322266/LOC111322261,2
GO:0002822,regulation of adaptive immune response based on somatic recombination of immune receptors built from immunoglobulin superfamily domains,2/230,51/7572,0.0392156862745098,1.29104859335038,0.369101788325897,0.461853172444486,0.709274514825461,0.605221128230154,LOC111328749/LOC111323636,2
GO:0009165,nucleotide biosynthetic process,5/230,147/7572,0.0340136054421769,1.11978704525288,0.259569488821822,0.463452857909372,0.710824510729788,0.606543733583033,LOC111331664/LOC111346320/LOC111321593/LOC111331622/LOC111341830,5
GO:0019827,stem cell population maintenance,5/230,147/7572,0.0340136054421769,1.11978704525288,0.259569488821822,0.463452857909372,0.710824510729788,0.606543733583033,LOC111329099/LOC111340883/LOC111333893/LOC111343646/LOC111338817,5
GO:0070201,regulation of establishment of protein localization,13/230,408/7572,0.0318627450980392,1.04897698209719,0.180002138562078,0.470723615434315,0.719597414463815,0.614029617517646,LOC111325642/LOC111323945/LOC111328749/LOC111333901/LOC111331664/LOC111338776/LOC111340883/LOC111320751/LOC111323527/LOC111323636/LOC111331301/LOC111333767/LOC111340596,13
GO:0046148,pigment biosynthetic process,2/230,52/7572,0.0384615384615385,1.26622073578595,0.340932169387726,0.471957385912781,0.719597414463815,0.614029617517646,LOC111330589/LOC111334761,2
GO:0050709,negative regulation of protein secretion,2/230,52/7572,0.0384615384615385,1.26622073578595,0.340932169387726,0.471957385912781,0.719597414463815,0.614029617517646,LOC111325642/LOC111333901,2
GO:1900407,regulation of cellular response to oxidative stress,2/230,52/7572,0.0384615384615385,1.26622073578595,0.340932169387726,0.471957385912781,0.719597414463815,0.614029617517646,LOC111323527/LOC111333893,2
GO:0035050,embryonic heart tube development,3/230,84/7572,0.0357142857142857,1.17577639751553,0.28671514606878,0.47223558907362,0.719597414463815,0.614029617517646,LOC111326654/LOC111321759/LOC111344472,3
GO:0007283,spermatogenesis,12/230,376/7572,0.0319148936170213,1.05069380203515,0.178458221560287,0.4728165021361,0.719597414463815,0.614029617517646,LOC111325642/LOC111329099/LOC111342023/LOC111325671/LOC111331389/LOC111323777/LOC111329762/LOC111342143/LOC111333695/LOC111326058/LOC111333767/LOC111342147,12
GO:0050769,positive regulation of neurogenesis,11/230,344/7572,0.0319767441860465,1.05273003033367,0.177158307078947,0.475026839497176,0.719597414463815,0.614029617517646,LOC111328393/LOC111335693/LOC111333478/LOC111323777/LOC111345144/LOC111320751/LOC111346320/LOC111326544/LOC111333893/LOC111333767/LOC111340622,11
GO:0032868,response to insulin,5/230,149/7572,0.0335570469798658,1.10475634665889,0.228568879402116,0.475280923905181,0.719597414463815,0.614029617517646,LOC111325642/LOC111322288/LOC111339275/LOC111346320/LOC111325560,5
GO:0001658,branching involved in ureteric bud morphogenesis,1/230,21/7572,0.0476190476190476,1.56770186335404,0.461063861177518,0.477241308512754,0.719597414463815,0.614029617517646,LOC111333767,1
GO:0001752,compound eye photoreceptor fate commitment,1/230,21/7572,0.0476190476190476,1.56770186335404,0.461063861177518,0.477241308512754,0.719597414463815,0.614029617517646,LOC111333893,1
GO:0006636,unsaturated fatty acid biosynthetic process,1/230,21/7572,0.0476190476190476,1.56770186335404,0.461063861177518,0.477241308512754,0.719597414463815,0.614029617517646,LOC111326885,1
GO:0006972,hyperosmotic response,1/230,21/7572,0.0476190476190476,1.56770186335404,0.461063861177518,0.477241308512754,0.719597414463815,0.614029617517646,LOC111336828,1
GO:0008407,chaeta morphogenesis,1/230,21/7572,0.0476190476190476,1.56770186335404,0.461063861177518,0.477241308512754,0.719597414463815,0.614029617517646,LOC111340398,1
GO:0009651,response to salt stress,1/230,21/7572,0.0476190476190476,1.56770186335404,0.461063861177518,0.477241308512754,0.719597414463815,0.614029617517646,LOC111336828,1
GO:0009794,"regulation of mitotic cell cycle, embryonic",1/230,21/7572,0.0476190476190476,1.56770186335404,0.461063861177518,0.477241308512754,0.719597414463815,0.614029617517646,LOC111322288,1
GO:0015807,L-amino acid transport,1/230,21/7572,0.0476190476190476,1.56770186335404,0.461063861177518,0.477241308512754,0.719597414463815,0.614029617517646,LOC111342077,1
GO:0018992,germ-line sex determination,1/230,21/7572,0.0476190476190476,1.56770186335404,0.461063861177518,0.477241308512754,0.719597414463815,0.614029617517646,LOC111333767,1
GO:0030201,heparan sulfate proteoglycan metabolic process,1/230,21/7572,0.0476190476190476,1.56770186335404,0.461063861177518,0.477241308512754,0.719597414463815,0.614029617517646,LOC111328024,1
GO:0031952,regulation of protein autophosphorylation,1/230,21/7572,0.0476190476190476,1.56770186335404,0.461063861177518,0.477241308512754,0.719597414463815,0.614029617517646,LOC111322288,1
GO:0042661,regulation of mesodermal cell fate specification,1/230,21/7572,0.0476190476190476,1.56770186335404,0.461063861177518,0.477241308512754,0.719597414463815,0.614029617517646,LOC111333901,1
GO:0042706,eye photoreceptor cell fate commitment,1/230,21/7572,0.0476190476190476,1.56770186335404,0.461063861177518,0.477241308512754,0.719597414463815,0.614029617517646,LOC111333893,1
GO:0051290,protein heterotetramerization,1/230,21/7572,0.0476190476190476,1.56770186335404,0.461063861177518,0.477241308512754,0.719597414463815,0.614029617517646,LOC111336974,1
GO:0060612,adipose tissue development,1/230,21/7572,0.0476190476190476,1.56770186335404,0.461063861177518,0.477241308512754,0.719597414463815,0.614029617517646,LOC111330631,1
GO:0060996,dendritic spine development,1/230,21/7572,0.0476190476190476,1.56770186335404,0.461063861177518,0.477241308512754,0.719597414463815,0.614029617517646,LOC111331664,1
GO:0061157,mRNA destabilization,1/230,21/7572,0.0476190476190476,1.56770186335404,0.461063861177518,0.477241308512754,0.719597414463815,0.614029617517646,LOC111320938,1
GO:1903861,positive regulation of dendrite extension,1/230,21/7572,0.0476190476190476,1.56770186335404,0.461063861177518,0.477241308512754,0.719597414463815,0.614029617517646,LOC111326544,1
GO:2001224,positive regulation of neuron migration,1/230,21/7572,0.0476190476190476,1.56770186335404,0.461063861177518,0.477241308512754,0.719597414463815,0.614029617517646,LOC111345144,1
GO:0001678,intracellular glucose homeostasis,2/230,53/7572,0.0377358490566038,1.24232977850697,0.313327150254229,0.481947363175407,0.725330781578987,0.618921876919996,LOC111324621/LOC111340883,2
GO:0048208,COPII vesicle coating,2/230,53/7572,0.0377358490566038,1.24232977850697,0.313327150254229,0.481947363175407,0.725330781578987,0.618921876919996,LOC111321489/LOC111344752,2
GO:0051591,response to cAMP,2/230,53/7572,0.0377358490566038,1.24232977850697,0.313327150254229,0.481947363175407,0.725330781578987,0.618921876919996,LOC111325642/LOC111328842,2
GO:1900006,positive regulation of dendrite development,3/230,86/7572,0.0348837209302326,1.148432760364,0.245012041647674,0.487851603671401,0.72676844021644,0.620148625328944,LOC111323777/LOC111345144/LOC111326544,3
GO:1900180,regulation of protein localization to nucleus,3/230,86/7572,0.0348837209302326,1.148432760364,0.245012041647674,0.487851603671401,0.72676844021644,0.620148625328944,LOC111327334/LOC111331301/LOC111333767,3
GO:0001666,response to hypoxia,6/230,184/7572,0.0326086956521739,1.07353497164461,0.17871983237093,0.489001199579472,0.72676844021644,0.620148625328944,LOC111329099/LOC111322288/LOC111333478/LOC111340883/LOC111346320/LOC111324368,6
GO:0045807,positive regulation of endocytosis,4/230,119/7572,0.0336134453781513,1.10661308001461,0.207468306164754,0.490894209189582,0.72676844021644,0.620148625328944,LOC111328749/LOC111323636/LOC111326058/LOC111340596,4
GO:0051091,positive regulation of DNA-binding transcription factor activity,4/230,119/7572,0.0336134453781513,1.10661308001461,0.207468306164754,0.490894209189582,0.72676844021644,0.620148625328944,LOC111323862/LOC111323127/LOC111333893/LOC111331301,4
GO:0046677,response to antibiotic,8/230,250/7572,0.032,1.05349565217391,0.152232359785293,0.491779736228777,0.72676844021644,0.620148625328944,LOC111332158/LOC111322288/LOC111323527/LOC111324410/LOC111325560/LOC111331303/LOC111336999/LOC111333695,8
GO:0006885,regulation of pH,2/230,54/7572,0.037037037037037,1.21932367149758,0.286262577700731,0.491820701957557,0.72676844021644,0.620148625328944,LOC111323945/LOC111333012,2
GO:0007478,leg disc morphogenesis,2/230,54/7572,0.037037037037037,1.21932367149758,0.286262577700731,0.491820701957557,0.72676844021644,0.620148625328944,LOC111329099/LOC111327558,2
GO:0007480,imaginal disc-derived leg morphogenesis,2/230,54/7572,0.037037037037037,1.21932367149758,0.286262577700731,0.491820701957557,0.72676844021644,0.620148625328944,LOC111329099/LOC111327558,2
GO:0030203,glycosaminoglycan metabolic process,2/230,54/7572,0.037037037037037,1.21932367149758,0.286262577700731,0.491820701957557,0.72676844021644,0.620148625328944,LOC111328024/LOC111336425,2
GO:0032231,regulation of actin filament bundle assembly,2/230,54/7572,0.037037037037037,1.21932367149758,0.286262577700731,0.491820701957557,0.72676844021644,0.620148625328944,LOC111333478/LOC111333893,2
GO:0042051,compound eye photoreceptor development,2/230,54/7572,0.037037037037037,1.21932367149758,0.286262577700731,0.491820701957557,0.72676844021644,0.620148625328944,LOC111342023/LOC111323777,2
GO:0042157,lipoprotein metabolic process,2/230,54/7572,0.037037037037037,1.21932367149758,0.286262577700731,0.491820701957557,0.72676844021644,0.620148625328944,LOC111325671/LOC111326885,2
GO:0042306,regulation of protein import into nucleus,2/230,54/7572,0.037037037037037,1.21932367149758,0.286262577700731,0.491820701957557,0.72676844021644,0.620148625328944,LOC111331301/LOC111333767,2
GO:0000271,polysaccharide biosynthetic process,1/230,22/7572,0.0454545454545455,1.49644268774704,0.412705573374771,0.493164298718299,0.72676844021644,0.620148625328944,LOC111324410,1
GO:0001711,endodermal cell fate commitment,1/230,22/7572,0.0454545454545455,1.49644268774704,0.412705573374771,0.493164298718299,0.72676844021644,0.620148625328944,LOC111324192,1
GO:0001825,blastocyst formation,1/230,22/7572,0.0454545454545455,1.49644268774704,0.412705573374771,0.493164298718299,0.72676844021644,0.620148625328944,LOC111343122,1
GO:0006517,protein deglycosylation,1/230,22/7572,0.0454545454545455,1.49644268774704,0.412705573374771,0.493164298718299,0.72676844021644,0.620148625328944,LOC111329016,1
GO:0007585,respiratory gaseous exchange by respiratory system,1/230,22/7572,0.0454545454545455,1.49644268774704,0.412705573374771,0.493164298718299,0.72676844021644,0.620148625328944,LOC111329099,1
GO:0018996,"molting cycle, collagen and cuticulin-based cuticle",1/230,22/7572,0.0454545454545455,1.49644268774704,0.412705573374771,0.493164298718299,0.72676844021644,0.620148625328944,LOC111331622,1
GO:0030072,peptide hormone secretion,1/230,22/7572,0.0454545454545455,1.49644268774704,0.412705573374771,0.493164298718299,0.72676844021644,0.620148625328944,LOC111338776,1
GO:0036335,intestinal stem cell homeostasis,1/230,22/7572,0.0454545454545455,1.49644268774704,0.412705573374771,0.493164298718299,0.72676844021644,0.620148625328944,LOC111339275,1
GO:0042168,heme metabolic process,1/230,22/7572,0.0454545454545455,1.49644268774704,0.412705573374771,0.493164298718299,0.72676844021644,0.620148625328944,LOC111340822,1
GO:0043949,regulation of cAMP-mediated signaling,1/230,22/7572,0.0454545454545455,1.49644268774704,0.412705573374771,0.493164298718299,0.72676844021644,0.620148625328944,LOC111326058,1
GO:0045907,positive regulation of vasoconstriction,1/230,22/7572,0.0454545454545455,1.49644268774704,0.412705573374771,0.493164298718299,0.72676844021644,0.620148625328944,LOC111322288,1
GO:0046552,photoreceptor cell fate commitment,1/230,22/7572,0.0454545454545455,1.49644268774704,0.412705573374771,0.493164298718299,0.72676844021644,0.620148625328944,LOC111333893,1
GO:0048048,embryonic eye morphogenesis,1/230,22/7572,0.0454545454545455,1.49644268774704,0.412705573374771,0.493164298718299,0.72676844021644,0.620148625328944,LOC111321680,1
GO:0048102,autophagic cell death,1/230,22/7572,0.0454545454545455,1.49644268774704,0.412705573374771,0.493164298718299,0.72676844021644,0.620148625328944,LOC111336999,1
GO:0050779,RNA destabilization,1/230,22/7572,0.0454545454545455,1.49644268774704,0.412705573374771,0.493164298718299,0.72676844021644,0.620148625328944,LOC111320938,1
GO:0051954,positive regulation of amine transport,1/230,22/7572,0.0454545454545455,1.49644268774704,0.412705573374771,0.493164298718299,0.72676844021644,0.620148625328944,LOC111333875,1
GO:0071398,cellular response to fatty acid,1/230,22/7572,0.0454545454545455,1.49644268774704,0.412705573374771,0.493164298718299,0.72676844021644,0.620148625328944,LOC111325671,1
GO:1902235,regulation of endoplasmic reticulum stress-induced intrinsic apoptotic signaling pathway,1/230,22/7572,0.0454545454545455,1.49644268774704,0.412705573374771,0.493164298718299,0.72676844021644,0.620148625328944,LOC111338776,1
GO:1904645,response to amyloid-beta,1/230,22/7572,0.0454545454545455,1.49644268774704,0.412705573374771,0.493164298718299,0.72676844021644,0.620148625328944,LOC111340596,1
GO:1990776,response to angiotensin,1/230,22/7572,0.0454545454545455,1.49644268774704,0.412705573374771,0.493164298718299,0.72676844021644,0.620148625328944,LOC111322288,1
GO:0002221,pattern recognition receptor signaling pathway,2/230,55/7572,0.0363636363636364,1.19715415019763,0.259715783983494,0.501575249646829,0.738259902903157,0.629954244827314,LOC111325671/LOC111334113,2
GO:0010324,membrane invagination,2/230,55/7572,0.0363636363636364,1.19715415019763,0.259715783983494,0.501575249646829,0.738259902903157,0.629954244827314,LOC111328749/LOC111323636,2
GO:0008306,associative learning,3/230,88/7572,0.0340909090909091,1.12233201581028,0.204290386397052,0.503242515196371,0.739118418047138,0.630686812392032,LOC111332158/LOC111345144/LOC111321502,3
GO:0006465,signal peptide processing,1/230,23/7572,0.0434782608695652,1.43137996219282,0.366701363156303,0.508604326704364,0.739118418047138,0.630686812392032,LOC111326544,1
GO:0009996,negative regulation of cell fate specification,1/230,23/7572,0.0434782608695652,1.43137996219282,0.366701363156303,0.508604326704364,0.739118418047138,0.630686812392032,LOC111333893,1
GO:0014044,Schwann cell development,1/230,23/7572,0.0434782608695652,1.43137996219282,0.366701363156303,0.508604326704364,0.739118418047138,0.630686812392032,LOC111321759,1
GO:0016081,synaptic vesicle docking,1/230,23/7572,0.0434782608695652,1.43137996219282,0.366701363156303,0.508604326704364,0.739118418047138,0.630686812392032,LOC111335321,1
GO:0021983,pituitary gland development,1/230,23/7572,0.0434782608695652,1.43137996219282,0.366701363156303,0.508604326704364,0.739118418047138,0.630686812392032,LOC111325642,1
GO:0030858,positive regulation of epithelial cell differentiation,1/230,23/7572,0.0434782608695652,1.43137996219282,0.366701363156303,0.508604326704364,0.739118418047138,0.630686812392032,LOC111333767,1
GO:0030947,regulation of vascular endothelial growth factor receptor signaling pathway,1/230,23/7572,0.0434782608695652,1.43137996219282,0.366701363156303,0.508604326704364,0.739118418047138,0.630686812392032,LOC111333478,1
GO:0032222,"regulation of synaptic transmission, cholinergic",1/230,23/7572,0.0434782608695652,1.43137996219282,0.366701363156303,0.508604326704364,0.739118418047138,0.630686812392032,LOC111338912,1
GO:0032350,regulation of hormone metabolic process,1/230,23/7572,0.0434782608695652,1.43137996219282,0.366701363156303,0.508604326704364,0.739118418047138,0.630686812392032,LOC111331622,1
GO:0033563,dorsal/ventral axon guidance,1/230,23/7572,0.0434782608695652,1.43137996219282,0.366701363156303,0.508604326704364,0.739118418047138,0.630686812392032,LOC111333901,1
GO:0035640,exploration behavior,1/230,23/7572,0.0434782608695652,1.43137996219282,0.366701363156303,0.508604326704364,0.739118418047138,0.630686812392032,LOC111335693,1
GO:0036092,phosphatidylinositol-3-phosphate biosynthetic process,1/230,23/7572,0.0434782608695652,1.43137996219282,0.366701363156303,0.508604326704364,0.739118418047138,0.630686812392032,LOC111338817,1
GO:0043243,positive regulation of protein-containing complex disassembly,1/230,23/7572,0.0434782608695652,1.43137996219282,0.366701363156303,0.508604326704364,0.739118418047138,0.630686812392032,LOC111340622,1
GO:0050951,sensory perception of temperature stimulus,1/230,23/7572,0.0434782608695652,1.43137996219282,0.366701363156303,0.508604326704364,0.739118418047138,0.630686812392032,LOC111323527,1
GO:0060711,labyrinthine layer development,1/230,23/7572,0.0434782608695652,1.43137996219282,0.366701363156303,0.508604326704364,0.739118418047138,0.630686812392032,LOC111330856,1
GO:0061383,trabecula morphogenesis,1/230,23/7572,0.0434782608695652,1.43137996219282,0.366701363156303,0.508604326704364,0.739118418047138,0.630686812392032,LOC111321680,1
GO:1900087,positive regulation of G1/S transition of mitotic cell cycle,1/230,23/7572,0.0434782608695652,1.43137996219282,0.366701363156303,0.508604326704364,0.739118418047138,0.630686812392032,LOC111333767,1
GO:1901071,glucosamine-containing compound metabolic process,1/230,23/7572,0.0434782608695652,1.43137996219282,0.366701363156303,0.508604326704364,0.739118418047138,0.630686812392032,LOC111337168,1
GO:2000648,positive regulation of stem cell proliferation,1/230,23/7572,0.0434782608695652,1.43137996219282,0.366701363156303,0.508604326704364,0.739118418047138,0.630686812392032,LOC111333767,1
GO:2000826,regulation of heart morphogenesis,1/230,23/7572,0.0434782608695652,1.43137996219282,0.366701363156303,0.508604326704364,0.739118418047138,0.630686812392032,LOC111344472,1
GO:0051962,positive regulation of nervous system development,12/230,386/7572,0.0310880829015544,1.0234737553503,0.0837849415176903,0.510054154738768,0.739334228127192,0.630870962276743,LOC111328393/LOC111335693/LOC111333478/LOC111323777/LOC111345144/LOC111320751/LOC111346320/LOC111326544/LOC111333893/LOC111333767/LOC111343646/LOC111340622,12
GO:1904062,regulation of monoatomic cation transmembrane transport,4/230,122/7572,0.0327868852459016,1.07940128296508,0.156481373626752,0.510480710961994,0.739334228127192,0.630870962276743,LOC111320952/LOC111323945/LOC111327334/LOC111326058,4
GO:0005996,monosaccharide metabolic process,3/230,89/7572,0.0337078651685393,1.10972154372252,0.184281776812043,0.510849307668229,0.739334228127192,0.630870962276743,LOC111338776/LOC111336425/LOC111329016,3
GO:0008595,"anterior/posterior axis specification, embryo",3/230,89/7572,0.0337078651685393,1.10972154372252,0.184281776812043,0.510849307668229,0.739334228127192,0.630870962276743,LOC111327880/LOC111336934/LOC111343646,3
GO:0030522,intracellular receptor signaling pathway,3/230,89/7572,0.0337078651685393,1.10972154372252,0.184281776812043,0.510849307668229,0.739334228127192,0.630870962276743,LOC111323127/LOC111336999/LOC111344472,3
GO:0072089,stem cell proliferation,3/230,89/7572,0.0337078651685393,1.10972154372252,0.184281776812043,0.510849307668229,0.739334228127192,0.630870962276743,LOC111323862/LOC111346320/LOC111335662,3
GO:0018991,egg-laying behavior,2/230,56/7572,0.0357142857142857,1.17577639751553,0.233665469564122,0.5112090904617,0.739334228127192,0.630870962276743,LOC111324192/LOC111328517,2
GO:0090114,COPII-coated vesicle budding,2/230,56/7572,0.0357142857142857,1.17577639751553,0.233665469564122,0.5112090904617,0.739334228127192,0.630870962276743,LOC111321489/LOC111344752,2
GO:0007298,border follicle cell migration,3/230,90/7572,0.0333333333333333,1.09739130434783,0.164500012816271,0.518394908915572,0.749121187146363,0.639222135561156,LOC111322288/LOC111339275/LOC111333893,3
GO:0043401,steroid hormone receptor signaling pathway,2/230,57/7572,0.0350877192982456,1.15514874141876,0.208091597037949,0.520720533163553,0.749121187146363,0.639222135561156,LOC111323127/LOC111336999,2
GO:0071322,cellular response to carbohydrate stimulus,2/230,57/7572,0.0350877192982456,1.15514874141876,0.208091597037949,0.520720533163553,0.749121187146363,0.639222135561156,LOC111324621/LOC111340883,2
GO:0098876,vesicle-mediated transport to the plasma membrane,2/230,57/7572,0.0350877192982456,1.15514874141876,0.208091597037949,0.520720533163553,0.749121187146363,0.639222135561156,LOC111326934/LOC111340366,2
GO:0010770,positive regulation of cell morphogenesis,5/230,157/7572,0.0318471337579618,1.04846302963168,0.108602084162746,0.521673410502612,0.749121187146363,0.639222135561156,LOC111333478/LOC111323777/LOC111326544/LOC111333893/LOC111340622,5
GO:0014041,regulation of neuron maturation,1/230,24/7572,0.0416666666666667,1.37173913043478,0.322820647923354,0.523575979222313,0.749121187146363,0.639222135561156,LOC111332158,1
GO:0021587,cerebellum morphogenesis,1/230,24/7572,0.0416666666666667,1.37173913043478,0.322820647923354,0.523575979222313,0.749121187146363,0.639222135561156,LOC111326058,1
GO:0030032,lamellipodium assembly,1/230,24/7572,0.0416666666666667,1.37173913043478,0.322820647923354,0.523575979222313,0.749121187146363,0.639222135561156,LOC111328517,1
GO:0030837,negative regulation of actin filament polymerization,1/230,24/7572,0.0416666666666667,1.37173913043478,0.322820647923354,0.523575979222313,0.749121187146363,0.639222135561156,LOC111321894,1
GO:0032480,negative regulation of type I interferon production,1/230,24/7572,0.0416666666666667,1.37173913043478,0.322820647923354,0.523575979222313,0.749121187146363,0.639222135561156,LOC111342023,1
GO:0035075,response to ecdysone,1/230,24/7572,0.0416666666666667,1.37173913043478,0.322820647923354,0.523575979222313,0.749121187146363,0.639222135561156,LOC111336999,1
GO:0048286,lung alveolus development,1/230,24/7572,0.0416666666666667,1.37173913043478,0.322820647923354,0.523575979222313,0.749121187146363,0.639222135561156,LOC111333893,1
GO:0048665,neuron fate specification,1/230,24/7572,0.0416666666666667,1.37173913043478,0.322820647923354,0.523575979222313,0.749121187146363,0.639222135561156,LOC111333767,1
GO:0060324,face development,1/230,24/7572,0.0416666666666667,1.37173913043478,0.322820647923354,0.523575979222313,0.749121187146363,0.639222135561156,LOC111344472,1
GO:0071868,cellular response to monoamine stimulus,1/230,24/7572,0.0416666666666667,1.37173913043478,0.322820647923354,0.523575979222313,0.749121187146363,0.639222135561156,LOC111326058,1
GO:0071870,cellular response to catecholamine stimulus,1/230,24/7572,0.0416666666666667,1.37173913043478,0.322820647923354,0.523575979222313,0.749121187146363,0.639222135561156,LOC111326058,1
GO:1901985,positive regulation of protein acetylation,1/230,24/7572,0.0416666666666667,1.37173913043478,0.322820647923354,0.523575979222313,0.749121187146363,0.639222135561156,LOC111340883,1
GO:1903427,negative regulation of reactive oxygen species biosynthetic process,1/230,24/7572,0.0416666666666667,1.37173913043478,0.322820647923354,0.523575979222313,0.749121187146363,0.639222135561156,LOC111326058,1
GO:0012501,programmed cell death,13/230,423/7572,0.0307328605200946,1.01177921677459,0.0441262783708848,0.524283428192131,0.749687942450506,0.639705745612602,LOC111329099/LOC111324621/LOC111320952/LOC111323127/LOC111326544/LOC111325851/LOC111336999/LOC111333695/LOC111344752/LOC111334113/LOC111333767/LOC111344472/LOC111338817,13
GO:0010720,positive regulation of cell development,12/230,390/7572,0.0307692307692308,1.01297658862876,0.0465697054869439,0.524769634055903,0.749937850923806,0.639918991520926,LOC111328393/LOC111335693/LOC111341087/LOC111333478/LOC111323777/LOC111345144/LOC111320751/LOC111346320/LOC111326544/LOC111333893/LOC111333767/LOC111340622,12
GO:0014074,response to purine-containing compound,3/230,91/7572,0.032967032967033,1.0853320592451,0.144939395616604,0.525877868525382,0.750185964104929,0.64013070551356,LOC111325642/LOC111323527/LOC111328842,3
GO:0042440,pigment metabolic process,3/230,91/7572,0.032967032967033,1.0853320592451,0.144939395616604,0.525877868525382,0.750185964104929,0.64013070551356,LOC111340822/LOC111330589/LOC111334761,3
GO:0051302,regulation of cell division,3/230,91/7572,0.032967032967033,1.0853320592451,0.144939395616604,0.525877868525382,0.750185964104929,0.64013070551356,LOC111330205/LOC111341087/LOC111328517,3
GO:0044092,negative regulation of molecular function,15/230,490/7572,0.0306122448979592,1.0078083407276,0.0316309463777553,0.526810034431263,0.751070789171393,0.640885723230704,LOC111336303/LOC111330856/LOC111327252/LOC111322288/LOC111322400/LOC111327625/LOC111322161/LOC111326819/LOC111321403/LOC111326544/LOC111324532/LOC111325220/LOC111334113/LOC111326058/LOC111320928,15
GO:0046883,regulation of hormone secretion,5/230,158/7572,0.0316455696202532,1.04182718767199,0.0940360262679755,0.527353460380068,0.751400670174676,0.641167209381434,LOC111325642/LOC111323945/LOC111338776/LOC111340883/LOC111323527,5
GO:0046578,regulation of Ras protein signal transduction,4/230,125/7572,0.032,1.05349565217391,0.106737288752735,0.529723319196607,0.753542091554567,0.64299447574511,LOC111320822/LOC111335693/LOC111333478/LOC111327558,4
GO:0019218,regulation of steroid metabolic process,2/230,58/7572,0.0344827586206897,1.1352323838081,0.182975295017951,0.530108099291294,0.753542091554567,0.64299447574511,LOC111320024/LOC111325671,2
GO:0031016,pancreas development,2/230,58/7572,0.0344827586206897,1.1352323838081,0.182975295017951,0.530108099291294,0.753542091554567,0.64299447574511,LOC111338776/LOC111340883,2
GO:0045746,negative regulation of Notch signaling pathway,2/230,58/7572,0.0344827586206897,1.1352323838081,0.182975295017951,0.530108099291294,0.753542091554567,0.64299447574511,LOC111329099/LOC111333893,2
GO:0043687,post-translational protein modification,6/230,192/7572,0.03125,1.02880434782609,0.0715506907921297,0.530818507723477,0.754106764954651,0.643476309316086,LOC111328749/LOC111325671/LOC111321759/LOC111321403/LOC111323636/LOC111328120,6
GO:0060249,anatomical structure homeostasis,8/230,259/7572,0.0308880308880309,1.01688769514856,0.0489447175884021,0.53234513526388,0.754679949245381,0.643965405196268,LOC111320817/LOC111324192/LOC111320821/LOC111335693/LOC111320842/LOC111330961/LOC111331303/LOC111332138,8
GO:0001738,morphogenesis of a polarized epithelium,3/230,92/7572,0.0326086956521739,1.07353497164461,0.125594434566159,0.533296822609617,0.754679949245381,0.643965405196268,LOC111329762/LOC111333893/LOC111334412,3
GO:2000045,regulation of G1/S transition of mitotic cell cycle,3/230,92/7572,0.0326086956521739,1.07353497164461,0.125594434566159,0.533296822609617,0.754679949245381,0.643965405196268,LOC111340883/LOC111331303/LOC111333767,3
GO:0001776,leukocyte homeostasis,1/230,25/7572,0.04,1.31686956521739,0.280864408482569,0.53809340433875,0.754679949245381,0.643965405196268,LOC111326654,1
GO:0006027,glycosaminoglycan catabolic process,1/230,25/7572,0.04,1.31686956521739,0.280864408482569,0.53809340433875,0.754679949245381,0.643965405196268,LOC111336425,1
GO:0006778,porphyrin-containing compound metabolic process,1/230,25/7572,0.04,1.31686956521739,0.280864408482569,0.53809340433875,0.754679949245381,0.643965405196268,LOC111340822,1
GO:0007595,lactation,1/230,25/7572,0.04,1.31686956521739,0.280864408482569,0.53809340433875,0.754679949245381,0.643965405196268,LOC111326058,1
GO:0010454,negative regulation of cell fate commitment,1/230,25/7572,0.04,1.31686956521739,0.280864408482569,0.53809340433875,0.754679949245381,0.643965405196268,LOC111333893,1
GO:0010830,regulation of myotube differentiation,1/230,25/7572,0.04,1.31686956521739,0.280864408482569,0.53809340433875,0.754679949245381,0.643965405196268,LOC111344472,1
GO:0032467,positive regulation of cytokinesis,1/230,25/7572,0.04,1.31686956521739,0.280864408482569,0.53809340433875,0.754679949245381,0.643965405196268,LOC111330205,1
GO:0045570,regulation of imaginal disc growth,1/230,25/7572,0.04,1.31686956521739,0.280864408482569,0.53809340433875,0.754679949245381,0.643965405196268,LOC111334412,1
GO:0046634,regulation of alpha-beta T cell activation,1/230,25/7572,0.04,1.31686956521739,0.280864408482569,0.53809340433875,0.754679949245381,0.643965405196268,LOC111333767,1
GO:0051703,biological process involved in intraspecies interaction between organisms,1/230,25/7572,0.04,1.31686956521739,0.280864408482569,0.53809340433875,0.754679949245381,0.643965405196268,LOC111344472,1
GO:0060117,auditory receptor cell development,1/230,25/7572,0.04,1.31686956521739,0.280864408482569,0.53809340433875,0.754679949245381,0.643965405196268,LOC111326058,1
GO:0060675,ureteric bud morphogenesis,1/230,25/7572,0.04,1.31686956521739,0.280864408482569,0.53809340433875,0.754679949245381,0.643965405196268,LOC111333767,1
GO:0061098,positive regulation of protein tyrosine kinase activity,1/230,25/7572,0.04,1.31686956521739,0.280864408482569,0.53809340433875,0.754679949245381,0.643965405196268,LOC111322288,1
GO:0070536,protein K63-linked deubiquitination,1/230,25/7572,0.04,1.31686956521739,0.280864408482569,0.53809340433875,0.754679949245381,0.643965405196268,LOC111330437,1
GO:0072171,mesonephric tubule morphogenesis,1/230,25/7572,0.04,1.31686956521739,0.280864408482569,0.53809340433875,0.754679949245381,0.643965405196268,LOC111333767,1
GO:0007015,actin filament organization,5/230,160/7572,0.03125,1.02880434782609,0.0651753967547247,0.538624804523492,0.754679949245381,0.643965405196268,LOC111335693/LOC111340398/LOC111321894/LOC111328517/LOC111330877,5
GO:0051056,regulation of small GTPase mediated signal transduction,5/230,160/7572,0.03125,1.02880434782609,0.0651753967547247,0.538624804523492,0.754679949245381,0.643965405196268,LOC111327252/LOC111320822/LOC111335693/LOC111333478/LOC111327558,5
GO:0002819,regulation of adaptive immune response,2/230,59/7572,0.0338983050847458,1.11599115696389,0.158298770883906,0.539370511898381,0.754679949245381,0.643965405196268,LOC111328749/LOC111323636,2
GO:0007525,somatic muscle development,2/230,59/7572,0.0338983050847458,1.11599115696389,0.158298770883906,0.539370511898381,0.754679949245381,0.643965405196268,LOC111324192/LOC111344472,2
GO:0042059,negative regulation of epidermal growth factor receptor signaling pathway,2/230,59/7572,0.0338983050847458,1.11599115696389,0.158298770883906,0.539370511898381,0.754679949245381,0.643965405196268,LOC111328024/LOC111332158,2
GO:0048661,positive regulation of smooth muscle cell proliferation,2/230,59/7572,0.0338983050847458,1.11599115696389,0.158298770883906,0.539370511898381,0.754679949245381,0.643965405196268,LOC111328024/LOC111322288,2
GO:0050764,regulation of phagocytosis,2/230,59/7572,0.0338983050847458,1.11599115696389,0.158298770883906,0.539370511898381,0.754679949245381,0.643965405196268,LOC111328749/LOC111323636,2
GO:1902882,regulation of response to oxidative stress,2/230,59/7572,0.0338983050847458,1.11599115696389,0.158298770883906,0.539370511898381,0.754679949245381,0.643965405196268,LOC111323527/LOC111333893,2
GO:0036293,response to decreased oxygen levels,6/230,194/7572,0.0309278350515464,1.01819811743613,0.0454455489573189,0.541058164663147,0.756601661154969,0.645605194341013,LOC111329099/LOC111322288/LOC111333478/LOC111340883/LOC111346320/LOC111324368,6
GO:0043065,positive regulation of apoptotic process,11/230,362/7572,0.0303867403314917,1.00038433821763,0.00132627497663301,0.54432294559381,0.760725277417234,0.649123859730041,LOC111325642/LOC111335693/LOC111327625/LOC111340883/LOC111326819/LOC111331303/LOC111336999/LOC111325220/LOC111344752/LOC111334412/LOC111333767,11
GO:0051090,regulation of DNA-binding transcription factor activity,6/230,195/7572,0.0307692307692308,1.01297658862876,0.0324916152762841,0.546142220099534,0.762825096287516,0.650915626837398,LOC111323862/LOC111323127/LOC111333893/LOC111334113/LOC111331301/LOC111320928,6
GO:0048232,male gamete generation,12/230,396/7572,0.0303030303030303,0.997628458498024,-0.00857966751626858,0.546594417650283,0.762837717481317,0.650926396451971,LOC111325642/LOC111329099/LOC111342023/LOC111325671/LOC111331389/LOC111323777/LOC111329762/LOC111342143/LOC111333695/LOC111326058/LOC111333767/LOC111342147,12
GO:0030718,germ-line stem cell population maintenance,2/230,60/7572,0.0333333333333333,1.09739130434783,0.134045231442375,0.548506684772789,0.762837717481317,0.650926396451971,LOC111329099/LOC111343646,2
GO:0032092,positive regulation of protein binding,2/230,60/7572,0.0333333333333333,1.09739130434783,0.134045231442375,0.548506684772789,0.762837717481317,0.650926396451971,LOC111333478/LOC111340596,2
GO:0035218,leg disc development,2/230,60/7572,0.0333333333333333,1.09739130434783,0.134045231442375,0.548506684772789,0.762837717481317,0.650926396451971,LOC111329099/LOC111327558,2
GO:0048194,Golgi vesicle budding,2/230,60/7572,0.0333333333333333,1.09739130434783,0.134045231442375,0.548506684772789,0.762837717481317,0.650926396451971,LOC111321489/LOC111344752,2
GO:0001649,osteoblast differentiation,1/230,26/7572,0.0384615384615385,1.26622073578595,0.240659773699144,0.552170324572232,0.762837717481317,0.650926396451971,LOC111333893,1
GO:0006040,amino sugar metabolic process,1/230,26/7572,0.0384615384615385,1.26622073578595,0.240659773699144,0.552170324572232,0.762837717481317,0.650926396451971,LOC111337168,1
GO:0014037,Schwann cell differentiation,1/230,26/7572,0.0384615384615385,1.26622073578595,0.240659773699144,0.552170324572232,0.762837717481317,0.650926396451971,LOC111321759,1
GO:0021884,forebrain neuron development,1/230,26/7572,0.0384615384615385,1.26622073578595,0.240659773699144,0.552170324572232,0.762837717481317,0.650926396451971,LOC111333478,1
GO:0030512,negative regulation of transforming growth factor beta receptor signaling pathway,1/230,26/7572,0.0384615384615385,1.26622073578595,0.240659773699144,0.552170324572232,0.762837717481317,0.650926396451971,LOC111321680,1
GO:0030521,androgen receptor signaling pathway,1/230,26/7572,0.0384615384615385,1.26622073578595,0.240659773699144,0.552170324572232,0.762837717481317,0.650926396451971,LOC111323127,1
GO:0031623,receptor internalization,1/230,26/7572,0.0384615384615385,1.26622073578595,0.240659773699144,0.552170324572232,0.762837717481317,0.650926396451971,LOC111340596,1
GO:0045540,regulation of cholesterol biosynthetic process,1/230,26/7572,0.0384615384615385,1.26622073578595,0.240659773699144,0.552170324572232,0.762837717481317,0.650926396451971,LOC111325671,1
GO:0045652,regulation of megakaryocyte differentiation,1/230,26/7572,0.0384615384615385,1.26622073578595,0.240659773699144,0.552170324572232,0.762837717481317,0.650926396451971,LOC111330060,1
GO:0048865,stem cell fate commitment,1/230,26/7572,0.0384615384615385,1.26622073578595,0.240659773699144,0.552170324572232,0.762837717481317,0.650926396451971,LOC111325851,1
GO:0051930,regulation of sensory perception of pain,1/230,26/7572,0.0384615384615385,1.26622073578595,0.240659773699144,0.552170324572232,0.762837717481317,0.650926396451971,LOC111332158,1
GO:0097061,dendritic spine organization,1/230,26/7572,0.0384615384615385,1.26622073578595,0.240659773699144,0.552170324572232,0.762837717481317,0.650926396451971,LOC111335693,1
GO:1904263,positive regulation of TORC1 signaling,1/230,26/7572,0.0384615384615385,1.26622073578595,0.240659773699144,0.552170324572232,0.762837717481317,0.650926396451971,LOC111333767,1
GO:2000008,regulation of protein localization to cell surface,1/230,26/7572,0.0384615384615385,1.26622073578595,0.240659773699144,0.552170324572232,0.762837717481317,0.650926396451971,LOC111326544,1
GO:0043086,negative regulation of catalytic activity,10/230,331/7572,0.0302114803625378,0.994614475239722,-0.0177327503982355,0.553754139510094,0.764587137580451,0.652419169678721,LOC111330856/LOC111327252/LOC111327625/LOC111322161/LOC111326819/LOC111321403/LOC111326544/LOC111324532/LOC111325220/LOC111326058,10
GO:0031349,positive regulation of defense response,5/230,163/7572,0.0306748466257669,1.00986929847959,0.02254413827211,0.55529845996003,0.766280052483526,0.653863727245953,LOC111328749/LOC111325671/LOC111323636/LOC111331303/LOC111334113,5
GO:0007606,sensory perception of chemical stimulus,2/230,61/7572,0.0327868852459016,1.07940128296508,0.110198810659976,0.557515712121193,0.767141619878761,0.654598899284552,LOC111335693/LOC111333893,2
GO:0014902,myotube differentiation,2/230,61/7572,0.0327868852459016,1.07940128296508,0.110198810659976,0.557515712121193,0.767141619878761,0.654598899284552,LOC111330631/LOC111333901,2
GO:0050829,defense response to Gram-negative bacterium,2/230,61/7572,0.0327868852459016,1.07940128296508,0.110198810659976,0.557515712121193,0.767141619878761,0.654598899284552,LOC111327334/LOC111331589,2
GO:1901185,negative regulation of ERBB signaling pathway,2/230,61/7572,0.0327868852459016,1.07940128296508,0.110198810659976,0.557515712121193,0.767141619878761,0.654598899284552,LOC111328024/LOC111332158,2
GO:1903707,negative regulation of hemopoiesis,2/230,61/7572,0.0327868852459016,1.07940128296508,0.110198810659976,0.557515712121193,0.767141619878761,0.654598899284552,LOC111329099/LOC111333767,2
GO:0043066,negative regulation of apoptotic process,15/230,500/7572,0.03,0.987652173913043,-0.0505635702147012,0.559368333014425,0.769251254082659,0.656399041777124,LOC111320817/LOC111330631/LOC111320821/LOC111333170/LOC111335693/LOC111333478/LOC111320842/LOC111338776/LOC111339275/LOC111325851/LOC111333767/LOC111340596/LOC111344472/LOC111338817/LOC111340622,15
GO:0001819,positive regulation of cytokine production,4/230,130/7572,0.0307692307692308,1.01297658862876,0.0264131824693559,0.560953077806958,0.770990303287189,0.657882965560672,LOC111328024/LOC111328749/LOC111333170/LOC111323636,4
GO:0002763,positive regulation of myeloid leukocyte differentiation,1/230,27/7572,0.037037037037037,1.21932367149758,0.202055705593843,0.565820049638278,0.771863970428909,0.65862846226492,LOC111323862,1
GO:0021575,hindbrain morphogenesis,1/230,27/7572,0.037037037037037,1.21932367149758,0.202055705593843,0.565820049638278,0.771863970428909,0.65862846226492,LOC111326058,1
GO:0021846,cell proliferation in forebrain,1/230,27/7572,0.037037037037037,1.21932367149758,0.202055705593843,0.565820049638278,0.771863970428909,0.65862846226492,LOC111333767,1
GO:0030166,proteoglycan biosynthetic process,1/230,27/7572,0.037037037037037,1.21932367149758,0.202055705593843,0.565820049638278,0.771863970428909,0.65862846226492,LOC111328024,1
GO:0033209,tumor necrosis factor-mediated signaling pathway,1/230,27/7572,0.037037037037037,1.21932367149758,0.202055705593843,0.565820049638278,0.771863970428909,0.65862846226492,LOC111334113,1
GO:0042558,pteridine-containing compound metabolic process,1/230,27/7572,0.037037037037037,1.21932367149758,0.202055705593843,0.565820049638278,0.771863970428909,0.65862846226492,LOC111325560,1
GO:0048255,mRNA stabilization,1/230,27/7572,0.037037037037037,1.21932367149758,0.202055705593843,0.565820049638278,0.771863970428909,0.65862846226492,LOC111343122,1
GO:0060043,regulation of cardiac muscle cell proliferation,1/230,27/7572,0.037037037037037,1.21932367149758,0.202055705593843,0.565820049638278,0.771863970428909,0.65862846226492,LOC111332158,1
GO:0071320,cellular response to cAMP,1/230,27/7572,0.037037037037037,1.21932367149758,0.202055705593843,0.565820049638278,0.771863970428909,0.65862846226492,LOC111325642,1
GO:0090181,regulation of cholesterol metabolic process,1/230,27/7572,0.037037037037037,1.21932367149758,0.202055705593843,0.565820049638278,0.771863970428909,0.65862846226492,LOC111325671,1
GO:1900024,regulation of substrate adhesion-dependent cell spreading,1/230,27/7572,0.037037037037037,1.21932367149758,0.202055705593843,0.565820049638278,0.771863970428909,0.65862846226492,LOC111333478,1
GO:0002478,antigen processing and presentation of exogenous peptide antigen,2/230,62/7572,0.032258064516129,1.06199158485273,0.0867445037334063,0.566396858699287,0.771863970428909,0.65862846226492,LOC111322266/LOC111322261,2
GO:0003231,cardiac ventricle development,2/230,62/7572,0.032258064516129,1.06199158485273,0.0867445037334063,0.566396858699287,0.771863970428909,0.65862846226492,LOC111340883/LOC111333893,2
GO:0050775,positive regulation of dendrite morphogenesis,2/230,62/7572,0.032258064516129,1.06199158485273,0.0867445037334063,0.566396858699287,0.771863970428909,0.65862846226492,LOC111323777/LOC111326544,2
GO:1903169,regulation of calcium ion transmembrane transport,2/230,62/7572,0.032258064516129,1.06199158485273,0.0867445037334063,0.566396858699287,0.771863970428909,0.65862846226492,LOC111323945/LOC111327334,2
GO:1903530,regulation of secretion by cell,11/230,368/7572,0.0298913043478261,0.984073724007561,-0.0554350758107044,0.566740258310224,0.771894127921295,0.658654195533471,LOC111332158/LOC111325642/LOC111323945/LOC111328749/LOC111333901/LOC111338776/LOC111340883/LOC111320751/LOC111323527/LOC111323636/LOC111343646,11
GO:0050795,regulation of behavior,4/230,131/7572,0.0305343511450382,1.00524394291404,0.0107154719026989,0.567064551763902,0.771894127921295,0.658654195533471,LOC111343017/LOC111342143/LOC111320921/LOC111342147,4
GO:0098660,inorganic ion transmembrane transport,8/230,267/7572,0.0299625468164794,0.986419149975574,-0.0399858032597829,0.567380650506932,0.771894127921295,0.658654195533471,LOC111336828/LOC111343017/LOC111330251/LOC111323527/LOC111328120/LOC111334900/LOC111326058/LOC111329754,8
GO:0043409,negative regulation of MAPK cascade,3/230,97/7572,0.0309278350515464,1.01819811743613,0.0319256746093797,0.569389560591,0.774189758273929,0.660613047801499,LOC111327625/LOC111326819/LOC111325220,3
GO:0010959,regulation of metal ion transport,5/230,166/7572,0.0301204819277108,0.991618648507072,-0.0193245591621435,0.571675105127425,0.776858720737493,0.662890462877945,LOC111320952/LOC111322288/LOC111323945/LOC111327334/LOC111326058,5
GO:0021549,cerebellum development,2/230,63/7572,0.0317460317460317,1.04513457556936,0.0636681068469432,0.57514955037086,0.780699051461686,0.66616740184176,LOC111342023/LOC111326058,2
GO:0050905,neuromuscular process,2/230,63/7572,0.0317460317460317,1.04513457556936,0.0636681068469432,0.57514955037086,0.780699051461686,0.66616740184176,LOC111326058/LOC111331073,2
GO:0008356,asymmetric cell division,3/230,98/7572,0.0306122448979592,1.0078083407276,0.013769830622928,0.576400415114929,0.781956168786901,0.667240095065584,LOC111323862/LOC111335662/LOC111333893,3
GO:0010517,regulation of phospholipase activity,1/230,28/7572,0.0357142857142857,1.17577639751553,0.164919529191011,0.579055488814315,0.782033436379624,0.667306027195763,LOC111340596,1
GO:0046676,negative regulation of insulin secretion,1/230,28/7572,0.0357142857142857,1.17577639751553,0.164919529191011,0.579055488814315,0.782033436379624,0.667306027195763,LOC111325642,1
GO:0046902,regulation of mitochondrial membrane permeability,1/230,28/7572,0.0357142857142857,1.17577639751553,0.164919529191011,0.579055488814315,0.782033436379624,0.667306027195763,LOC111346891,1
GO:0048532,anatomical structure arrangement,1/230,28/7572,0.0357142857142857,1.17577639751553,0.164919529191011,0.579055488814315,0.782033436379624,0.667306027195763,LOC111333478,1
GO:0051893,regulation of focal adhesion assembly,1/230,28/7572,0.0357142857142857,1.17577639751553,0.164919529191011,0.579055488814315,0.782033436379624,0.667306027195763,LOC111333478,1
GO:0061180,mammary gland epithelium development,1/230,28/7572,0.0357142857142857,1.17577639751553,0.164919529191011,0.579055488814315,0.782033436379624,0.667306027195763,LOC111336828,1
GO:0072078,nephron tubule morphogenesis,1/230,28/7572,0.0357142857142857,1.17577639751553,0.164919529191011,0.579055488814315,0.782033436379624,0.667306027195763,LOC111333767,1
GO:2000179,positive regulation of neural precursor cell proliferation,1/230,28/7572,0.0357142857142857,1.17577639751553,0.164919529191011,0.579055488814315,0.782033436379624,0.667306027195763,LOC111333767,1
GO:0044403,biological process involved in symbiotic interaction,6/230,202/7572,0.0297029702970297,0.977873439517865,-0.0564142996502707,0.581009301022189,0.784232285236229,0.669182296197376,LOC111325642/LOC111342143/LOC111327334/LOC111326544/LOC111333695/LOC111342147,6
GO:0030833,regulation of actin filament polymerization,3/230,99/7572,0.0303030303030303,0.997628458498024,-0.00420372392423336,0.58333995963039,0.786496429333695,0.671114281368847,LOC111321894/LOC111322259/LOC111330877,3
GO:0030902,hindbrain development,3/230,99/7572,0.0303030303030303,0.997628458498024,-0.00420372392423336,0.58333995963039,0.786496429333695,0.671114281368847,LOC111342023/LOC111333478/LOC111326058,3
GO:0008652,amino acid biosynthetic process,2/230,64/7572,0.03125,1.02880434782609,0.0409561620439696,0.583773365078857,0.786509077574671,0.671125074062668,LOC111333875/LOC111327210,2
GO:0090407,organophosphate biosynthetic process,9/230,305/7572,0.0295081967213115,0.971461154668567,-0.0900413687776321,0.584425170462193,0.786509077574671,0.671125074062668,LOC111346087/LOC111331664/LOC111329762/LOC111346320/LOC111321593/LOC111331622/LOC111331303/LOC111341830/LOC111338817,9
GO:0022411,cellular component disassembly,8/230,271/7572,0.029520295202952,0.971859457725012,-0.0834947722412836,0.584467017908335,0.786509077574671,0.671125074062668,LOC111327880/LOC111335366/LOC111327252/LOC111336934/LOC111326544/LOC111321894/LOC111333893/LOC111328842,8
GO:0060627,regulation of vesicle-mediated transport,10/230,339/7572,0.0294985250737463,0.971142747210465,-0.096211935500498,0.58465583424363,0.786509077574671,0.671125074062668,LOC111332158/LOC111328749/LOC111333478/LOC111331664/LOC111340366/LOC111344634/LOC111323636/LOC111331303/LOC111326058/LOC111340596,10
GO:0098655,monoatomic cation transmembrane transport,8/230,272/7572,0.0294117647058823,0.968286445012788,-0.0942760332151605,0.588689650145127,0.78794552613436,0.672350789917062,LOC111336828/LOC111342077/LOC111330251/LOC111323527/LOC111328120/LOC111334900/LOC111326058/LOC111329754,8
GO:0010212,response to ionizing radiation,3/230,100/7572,0.03,0.987652173913043,-0.0219991258121315,0.590207445488544,0.78794552613436,0.672350789917062,LOC111320817/LOC111320821/LOC111320842,3
GO:0007549,sex-chromosome dosage compensation,1/230,29/7572,0.0344827586206897,1.1352323838081,0.129134117740858,0.59188916293583,0.78794552613436,0.672350789917062,LOC111321403,1
GO:0042749,regulation of circadian sleep/wake cycle,1/230,29/7572,0.0344827586206897,1.1352323838081,0.129134117740858,0.59188916293583,0.78794552613436,0.672350789917062,LOC111343017,1
GO:0043388,positive regulation of DNA binding,1/230,29/7572,0.0344827586206897,1.1352323838081,0.129134117740858,0.59188916293583,0.78794552613436,0.672350789917062,LOC111338776,1
GO:0045582,positive regulation of T cell differentiation,1/230,29/7572,0.0344827586206897,1.1352323838081,0.129134117740858,0.59188916293583,0.78794552613436,0.672350789917062,LOC111333767,1
GO:0046456,icosanoid biosynthetic process,1/230,29/7572,0.0344827586206897,1.1352323838081,0.129134117740858,0.59188916293583,0.78794552613436,0.672350789917062,LOC111331303,1
GO:0050931,pigment cell differentiation,1/230,29/7572,0.0344827586206897,1.1352323838081,0.129134117740858,0.59188916293583,0.78794552613436,0.672350789917062,LOC111333767,1
GO:0051155,positive regulation of striated muscle cell differentiation,1/230,29/7572,0.0344827586206897,1.1352323838081,0.129134117740858,0.59188916293583,0.78794552613436,0.672350789917062,LOC111344472,1
GO:0051496,positive regulation of stress fiber assembly,1/230,29/7572,0.0344827586206897,1.1352323838081,0.129134117740858,0.59188916293583,0.78794552613436,0.672350789917062,LOC111333478,1
GO:0055025,positive regulation of cardiac muscle tissue development,1/230,29/7572,0.0344827586206897,1.1352323838081,0.129134117740858,0.59188916293583,0.78794552613436,0.672350789917062,LOC111332158,1
GO:0060122,inner ear receptor cell stereocilium organization,1/230,29/7572,0.0344827586206897,1.1352323838081,0.129134117740858,0.59188916293583,0.78794552613436,0.672350789917062,LOC111326058,1
GO:0070828,heterochromatin organization,1/230,29/7572,0.0344827586206897,1.1352323838081,0.129134117740858,0.59188916293583,0.78794552613436,0.672350789917062,LOC111324368,1
GO:0072028,nephron morphogenesis,1/230,29/7572,0.0344827586206897,1.1352323838081,0.129134117740858,0.59188916293583,0.78794552613436,0.672350789917062,LOC111333767,1
GO:0072088,nephron epithelium morphogenesis,1/230,29/7572,0.0344827586206897,1.1352323838081,0.129134117740858,0.59188916293583,0.78794552613436,0.672350789917062,LOC111333767,1
GO:0097581,lamellipodium organization,1/230,29/7572,0.0344827586206897,1.1352323838081,0.129134117740858,0.59188916293583,0.78794552613436,0.672350789917062,LOC111328517,1
GO:1902373,negative regulation of mRNA catabolic process,1/230,29/7572,0.0344827586206897,1.1352323838081,0.129134117740858,0.59188916293583,0.78794552613436,0.672350789917062,LOC111343122,1
GO:1902808,positive regulation of cell cycle G1/S phase transition,1/230,29/7572,0.0344827586206897,1.1352323838081,0.129134117740858,0.59188916293583,0.78794552613436,0.672350789917062,LOC111333767,1
GO:0003143,embryonic heart tube morphogenesis,2/230,65/7572,0.0307692307692308,1.01297658862876,0.0185959067049291,0.592268024212289,0.78794552613436,0.672350789917062,LOC111321759/LOC111344472,2
GO:0045444,fat cell differentiation,2/230,65/7572,0.0307692307692308,1.01297658862876,0.0185959067049291,0.592268024212289,0.78794552613436,0.672350789917062,LOC111325642/LOC111335693,2
GO:0098662,inorganic cation transmembrane transport,7/230,239/7572,0.0292887029288703,0.964235037293069,-0.0994372798595652,0.593868681083542,0.789638754306554,0.673795614795591,LOC111336828/LOC111330251/LOC111323527/LOC111328120/LOC111334900/LOC111326058/LOC111329754,7
GO:0031647,regulation of protein stability,6/230,205/7572,0.0292682926829268,0.96356309650053,-0.0936065866478851,0.595537341900998,0.791420485263577,0.675315958749127,LOC111343122/LOC111324192/LOC111322266/LOC111323127/LOC111340883/LOC111322261,6
GO:0007368,determination of left/right symmetry,4/230,136/7572,0.0294117647058823,0.968286445012788,-0.0660507939635295,0.596906794272268,0.79205580001632,0.675858070305935,LOC111325642/LOC111326654/LOC111333901/LOC111344472,4
GO:0000578,embryonic axis specification,3/230,101/7572,0.0297029702970297,0.977873439517865,-0.039620374740412,0.597002191457484,0.79205580001632,0.675858070305935,LOC111327880/LOC111336934/LOC111343646,3
GO:0008064,regulation of actin polymerization or depolymerization,3/230,101/7572,0.0297029702970297,0.977873439517865,-0.039620374740412,0.597002191457484,0.79205580001632,0.675858070305935,LOC111321894/LOC111330877/LOC111340622,3
GO:0043405,regulation of MAP kinase activity,5/230,171/7572,0.0292397660818713,0.962623951182303,-0.0874942660593912,0.598263556465566,0.79329220482879,0.676913089624846,LOC111323862/LOC111322288/LOC111323945/LOC111328749/LOC111323636,5
GO:0002703,regulation of leukocyte mediated immunity,2/230,66/7572,0.0303030303030303,0.997628458498024,-0.00342477281846548,0.600633384353441,0.794247770193896,0.677728469758037,LOC111328749/LOC111323636,2
GO:0008217,regulation of blood pressure,2/230,66/7572,0.0303030303030303,0.997628458498024,-0.00342477281846548,0.600633384353441,0.794247770193896,0.677728469758037,LOC111320871/LOC111322288,2
GO:0009583,detection of light stimulus,2/230,66/7572,0.0303030303030303,0.997628458498024,-0.00342477281846548,0.600633384353441,0.794247770193896,0.677728469758037,LOC111323127/LOC111340622,2
GO:0046425,regulation of receptor signaling pathway via JAK-STAT,2/230,66/7572,0.0303030303030303,0.997628458498024,-0.00342477281846548,0.600633384353441,0.794247770193896,0.677728469758037,LOC111323777/LOC111327334,2
GO:0048002,antigen processing and presentation of peptide antigen,2/230,66/7572,0.0303030303030303,0.997628458498024,-0.00342477281846548,0.600633384353441,0.794247770193896,0.677728469758037,LOC111322266/LOC111322261,2
GO:0043068,positive regulation of programmed cell death,11/230,378/7572,0.0291005291005291,0.958040027605245,-0.148125294903993,0.603093923491869,0.794775742332906,0.678178986288614,LOC111325642/LOC111335693/LOC111327625/LOC111340883/LOC111326819/LOC111331303/LOC111336999/LOC111325220/LOC111344752/LOC111334412/LOC111333767,11
GO:0003382,epithelial cell morphogenesis,1/230,30/7572,0.0333333333333333,1.09739130434783,0.0945955913897668,0.604333216034698,0.794775742332906,0.678178986288614,LOC111330856,1
GO:0030901,midbrain development,1/230,30/7572,0.0333333333333333,1.09739130434783,0.0945955913897668,0.604333216034698,0.794775742332906,0.678178986288614,LOC111333893,1
GO:0035330,regulation of hippo signaling,1/230,30/7572,0.0333333333333333,1.09739130434783,0.0945955913897668,0.604333216034698,0.794775742332906,0.678178986288614,LOC111334412,1
GO:0042220,response to cocaine,1/230,30/7572,0.0333333333333333,1.09739130434783,0.0945955913897668,0.604333216034698,0.794775742332906,0.678178986288614,LOC111332158,1
GO:0042359,vitamin D metabolic process,1/230,30/7572,0.0333333333333333,1.09739130434783,0.0945955913897668,0.604333216034698,0.794775742332906,0.678178986288614,LOC111330961,1
GO:0051966,"regulation of synaptic transmission, glutamatergic",1/230,30/7572,0.0333333333333333,1.09739130434783,0.0945955913897668,0.604333216034698,0.794775742332906,0.678178986288614,LOC111323862,1
GO:0070050,neuron cellular homeostasis,1/230,30/7572,0.0333333333333333,1.09739130434783,0.0945955913897668,0.604333216034698,0.794775742332906,0.678178986288614,LOC111330961,1
GO:0070593,dendrite self-avoidance,1/230,30/7572,0.0333333333333333,1.09739130434783,0.0945955913897668,0.604333216034698,0.794775742332906,0.678178986288614,LOC111326544,1
GO:0098900,regulation of action potential,1/230,30/7572,0.0333333333333333,1.09739130434783,0.0945955913897668,0.604333216034698,0.794775742332906,0.678178986288614,LOC111324532,1
GO:0032496,response to lipopolysaccharide,4/230,138/7572,0.0289855072463768,0.954253308128545,-0.0959889651897885,0.608497828759967,0.798943714097056,0.681735500051344,LOC111325671/LOC111322161/LOC111331303/LOC111324532,4
GO:0042742,defense response to bacterium,4/230,138/7572,0.0289855072463768,0.954253308128545,-0.0959889651897885,0.608497828759967,0.798943714097056,0.681735500051344,LOC111333170/LOC111327334/LOC111329755/LOC111331589,4
GO:0043393,regulation of protein binding,4/230,138/7572,0.0289855072463768,0.954253308128545,-0.0959889651897885,0.608497828759967,0.798943714097056,0.681735500051344,LOC111322288/LOC111333478/LOC111325851/LOC111340596,4
GO:0007349,cellularization,2/230,67/7572,0.0298507462686567,0.982738481505516,-0.0251173838127898,0.608869429390401,0.798995959657812,0.681780080980962,LOC111342143/LOC111342147,2
GO:0030832,regulation of actin filament length,3/230,103/7572,0.029126213592233,0.958885605740819,-0.0743557621985968,0.61037106357889,0.79965915184873,0.682345980245113,LOC111321894/LOC111330877/LOC111340622,3
GO:0043524,negative regulation of neuron apoptotic process,3/230,103/7572,0.029126213592233,0.958885605740819,-0.0743557621985968,0.61037106357889,0.79965915184873,0.682345980245113,LOC111330631/LOC111333478/LOC111340596,3
GO:0045216,cell-cell junction organization,3/230,103/7572,0.029126213592233,0.958885605740819,-0.0743557621985968,0.61037106357889,0.79965915184873,0.682345980245113,LOC111335321/LOC111323127/LOC111332138,3
GO:0044419,biological process involved in interspecies interaction between organisms,6/230,209/7572,0.0287081339712919,0.945121697524444,-0.142390089472407,0.614490786912088,0.801337023331716,0.683777701321695,LOC111325642/LOC111342143/LOC111327334/LOC111326544/LOC111333695/LOC111342147,6
GO:0007474,imaginal disc-derived wing vein specification,1/230,31/7572,0.032258064516129,1.06199158485273,0.0612114217665611,0.616399426630298,0.801337023331716,0.683777701321695,LOC111343646,1
GO:0021695,cerebellar cortex development,1/230,31/7572,0.032258064516129,1.06199158485273,0.0612114217665611,0.616399426630298,0.801337023331716,0.683777701321695,LOC111326058,1
GO:0030279,negative regulation of ossification,1/230,31/7572,0.032258064516129,1.06199158485273,0.0612114217665611,0.616399426630298,0.801337023331716,0.683777701321695,LOC111336974,1
GO:0032781,positive regulation of ATP-dependent activity,1/230,31/7572,0.032258064516129,1.06199158485273,0.0612114217665611,0.616399426630298,0.801337023331716,0.683777701321695,LOC111321403,1
GO:0043489,RNA stabilization,1/230,31/7572,0.032258064516129,1.06199158485273,0.0612114217665611,0.616399426630298,0.801337023331716,0.683777701321695,LOC111343122,1
GO:0044273,sulfur compound catabolic process,1/230,31/7572,0.032258064516129,1.06199158485273,0.0612114217665611,0.616399426630298,0.801337023331716,0.683777701321695,LOC111336425,1
GO:0046621,negative regulation of organ growth,1/230,31/7572,0.032258064516129,1.06199158485273,0.0612114217665611,0.616399426630298,0.801337023331716,0.683777701321695,LOC111334412,1
GO:0046879,hormone secretion,1/230,31/7572,0.032258064516129,1.06199158485273,0.0612114217665611,0.616399426630298,0.801337023331716,0.683777701321695,LOC111338776,1
GO:0048190,wing disc dorsal/ventral pattern formation,1/230,31/7572,0.032258064516129,1.06199158485273,0.0612114217665611,0.616399426630298,0.801337023331716,0.683777701321695,LOC111328024,1
GO:0048536,spleen development,1/230,31/7572,0.032258064516129,1.06199158485273,0.0612114217665611,0.616399426630298,0.801337023331716,0.683777701321695,LOC111326654,1
GO:0050868,negative regulation of T cell activation,1/230,31/7572,0.032258064516129,1.06199158485273,0.0612114217665611,0.616399426630298,0.801337023331716,0.683777701321695,LOC111333767,1
GO:0071108,protein K48-linked deubiquitination,1/230,31/7572,0.032258064516129,1.06199158485273,0.0612114217665611,0.616399426630298,0.801337023331716,0.683777701321695,LOC111330437,1
GO:0051262,protein tetramerization,3/230,104/7572,0.0288461538461538,0.949665551839465,-0.0914772662851393,0.616944145972492,0.801337023331716,0.683777701321695,LOC111327252/LOC111336974/LOC111323527,3
GO:0032479,regulation of type I interferon production,2/230,68/7572,0.0294117647058823,0.968286445012788,-0.0464928664123513,0.616976262980482,0.801337023331716,0.683777701321695,LOC111342023/LOC111334113,2
GO:0046683,response to organophosphorus,2/230,68/7572,0.0294117647058823,0.968286445012788,-0.0464928664123513,0.616976262980482,0.801337023331716,0.683777701321695,LOC111325642/LOC111328842,2
GO:0006888,endoplasmic reticulum to Golgi vesicle-mediated transport,4/230,140/7572,0.0285714285714286,0.940621118012422,-0.12550948125962,0.619884534761283,0.804680301727854,0.686630507506894,LOC111321489/LOC111327334/LOC111344752/LOC111328207,4
GO:0046488,phosphatidylinositol metabolic process,3/230,105/7572,0.0285714285714286,0.940621118012422,-0.108439358847824,0.623442396967135,0.807077331158193,0.688675883205452,LOC111322288/LOC111331303/LOC111338817,3
GO:0050865,regulation of cell activation,5/230,176/7572,0.0284090909090909,0.935276679841897,-0.153763062822746,0.623912121721083,0.807077331158193,0.688675883205452,LOC111322288/LOC111327334/LOC111324532/LOC111333767/LOC111321308,5
GO:0010507,negative regulation of autophagy,2/230,69/7572,0.0289855072463768,0.954253308128545,-0.0675616297261294,0.624954101350659,0.807077331158193,0.688675883205452,LOC111342143/LOC111342147,2
GO:0022037,metencephalon development,2/230,69/7572,0.0289855072463768,0.954253308128545,-0.0675616297261294,0.624954101350659,0.807077331158193,0.688675883205452,LOC111342023/LOC111326058,2
GO:0051291,protein heterooligomerization,2/230,69/7572,0.0289855072463768,0.954253308128545,-0.0675616297261294,0.624954101350659,0.807077331158193,0.688675883205452,LOC111320871/LOC111336974,2
GO:0008219,cell death,13/230,453/7572,0.0286975717439294,0.944773970630579,-0.214544198415651,0.625819802072253,0.807077331158193,0.688675883205452,LOC111329099/LOC111324621/LOC111320952/LOC111323127/LOC111326544/LOC111325851/LOC111336999/LOC111333695/LOC111344752/LOC111334113/LOC111333767/LOC111344472/LOC111338817,13
GO:0051129,negative regulation of cellular component organization,13/230,453/7572,0.0286975717439294,0.944773970630579,-0.214544198415651,0.625819802072253,0.807077331158193,0.688675883205452,LOC111336303/LOC111342023/LOC111336974/LOC111335693/LOC111322400/LOC111333478/LOC111333901/LOC111331664/LOC111345144/LOC111321894/LOC111340596/LOC111330877/LOC111340622,13
GO:0001954,positive regulation of cell-matrix adhesion,1/230,32/7572,0.03125,1.02880434782609,0.0288988601832585,0.628099218683743,0.807077331158193,0.688675883205452,LOC111333478,1
GO:0007189,adenylate cyclase-activating G protein-coupled receptor signaling pathway,1/230,32/7572,0.03125,1.02880434782609,0.0288988601832585,0.628099218683743,0.807077331158193,0.688675883205452,LOC111334640,1
GO:0008049,male courtship behavior,1/230,32/7572,0.03125,1.02880434782609,0.0288988601832585,0.628099218683743,0.807077331158193,0.688675883205452,LOC111334761,1
GO:0014014,negative regulation of gliogenesis,1/230,32/7572,0.03125,1.02880434782609,0.0288988601832585,0.628099218683743,0.807077331158193,0.688675883205452,LOC111327334,1
GO:0030511,positive regulation of transforming growth factor beta receptor signaling pathway,1/230,32/7572,0.03125,1.02880434782609,0.0288988601832585,0.628099218683743,0.807077331158193,0.688675883205452,LOC111326544,1
GO:0032233,positive regulation of actin filament bundle assembly,1/230,32/7572,0.03125,1.02880434782609,0.0288988601832585,0.628099218683743,0.807077331158193,0.688675883205452,LOC111333478,1
GO:0045428,regulation of nitric oxide biosynthetic process,1/230,32/7572,0.03125,1.02880434782609,0.0288988601832585,0.628099218683743,0.807077331158193,0.688675883205452,LOC111326058,1
GO:0051209,release of sequestered calcium ion into cytosol,1/230,32/7572,0.03125,1.02880434782609,0.0288988601832585,0.628099218683743,0.807077331158193,0.688675883205452,LOC111323527,1
GO:0071385,cellular response to glucocorticoid stimulus,1/230,32/7572,0.03125,1.02880434782609,0.0288988601832585,0.628099218683743,0.807077331158193,0.688675883205452,LOC111326058,1
GO:0090559,regulation of membrane permeability,1/230,32/7572,0.03125,1.02880434782609,0.0288988601832585,0.628099218683743,0.807077331158193,0.688675883205452,LOC111346891,1
GO:0106027,neuron projection organization,1/230,32/7572,0.03125,1.02880434782609,0.0288988601832585,0.628099218683743,0.807077331158193,0.688675883205452,LOC111335693,1
GO:1903670,regulation of sprouting angiogenesis,1/230,32/7572,0.03125,1.02880434782609,0.0288988601832585,0.628099218683743,0.807077331158193,0.688675883205452,LOC111333478,1
GO:0009150,purine ribonucleotide metabolic process,7/230,247/7572,0.0283400809716599,0.933004752684387,-0.18946195214828,0.628770578849961,0.80750909539771,0.689044305917262,LOC111346087/LOC111331664/LOC111346320/LOC111321593/LOC111331622/LOC111326058/LOC111341830,7
GO:0019233,sensory perception of pain,2/230,70/7572,0.0285714285714286,0.940621118012422,-0.0883335851659745,0.632803266421631,0.811389917754678,0.692355796230605,LOC111330961/LOC111324532,2
GO:0035194,regulatory ncRNA-mediated post-transcriptional gene silencing,2/230,70/7572,0.0285714285714286,0.940621118012422,-0.0883335851659745,0.632803266421631,0.811389917754678,0.692355796230605,LOC111320938/LOC111330060,2
GO:0051289,protein homotetramerization,2/230,70/7572,0.0285714285714286,0.940621118012422,-0.0883335851659745,0.632803266421631,0.811389917754678,0.692355796230605,LOC111327252/LOC111323527,2
GO:0017145,stem cell division,3/230,107/7572,0.0280373831775701,0.923039414872003,-0.141898790861946,0.636212962212416,0.814351754813229,0.694883120036468,LOC111323862/LOC111335662/LOC111333893,3
GO:0006366,transcription by RNA polymerase II,10/230,353/7572,0.028328611898017,0.932627170833846,-0.229438855558967,0.63633061109783,0.814351754813229,0.694883120036468,LOC111330631/LOC111328662/LOC111341087/LOC111338776/LOC111340883/LOC111325851/LOC111331301/LOC111333767/LOC111344472/LOC111333334,10
GO:0002067,glandular epithelial cell differentiation,1/230,33/7572,0.0303030303030303,0.997628458498024,-0.0024163741357622,0.639443672225221,0.814351754813229,0.694883120036468,LOC111338776,1
GO:0003351,epithelial cilium movement involved in extracellular fluid movement,1/230,33/7572,0.0303030303030303,0.997628458498024,-0.0024163741357622,0.639443672225221,0.814351754813229,0.694883120036468,LOC111331389,1
GO:0031929,TOR signaling,1/230,33/7572,0.0303030303030303,0.997628458498024,-0.0024163741357622,0.639443672225221,0.814351754813229,0.694883120036468,LOC111339275,1
GO:0034243,regulation of transcription elongation by RNA polymerase II,1/230,33/7572,0.0303030303030303,0.997628458498024,-0.0024163741357622,0.639443672225221,0.814351754813229,0.694883120036468,LOC111326654,1
GO:0042074,cell migration involved in gastrulation,1/230,33/7572,0.0303030303030303,0.997628458498024,-0.0024163741357622,0.639443672225221,0.814351754813229,0.694883120036468,LOC111324192,1
GO:0045880,positive regulation of smoothened signaling pathway,1/230,33/7572,0.0303030303030303,0.997628458498024,-0.0024163741357622,0.639443672225221,0.814351754813229,0.694883120036468,LOC111328024,1
GO:0070286,axonemal dynein complex assembly,1/230,33/7572,0.0303030303030303,0.997628458498024,-0.0024163741357622,0.639443672225221,0.814351754813229,0.694883120036468,LOC111331389,1
GO:1903038,negative regulation of leukocyte cell-cell adhesion,1/230,33/7572,0.0303030303030303,0.997628458498024,-0.0024163741357622,0.639443672225221,0.814351754813229,0.694883120036468,LOC111333767,1
GO:1903391,regulation of adherens junction organization,1/230,33/7572,0.0303030303030303,0.997628458498024,-0.0024163741357622,0.639443672225221,0.814351754813229,0.694883120036468,LOC111333478,1
GO:1903573,negative regulation of response to endoplasmic reticulum stress,1/230,33/7572,0.0303030303030303,0.997628458498024,-0.0024163741357622,0.639443672225221,0.814351754813229,0.694883120036468,LOC111338776,1
GO:0002758,innate immune response-activating signaling pathway,2/230,71/7572,0.028169014084507,0.927372933251684,-0.108818177230015,0.640524179242631,0.814351754813229,0.694883120036468,LOC111325671/LOC111334113,2
GO:0014013,regulation of gliogenesis,2/230,71/7572,0.028169014084507,0.927372933251684,-0.108818177230015,0.640524179242631,0.814351754813229,0.694883120036468,LOC111345144/LOC111327334,2
GO:0051588,regulation of neurotransmitter transport,2/230,71/7572,0.028169014084507,0.927372933251684,-0.108818177230015,0.640524179242631,0.814351754813229,0.694883120036468,LOC111333875/LOC111343646,2
GO:0072347,response to anesthetic,2/230,71/7572,0.028169014084507,0.927372933251684,-0.108818177230015,0.640524179242631,0.814351754813229,0.694883120036468,LOC111332158/LOC111327252,2
GO:0045860,positive regulation of protein kinase activity,7/230,250/7572,0.028,0.921808695652174,-0.222508676721287,0.641422728798773,0.815063815803401,0.695490718853051,LOC111323862/LOC111322288/LOC111323945/LOC111328749/LOC111346320/LOC111323636/LOC111326058,7
GO:0006163,purine nucleotide metabolic process,7/230,251/7572,0.0278884462151394,0.918136151047982,-0.233441017830258,0.645585016061156,0.818749623138165,0.698635803622004,LOC111346087/LOC111331664/LOC111346320/LOC111321593/LOC111331622/LOC111326058/LOC111341830,7
GO:0016441,post-transcriptional gene silencing,2/230,72/7572,0.0277777777777778,0.914492753623188,-0.129024411968928,0.648117353724599,0.818749623138165,0.698635803622004,LOC111320938/LOC111330060,2
GO:0048593,camera-type eye morphogenesis,2/230,72/7572,0.0277777777777778,0.914492753623188,-0.129024411968928,0.648117353724599,0.818749623138165,0.698635803622004,LOC111330961/LOC111333767,2
GO:0071466,cellular response to xenobiotic stimulus,2/230,72/7572,0.0277777777777778,0.914492753623188,-0.129024411968928,0.648117353724599,0.818749623138165,0.698635803622004,LOC111322288/LOC111346320,2
GO:0007268,chemical synaptic transmission,7/230,252/7572,0.0277777777777778,0.914492753623188,-0.244332366713706,0.649719347359761,0.818749623138165,0.698635803622004,LOC111324621/LOC111335321/LOC111331664/LOC111322311/LOC111325851/LOC111343646/LOC111320921,7
GO:0071900,regulation of protein serine/threonine kinase activity,7/230,252/7572,0.0277777777777778,0.914492753623188,-0.244332366713706,0.649719347359761,0.818749623138165,0.698635803622004,LOC111323862/LOC111322288/LOC111323945/LOC111328749/LOC111346320/LOC111323636/LOC111326058,7
GO:0006904,vesicle docking involved in exocytosis,1/230,34/7572,0.0294117647058823,0.968286445012788,-0.032801195355365,0.650443533664165,0.818749623138165,0.698635803622004,LOC111335321,1
GO:0007589,body fluid secretion,1/230,34/7572,0.0294117647058823,0.968286445012788,-0.032801195355365,0.650443533664165,0.818749623138165,0.698635803622004,LOC111326058,1
GO:0008637,apoptotic mitochondrial changes,1/230,34/7572,0.0294117647058823,0.968286445012788,-0.032801195355365,0.650443533664165,0.818749623138165,0.698635803622004,LOC111324621,1
GO:0010717,regulation of epithelial to mesenchymal transition,1/230,34/7572,0.0294117647058823,0.968286445012788,-0.032801195355365,0.650443533664165,0.818749623138165,0.698635803622004,LOC111324368,1
GO:0031571,mitotic G1 DNA damage checkpoint signaling,1/230,34/7572,0.0294117647058823,0.968286445012788,-0.032801195355365,0.650443533664165,0.818749623138165,0.698635803622004,LOC111340883,1
GO:0045621,positive regulation of lymphocyte differentiation,1/230,34/7572,0.0294117647058823,0.968286445012788,-0.032801195355365,0.650443533664165,0.818749623138165,0.698635803622004,LOC111333767,1
GO:0045886,negative regulation of synaptic assembly at neuromuscular junction,1/230,34/7572,0.0294117647058823,0.968286445012788,-0.032801195355365,0.650443533664165,0.818749623138165,0.698635803622004,LOC111331664,1
GO:0050885,neuromuscular process controlling balance,1/230,34/7572,0.0294117647058823,0.968286445012788,-0.032801195355365,0.650443533664165,0.818749623138165,0.698635803622004,LOC111326058,1
GO:0051017,actin filament bundle assembly,1/230,34/7572,0.0294117647058823,0.968286445012788,-0.032801195355365,0.650443533664165,0.818749623138165,0.698635803622004,LOC111340398,1
GO:0055013,cardiac muscle cell development,1/230,34/7572,0.0294117647058823,0.968286445012788,-0.032801195355365,0.650443533664165,0.818749623138165,0.698635803622004,LOC111321759,1
GO:0070207,protein homotrimerization,1/230,34/7572,0.0294117647058823,0.968286445012788,-0.032801195355365,0.650443533664165,0.818749623138165,0.698635803622004,LOC111323527,1
GO:1903793,positive regulation of monoatomic anion transport,1/230,34/7572,0.0294117647058823,0.968286445012788,-0.032801195355365,0.650443533664165,0.818749623138165,0.698635803622004,LOC111346320,1
GO:0051099,positive regulation of binding,3/230,110/7572,0.0272727272727273,0.897865612648221,-0.190973918555965,0.654799974640726,0.823802684918949,0.702947561182806,LOC111333478/LOC111338776/LOC111340596,3
GO:0001959,regulation of cytokine-mediated signaling pathway,2/230,73/7572,0.0273972602739726,0.90196545562835,-0.148960883339467,0.655583390659747,0.823927351100559,0.703053938340747,LOC111336303/LOC111322400,2
GO:0030865,cortical cytoskeleton organization,2/230,73/7572,0.0273972602739726,0.90196545562835,-0.148960883339467,0.655583390659747,0.823927351100559,0.703053938340747,LOC111322311/LOC111330877,2
GO:0006066,alcohol metabolic process,4/230,147/7572,0.0272108843537415,0.895829636202307,-0.225729318427273,0.658080457486752,0.824845085858226,0.703837037766767,LOC111325671/LOC111340366/LOC111323127/LOC111340596,4
GO:0001889,liver development,3/230,111/7572,0.027027027027027,0.889776733254994,-0.207047312991822,0.660843247769577,0.824845085858226,0.703837037766767,LOC111338776/LOC111328120/LOC111333334,3
GO:1901137,carbohydrate derivative biosynthetic process,8/230,290/7572,0.0275862068965517,0.908185907046477,-0.282173588175271,0.660949842438901,0.824845085858226,0.703837037766767,LOC111328024/LOC111331664/LOC111342143/LOC111346320/LOC111321593/LOC111331622/LOC111341830/LOC111342147,8
GO:0006775,fat-soluble vitamin metabolic process,1/230,35/7572,0.0285714285714286,0.940621118012422,-0.0623160808063709,0.661109225791684,0.824845085858226,0.703837037766767,LOC111330961,1
GO:0006805,xenobiotic metabolic process,1/230,35/7572,0.0285714285714286,0.940621118012422,-0.0623160808063709,0.661109225791684,0.824845085858226,0.703837037766767,LOC111346320,1
GO:0009584,detection of visible light,1/230,35/7572,0.0285714285714286,0.940621118012422,-0.0623160808063709,0.661109225791684,0.824845085858226,0.703837037766767,LOC111340622,1
GO:0038096,Fc-gamma receptor signaling pathway involved in phagocytosis,1/230,35/7572,0.0285714285714286,0.940621118012422,-0.0623160808063709,0.661109225791684,0.824845085858226,0.703837037766767,LOC111325968,1
GO:0044819,mitotic G1/S transition checkpoint signaling,1/230,35/7572,0.0285714285714286,0.940621118012422,-0.0623160808063709,0.661109225791684,0.824845085858226,0.703837037766767,LOC111340883,1
GO:0045685,regulation of glial cell differentiation,1/230,35/7572,0.0285714285714286,0.940621118012422,-0.0623160808063709,0.661109225791684,0.824845085858226,0.703837037766767,LOC111327334,1
GO:0046427,positive regulation of receptor signaling pathway via JAK-STAT,1/230,35/7572,0.0285714285714286,0.940621118012422,-0.0623160808063709,0.661109225791684,0.824845085858226,0.703837037766767,LOC111327334,1
GO:0060042,retina morphogenesis in camera-type eye,1/230,35/7572,0.0285714285714286,0.940621118012422,-0.0623160808063709,0.661109225791684,0.824845085858226,0.703837037766767,LOC111330961,1
GO:0061014,positive regulation of mRNA catabolic process,1/230,35/7572,0.0285714285714286,0.940621118012422,-0.0623160808063709,0.661109225791684,0.824845085858226,0.703837037766767,LOC111320938,1
GO:1904894,positive regulation of receptor signaling pathway via STAT,1/230,35/7572,0.0285714285714286,0.940621118012422,-0.0623160808063709,0.661109225791684,0.824845085858226,0.703837037766767,LOC111327334,1
GO:2000178,negative regulation of neural precursor cell proliferation,1/230,35/7572,0.0285714285714286,0.940621118012422,-0.0623160808063709,0.661109225791684,0.824845085858226,0.703837037766767,LOC111330856,1
GO:0009798,axis specification,5/230,184/7572,0.0271739130434783,0.89461247637051,-0.256134464130574,0.662866564040409,0.826609366239931,0.705342491213649,LOC111327880/LOC111336974/LOC111336934/LOC111333893/LOC111343646,5
GO:0009948,anterior/posterior axis specification,3/230,112/7572,0.0267857142857143,0.881832298136646,-0.22298299172924,0.66681016712314,0.830237271164696,0.708438168085979,LOC111327880/LOC111336934/LOC111343646,3
GO:0045931,positive regulation of mitotic cell cycle,3/230,112/7572,0.0267857142857143,0.881832298136646,-0.22298299172924,0.66681016712314,0.830237271164696,0.708438168085979,LOC111322288/LOC111321593/LOC111333767,3
GO:0048814,regulation of dendrite morphogenesis,3/230,112/7572,0.0267857142857143,0.881832298136646,-0.22298299172924,0.66681016712314,0.830237271164696,0.708438168085979,LOC111323777/LOC111345144/LOC111326544,3
GO:0070482,response to oxygen levels,6/230,221/7572,0.0271493212669683,0.893802872319496,-0.283575722331873,0.66827294801648,0.830433315265746,0.708605451739262,LOC111329099/LOC111322288/LOC111333478/LOC111340883/LOC111346320/LOC111324368,6
GO:0006914,autophagy,4/230,149/7572,0.0268456375838926,0.883805077327108,-0.253526818322904,0.668509569826489,0.830433315265746,0.708605451739262,LOC111342143/LOC111336999/LOC111333695/LOC111342147,4
GO:0009410,response to xenobiotic stimulus,4/230,149/7572,0.0268456375838926,0.883805077327108,-0.253526818322904,0.668509569826489,0.830433315265746,0.708605451739262,LOC111332158/LOC111322288/LOC111346320/LOC111324532,4
GO:0045185,maintenance of protein location,2/230,75/7572,0.0266666666666667,0.877913043478261,-0.188056996116995,0.670136855495608,0.830433315265746,0.708605451739262,LOC111321680/LOC111320928,2
GO:0001570,vasculogenesis,1/230,36/7572,0.0277777777777778,0.914492753623188,-0.0910158600761096,0.671450857484389,0.830433315265746,0.708605451739262,LOC111333478,1
GO:0002433,immune response-regulating cell surface receptor signaling pathway involved in phagocytosis,1/230,36/7572,0.0277777777777778,0.914492753623188,-0.0910158600761096,0.671450857484389,0.830433315265746,0.708605451739262,LOC111325968,1
GO:0034121,regulation of toll-like receptor signaling pathway,1/230,36/7572,0.0277777777777778,0.914492753623188,-0.0910158600761096,0.671450857484389,0.830433315265746,0.708605451739262,LOC111342023,1
GO:0048278,vesicle docking,1/230,36/7572,0.0277777777777778,0.914492753623188,-0.0910158600761096,0.671450857484389,0.830433315265746,0.708605451739262,LOC111335321,1
GO:0050830,defense response to Gram-positive bacterium,1/230,36/7572,0.0277777777777778,0.914492753623188,-0.0910158600761096,0.671450857484389,0.830433315265746,0.708605451739262,LOC111329755,1
GO:0071384,cellular response to corticosteroid stimulus,1/230,36/7572,0.0277777777777778,0.914492753623188,-0.0910158600761096,0.671450857484389,0.830433315265746,0.708605451739262,LOC111326058,1
GO:1900408,negative regulation of cellular response to oxidative stress,1/230,36/7572,0.0277777777777778,0.914492753623188,-0.0910158600761096,0.671450857484389,0.830433315265746,0.708605451739262,LOC111333893,1
GO:1901264,carbohydrate derivative transport,1/230,36/7572,0.0277777777777778,0.914492753623188,-0.0910158600761096,0.671450857484389,0.830433315265746,0.708605451739262,LOC111334761,1
GO:1902369,negative regulation of RNA catabolic process,1/230,36/7572,0.0277777777777778,0.914492753623188,-0.0910158600761096,0.671450857484389,0.830433315265746,0.708605451739262,LOC111343122,1
GO:0016042,lipid catabolic process,3/230,113/7572,0.0265486725663717,0.874028472489419,-0.238783693053499,0.672700707582126,0.831552004033758,0.709560024424679,LOC111335819/LOC111325671/LOC111340366,3
GO:0043523,regulation of neuron apoptotic process,4/230,150/7572,0.0266666666666667,0.877913043478261,-0.267293115454902,0.673642326640079,0.832288723729764,0.710188664417074,LOC111330631/LOC111333478/LOC111333767/LOC111340596,4
GO:0030100,regulation of endocytosis,5/230,187/7572,0.0267379679144385,0.88026040455708,-0.293438227693322,0.676787022241492,0.835462372167564,0.712896726032123,LOC111328749/LOC111340366/LOC111323636/LOC111326058/LOC111340596,5
GO:1901655,cellular response to ketone,2/230,76/7572,0.0263157894736842,0.866361556064073,-0.207231976121593,0.67722586934613,0.835462372167564,0.712896726032123,LOC111336999/LOC111326058,2
GO:0055002,striated muscle cell development,3/230,114/7572,0.0263157894736842,0.866361556064073,-0.25445207530231,0.678514886851298,0.835462372167564,0.712896726032123,LOC111330631/LOC111324192/LOC111321759,3
GO:0061008,hepaticobiliary system development,3/230,114/7572,0.0263157894736842,0.866361556064073,-0.25445207530231,0.678514886851298,0.835462372167564,0.712896726032123,LOC111338776/LOC111328120/LOC111333334,3
GO:0048477,oogenesis,12/230,436/7572,0.0275229357798165,0.906102911846829,-0.357438475807116,0.680972636138812,0.835462372167564,0.712896726032123,LOC111327880/LOC111325642/LOC111342023/LOC111320816/LOC111322288/LOC111336934/LOC111323777/LOC111329762/LOC111339275/LOC111333893/LOC111333767/LOC111343646,12
GO:0001756,somitogenesis,1/230,37/7572,0.027027027027027,0.889776733254994,-0.118950388009425,0.68147823311849,0.835462372167564,0.712896726032123,LOC111323862,1
GO:0005977,glycogen metabolic process,1/230,37/7572,0.027027027027027,0.889776733254994,-0.118950388009425,0.68147823311849,0.835462372167564,0.712896726032123,LOC111324410,1
GO:0043242,negative regulation of protein-containing complex disassembly,1/230,37/7572,0.027027027027027,0.889776733254994,-0.118950388009425,0.68147823311849,0.835462372167564,0.712896726032123,LOC111321894,1
GO:0045824,negative regulation of innate immune response,1/230,37/7572,0.027027027027027,0.889776733254994,-0.118950388009425,0.68147823311849,0.835462372167564,0.712896726032123,LOC111327252,1
GO:0045840,positive regulation of mitotic nuclear division,1/230,37/7572,0.027027027027027,0.889776733254994,-0.118950388009425,0.68147823311849,0.835462372167564,0.712896726032123,LOC111322288,1
GO:0045913,positive regulation of carbohydrate metabolic process,1/230,37/7572,0.027027027027027,0.889776733254994,-0.118950388009425,0.68147823311849,0.835462372167564,0.712896726032123,LOC111322288,1
GO:0046426,negative regulation of receptor signaling pathway via JAK-STAT,1/230,37/7572,0.027027027027027,0.889776733254994,-0.118950388009425,0.68147823311849,0.835462372167564,0.712896726032123,LOC111323777,1
GO:0061572,actin filament bundle organization,1/230,37/7572,0.027027027027027,0.889776733254994,-0.118950388009425,0.68147823311849,0.835462372167564,0.712896726032123,LOC111340398,1
GO:0090278,negative regulation of peptide hormone secretion,1/230,37/7572,0.027027027027027,0.889776733254994,-0.118950388009425,0.68147823311849,0.835462372167564,0.712896726032123,LOC111325642,1
GO:2000378,negative regulation of reactive oxygen species metabolic process,1/230,37/7572,0.027027027027027,0.889776733254994,-0.118950388009425,0.68147823311849,0.835462372167564,0.712896726032123,LOC111326058,1
GO:0009416,response to light stimulus,7/230,260/7572,0.0269230769230769,0.886354515050167,-0.330030532286481,0.681762276291222,0.835462372167564,0.712896726032123,LOC111327625/LOC111323127/LOC111345144/LOC111326819/LOC111336999/LOC111325220/LOC111340622,7
GO:0031047,regulatory ncRNA-mediated gene silencing,2/230,77/7572,0.025974025974026,0.85511010728402,-0.226167910568068,0.684190907415474,0.837586021889406,0.714708827910526,LOC111320938/LOC111330060,2
GO:0034614,cellular response to reactive oxygen species,2/230,77/7572,0.025974025974026,0.85511010728402,-0.226167910568068,0.684190907415474,0.837586021889406,0.714708827910526,LOC111333170/LOC111323527,2
GO:1902903,regulation of supramolecular fiber organization,5/230,189/7572,0.0264550264550265,0.870945479641132,-0.31799554810143,0.685854409383716,0.838917174889281,0.715844695481674,LOC111333478/LOC111321894/LOC111333893/LOC111330877/LOC111340622,5
GO:0007292,female gamete generation,13/230,473/7572,0.0274841437632135,0.904825811195882,-0.378341966806538,0.687257064515698,0.838917174889281,0.715844695481674,LOC111327880/LOC111325642/LOC111342023/LOC111320816/LOC111322288/LOC111336934/LOC111323777/LOC111329762/LOC111339275/LOC111331303/LOC111333893/LOC111333767/LOC111343646,13
GO:0016032,viral process,4/230,153/7572,0.0261437908496732,0.860699062233589,-0.3080778118185,0.688711764201365,0.838917174889281,0.715844695481674,LOC111342143/LOC111326544/LOC111333695/LOC111342147,4
GO:0006816,calcium ion transport,3/230,116/7572,0.0258620689655172,0.851424287856072,-0.285402134290555,0.689914436764899,0.838917174889281,0.715844695481674,LOC111323527/LOC111330961/LOC111326058,3
GO:0030010,establishment of cell polarity,3/230,116/7572,0.0258620689655172,0.851424287856072,-0.285402134290555,0.689914436764899,0.838917174889281,0.715844695481674,LOC111323862/LOC111333893/LOC111334412,3
GO:0006900,vesicle budding from membrane,2/230,78/7572,0.0256410256410256,0.844147157190636,-0.244871666199233,0.691032924439181,0.838917174889281,0.715844695481674,LOC111321489/LOC111344752,2
GO:0048660,regulation of smooth muscle cell proliferation,2/230,78/7572,0.0256410256410256,0.844147157190636,-0.244871666199233,0.691032924439181,0.838917174889281,0.715844695481674,LOC111328024/LOC111322288,2
GO:1902904,negative regulation of supramolecular fiber organization,2/230,78/7572,0.0256410256410256,0.844147157190636,-0.244871666199233,0.691032924439181,0.838917174889281,0.715844695481674,LOC111321894/LOC111330877,2
GO:0003208,cardiac ventricle morphogenesis,1/230,38/7572,0.0263157894736842,0.866361556064073,-0.146165121371406,0.691200861702797,0.838917174889281,0.715844695481674,LOC111340883,1
GO:0007588,excretion,1/230,38/7572,0.0263157894736842,0.866361556064073,-0.146165121371406,0.691200861702797,0.838917174889281,0.715844695481674,LOC111336828,1
GO:0008542,visual learning,1/230,38/7572,0.0263157894736842,0.866361556064073,-0.146165121371406,0.691200861702797,0.838917174889281,0.715844695481674,LOC111345144,1
GO:0016525,negative regulation of angiogenesis,1/230,38/7572,0.0263157894736842,0.866361556064073,-0.146165121371406,0.691200861702797,0.838917174889281,0.715844695481674,LOC111328024,1
GO:0031338,regulation of vesicle fusion,1/230,38/7572,0.0263157894736842,0.866361556064073,-0.146165121371406,0.691200861702797,0.838917174889281,0.715844695481674,LOC111331303,1
GO:0032008,positive regulation of TOR signaling,1/230,38/7572,0.0263157894736842,0.866361556064073,-0.146165121371406,0.691200861702797,0.838917174889281,0.715844695481674,LOC111333767,1
GO:0051261,protein depolymerization,1/230,38/7572,0.0263157894736842,0.866361556064073,-0.146165121371406,0.691200861702797,0.838917174889281,0.715844695481674,LOC111321894,1
GO:1903432,regulation of TORC1 signaling,1/230,38/7572,0.0263157894736842,0.866361556064073,-0.146165121371406,0.691200861702797,0.838917174889281,0.715844695481674,LOC111333767,1
GO:2000242,negative regulation of reproductive process,1/230,38/7572,0.0263157894736842,0.866361556064073,-0.146165121371406,0.691200861702797,0.838917174889281,0.715844695481674,LOC111328024,1
GO:0019748,secondary metabolic process,2/230,79/7572,0.0253164556962025,0.833461750137589,-0.263349820539424,0.697752931551628,0.845165522724506,0.721176385888371,LOC111330589/LOC111334761,2
GO:0042058,regulation of epidermal growth factor receptor signaling pathway,2/230,79/7572,0.0253164556962025,0.833461750137589,-0.263349820539424,0.697752931551628,0.845165522724506,0.721176385888371,LOC111328024/LOC111332158,2
GO:0043488,regulation of mRNA stability,2/230,79/7572,0.0253164556962025,0.833461750137589,-0.263349820539424,0.697752931551628,0.845165522724506,0.721176385888371,LOC111343122/LOC111320938,2
GO:0051668,localization within membrane,2/230,79/7572,0.0253164556962025,0.833461750137589,-0.263349820539424,0.697752931551628,0.845165522724506,0.721176385888371,LOC111336974/LOC111326544,2
GO:0000079,regulation of cyclin-dependent protein serine/threonine kinase activity,1/230,39/7572,0.0256410256410256,0.844147157190636,-0.172701615133746,0.700627965738947,0.846094353811126,0.721968953767843,LOC111322288,1
GO:0014015,positive regulation of gliogenesis,1/230,39/7572,0.0256410256410256,0.844147157190636,-0.172701615133746,0.700627965738947,0.846094353811126,0.721968953767843,LOC111345144,1
GO:0033138,positive regulation of peptidyl-serine phosphorylation,1/230,39/7572,0.0256410256410256,0.844147157190636,-0.172701615133746,0.700627965738947,0.846094353811126,0.721968953767843,LOC111326058,1
GO:0051250,negative regulation of lymphocyte activation,1/230,39/7572,0.0256410256410256,0.844147157190636,-0.172701615133746,0.700627965738947,0.846094353811126,0.721968953767843,LOC111333767,1
GO:0051964,negative regulation of synapse assembly,1/230,39/7572,0.0256410256410256,0.844147157190636,-0.172701615133746,0.700627965738947,0.846094353811126,0.721968953767843,LOC111331664,1
GO:1902883,negative regulation of response to oxidative stress,1/230,39/7572,0.0256410256410256,0.844147157190636,-0.172701615133746,0.700627965738947,0.846094353811126,0.721968953767843,LOC111333893,1
GO:0019693,ribose phosphate metabolic process,7/230,266/7572,0.0263157894736842,0.866361556064073,-0.39270438033173,0.704554903259448,0.850410128846491,0.725651587475236,LOC111346087/LOC111331664/LOC111346320/LOC111321593/LOC111331622/LOC111326058/LOC111341830,7
GO:0030258,lipid modification,3/230,119/7572,0.0252100840336134,0.829959810010961,-0.33089701744029,0.706443774998059,0.851836059186443,0.726868328174479,LOC111322288/LOC111323127/LOC111338817,3
GO:0032869,cellular response to insulin stimulus,3/230,119/7572,0.0252100840336134,0.829959810010961,-0.33089701744029,0.706443774998059,0.851836059186443,0.726868328174479,LOC111325642/LOC111339275/LOC111346320,3
GO:0000165,MAPK cascade,4/230,157/7572,0.0254777070063694,0.838770423705345,-0.361303619426004,0.708034339004078,0.852855550638402,0.727738256183844,LOC111332158/LOC111323862/LOC111322288/LOC111338817,4
GO:0050778,positive regulation of immune response,6/230,231/7572,0.025974025974026,0.85511010728402,-0.395821900577189,0.709324558141178,0.852855550638402,0.727738256183844,LOC111328749/LOC111325671/LOC111338418/LOC111323636/LOC111334113/LOC111325968,6
GO:0006112,energy reserve metabolic process,1/230,40/7572,0.025,0.82304347826087,-0.198597951362142,0.709768489817009,0.852855550638402,0.727738256183844,LOC111324410,1
GO:0019229,regulation of vasoconstriction,1/230,40/7572,0.025,0.82304347826087,-0.198597951362142,0.709768489817009,0.852855550638402,0.727738256183844,LOC111322288,1
GO:0021879,forebrain neuron differentiation,1/230,40/7572,0.025,0.82304347826087,-0.198597951362142,0.709768489817009,0.852855550638402,0.727738256183844,LOC111333478,1
GO:0032784,regulation of DNA-templated transcription elongation,1/230,40/7572,0.025,0.82304347826087,-0.198597951362142,0.709768489817009,0.852855550638402,0.727738256183844,LOC111326654,1
GO:0035262,gonad morphogenesis,1/230,40/7572,0.025,0.82304347826087,-0.198597951362142,0.709768489817009,0.852855550638402,0.727738256183844,LOC111333901,1
GO:0043433,negative regulation of DNA-binding transcription factor activity,2/230,81/7572,0.0246913580246914,0.812882447665056,-0.299654283200568,0.710831217133617,0.853706519131047,0.728464384220932,LOC111334113/LOC111320928,2
GO:0048599,oocyte development,3/230,120/7572,0.025,0.82304347826087,-0.345823199211523,0.711802350834092,0.854020957054556,0.728732692852987,LOC111327880/LOC111325642/LOC111336934,3
GO:0099504,synaptic vesicle cycle,3/230,120/7572,0.025,0.82304347826087,-0.345823199211523,0.711802350834092,0.854020957054556,0.728732692852987,LOC111335321/LOC111334761/LOC111343646,3
GO:0061024,membrane organization,13/230,483/7572,0.0269151138716356,0.886092357547934,-0.45789646586533,0.715688102887277,0.858255454060041,0.732345972340095,LOC111336828/LOC111346891/LOC111336974/LOC111328749/LOC111325671/LOC111335321/LOC111323777/LOC111321489/LOC111342143/LOC111323636/LOC111326544/LOC111344752/LOC111342147,13
GO:0055001,muscle cell development,3/230,121/7572,0.0247933884297521,0.816241466043838,-0.360633670271152,0.717085752457408,0.858364935695416,0.732439392585002,LOC111330631/LOC111324192/LOC111321759,3
GO:0008587,imaginal disc-derived wing margin morphogenesis,1/230,41/7572,0.024390243902439,0.802969247083775,-0.223889111315937,0.718631108954302,0.858364935695416,0.732439392585002,LOC111335693,1
GO:0030330,"DNA damage response, signal transduction by p53 class mediator",1/230,41/7572,0.024390243902439,0.802969247083775,-0.223889111315937,0.718631108954302,0.858364935695416,0.732439392585002,LOC111340883,1
GO:0035195,miRNA-mediated post-transcriptional gene silencing,1/230,41/7572,0.024390243902439,0.802969247083775,-0.223889111315937,0.718631108954302,0.858364935695416,0.732439392585002,LOC111330060,1
GO:0040003,chitin-based cuticle development,1/230,41/7572,0.024390243902439,0.802969247083775,-0.223889111315937,0.718631108954302,0.858364935695416,0.732439392585002,LOC111333893,1
GO:0043462,regulation of ATP-dependent activity,1/230,41/7572,0.024390243902439,0.802969247083775,-0.223889111315937,0.718631108954302,0.858364935695416,0.732439392585002,LOC111321403,1
GO:0051702,biological process involved in interaction with symbiont,1/230,41/7572,0.024390243902439,0.802969247083775,-0.223889111315937,0.718631108954302,0.858364935695416,0.732439392585002,LOC111327334,1
GO:1901888,regulation of cell junction assembly,1/230,41/7572,0.024390243902439,0.802969247083775,-0.223889111315937,0.718631108954302,0.858364935695416,0.732439392585002,LOC111333478,1
GO:0044057,regulation of system process,7/230,270/7572,0.0259259259259259,0.853526570048309,-0.433763665555049,0.719144621562893,0.858552428717623,0.73259937963665,LOC111345835/LOC111332158/LOC111325642/LOC111343017/LOC111322288/LOC111323945/LOC111326058,7
GO:0007612,learning,3/230,122/7572,0.0245901639344262,0.809550962223806,-0.375330547873142,0.722294282915276,0.86188534849355,0.735443346852339,LOC111332158/LOC111345144/LOC111321502,3
GO:0003073,regulation of systemic arterial blood pressure,1/230,42/7572,0.0238095238095238,0.783850931677019,-0.248607299483226,0.727224236685083,0.864341540936663,0.737539206114865,LOC111322288,1
GO:0007619,courtship behavior,1/230,42/7572,0.0238095238095238,0.783850931677019,-0.248607299483226,0.727224236685083,0.864341540936663,0.737539206114865,LOC111334761,1
GO:0019915,lipid storage,1/230,42/7572,0.0238095238095238,0.783850931677019,-0.248607299483226,0.727224236685083,0.864341540936663,0.737539206114865,LOC111334900,1
GO:0035019,somatic stem cell population maintenance,1/230,42/7572,0.0238095238095238,0.783850931677019,-0.248607299483226,0.727224236685083,0.864341540936663,0.737539206114865,LOC111340883,1
GO:0045214,sarcomere organization,1/230,42/7572,0.0238095238095238,0.783850931677019,-0.248607299483226,0.727224236685083,0.864341540936663,0.737539206114865,LOC111330631,1
GO:0046888,negative regulation of hormone secretion,1/230,42/7572,0.0238095238095238,0.783850931677019,-0.248607299483226,0.727224236685083,0.864341540936663,0.737539206114865,LOC111325642,1
GO:0099175,regulation of postsynapse organization,1/230,42/7572,0.0238095238095238,0.783850931677019,-0.248607299483226,0.727224236685083,0.864341540936663,0.737539206114865,LOC111336974,1
GO:1905037,autophagosome organization,1/230,42/7572,0.0238095238095238,0.783850931677019,-0.248607299483226,0.727224236685083,0.864341540936663,0.737539206114865,LOC111336999,1
GO:0006979,response to oxidative stress,8/230,309/7572,0.0258899676375405,0.852342760658506,-0.469039386440989,0.728558381761277,0.865500041085918,0.738527749693876,LOC111336303/LOC111333170/LOC111322400/LOC111338412/LOC111323527/LOC111331303/LOC111334900/LOC111336999,8
GO:0019882,antigen processing and presentation,2/230,84/7572,0.0238095238095238,0.783850931677019,-0.352568448169383,0.729561634464071,0.866264504827161,0.73918006356995,LOC111322266/LOC111322261,2
GO:0009266,response to temperature stimulus,5/230,200/7572,0.025,0.82304347826087,-0.448871734592256,0.732639419560933,0.867839732412692,0.74052419901625,LOC111323127/LOC111323527/LOC111331303/LOC111336999/LOC111326058,5
GO:0072521,purine-containing compound metabolic process,7/230,274/7572,0.0255474452554744,0.841066328149794,-0.474266686484023,0.733244312684936,0.867839732412692,0.74052419901625,LOC111346087/LOC111331664/LOC111346320/LOC111321593/LOC111331622/LOC111326058/LOC111341830,7
GO:0032147,activation of protein kinase activity,4/230,163/7572,0.0245398773006135,0.807895438783676,-0.438818604961452,0.735369142304158,0.867839732412692,0.74052419901625,LOC111322288/LOC111323945/LOC111328749/LOC111323636,4
GO:0001942,hair follicle development,1/230,43/7572,0.0232558139534884,0.765621840242669,-0.2727822267594,0.735556032908513,0.867839732412692,0.74052419901625,LOC111336974,1
GO:0006893,Golgi to plasma membrane transport,1/230,43/7572,0.0232558139534884,0.765621840242669,-0.2727822267594,0.735556032908513,0.867839732412692,0.74052419901625,LOC111326934,1
GO:0007602,phototransduction,1/230,43/7572,0.0232558139534884,0.765621840242669,-0.2727822267594,0.735556032908513,0.867839732412692,0.74052419901625,LOC111323127,1
GO:0008630,intrinsic apoptotic signaling pathway in response to DNA damage,1/230,43/7572,0.0232558139534884,0.765621840242669,-0.2727822267594,0.735556032908513,0.867839732412692,0.74052419901625,LOC111340887,1
GO:0030431,sleep,1/230,43/7572,0.0232558139534884,0.765621840242669,-0.2727822267594,0.735556032908513,0.867839732412692,0.74052419901625,LOC111343017,1
GO:0043277,apoptotic cell clearance,1/230,43/7572,0.0232558139534884,0.765621840242669,-0.2727822267594,0.735556032908513,0.867839732412692,0.74052419901625,LOC111340596,1
GO:0046622,positive regulation of organ growth,1/230,43/7572,0.0232558139534884,0.765621840242669,-0.2727822267594,0.735556032908513,0.867839732412692,0.74052419901625,LOC111332158,1
GO:0060420,regulation of heart growth,1/230,43/7572,0.0232558139534884,0.765621840242669,-0.2727822267594,0.735556032908513,0.867839732412692,0.74052419901625,LOC111332158,1
GO:0070301,cellular response to hydrogen peroxide,1/230,43/7572,0.0232558139534884,0.765621840242669,-0.2727822267594,0.735556032908513,0.867839732412692,0.74052419901625,LOC111323527,1
GO:0007308,oocyte construction,2/230,85/7572,0.0235294117647059,0.77462915601023,-0.369816793218423,0.73557346090295,0.867839732412692,0.74052419901625,LOC111327880/LOC111336934,2
GO:0007286,spermatid development,3/230,125/7572,0.024,0.790121739130435,-0.418759948201561,0.737474105215787,0.869656045719693,0.742074051951758,LOC111331389/LOC111342143/LOC111342147,3
GO:0000045,autophagosome assembly,1/230,44/7572,0.0227272727272727,0.748221343873518,-0.296441358753925,0.74363441150209,0.873113204632654,0.745024031929944,LOC111336999,1
GO:0014823,response to activity,1/230,44/7572,0.0227272727272727,0.748221343873518,-0.296441358753925,0.74363441150209,0.873113204632654,0.745024031929944,LOC111332158,1
GO:0015748,organophosphate ester transport,1/230,44/7572,0.0227272727272727,0.748221343873518,-0.296441358753925,0.74363441150209,0.873113204632654,0.745024031929944,LOC111334761,1
GO:0022416,chaeta development,1/230,44/7572,0.0227272727272727,0.748221343873518,-0.296441358753925,0.74363441150209,0.873113204632654,0.745024031929944,LOC111340398,1
GO:0045639,positive regulation of myeloid cell differentiation,1/230,44/7572,0.0227272727272727,0.748221343873518,-0.296441358753925,0.74363441150209,0.873113204632654,0.745024031929944,LOC111323862,1
GO:0051492,regulation of stress fiber assembly,1/230,44/7572,0.0227272727272727,0.748221343873518,-0.296441358753925,0.74363441150209,0.873113204632654,0.745024031929944,LOC111333478,1
GO:0098773,skin epidermis development,1/230,44/7572,0.0227272727272727,0.748221343873518,-0.296441358753925,0.74363441150209,0.873113204632654,0.745024031929944,LOC111336974,1
GO:1905809,negative regulation of synapse organization,1/230,44/7572,0.0227272727272727,0.748221343873518,-0.296441358753925,0.74363441150209,0.873113204632654,0.745024031929944,LOC111331664,1
GO:0030029,actin filament-based process,9/230,350/7572,0.0257142857142857,0.84655900621118,-0.52021160195926,0.743669095806301,0.873113204632654,0.745024031929944,LOC111330631/LOC111322288/LOC111335693/LOC111333478/LOC111340398/LOC111339275/LOC111321894/LOC111328517/LOC111330877,9
GO:0098542,defense response to other organism,5/230,203/7572,0.0246305418719212,0.81088027414864,-0.483408097969175,0.744488964183489,0.873649817618831,0.745481921661111,LOC111333170/LOC111327334/LOC111329755/LOC111331589/LOC111322259,5
GO:0002218,activation of innate immune response,2/230,87/7572,0.0229885057471264,0.756821589205397,-0.403758883645966,0.747257377532261,0.876044676289038,0.747525445058665,LOC111325671/LOC111334113,2
GO:0043487,regulation of RNA stability,2/230,87/7572,0.0229885057471264,0.756821589205397,-0.403758883645966,0.747257377532261,0.876044676289038,0.747525445058665,LOC111343122/LOC111320938,2
GO:0051347,positive regulation of transferase activity,8/230,316/7572,0.0253164556962025,0.833461750137589,-0.535232222957354,0.751050051204896,0.877136524905343,0.748457115149165,LOC111323862/LOC111322288/LOC111323945/LOC111328749/LOC111346320/LOC111327334/LOC111323636/LOC111326058,8
GO:0006090,pyruvate metabolic process,1/230,45/7572,0.0222222222222222,0.731594202898551,-0.319610134217579,0.751467047707526,0.877136524905343,0.748457115149165,LOC111328842,1
GO:0006576,biogenic amine metabolic process,1/230,45/7572,0.0222222222222222,0.731594202898551,-0.319610134217579,0.751467047707526,0.877136524905343,0.748457115149165,LOC111334761,1
GO:0008298,intracellular mRNA localization,1/230,45/7572,0.0222222222222222,0.731594202898551,-0.319610134217579,0.751467047707526,0.877136524905343,0.748457115149165,LOC111343122,1
GO:0016319,mushroom body development,1/230,45/7572,0.0222222222222222,0.731594202898551,-0.319610134217579,0.751467047707526,0.877136524905343,0.748457115149165,LOC111332158,1
GO:0022405,hair cycle process,1/230,45/7572,0.0222222222222222,0.731594202898551,-0.319610134217579,0.751467047707526,0.877136524905343,0.748457115149165,LOC111336974,1
GO:0032088,negative regulation of NF-kappaB transcription factor activity,1/230,45/7572,0.0222222222222222,0.731594202898551,-0.319610134217579,0.751467047707526,0.877136524905343,0.748457115149165,LOC111334113,1
GO:0051149,positive regulation of muscle cell differentiation,1/230,45/7572,0.0222222222222222,0.731594202898551,-0.319610134217579,0.751467047707526,0.877136524905343,0.748457115149165,LOC111344472,1
GO:2000573,positive regulation of DNA biosynthetic process,1/230,45/7572,0.0222222222222222,0.731594202898551,-0.319610134217579,0.751467047707526,0.877136524905343,0.748457115149165,LOC111322288,1
GO:0042542,response to hydrogen peroxide,2/230,88/7572,0.0227272727272727,0.748221343873518,-0.420461958432706,0.75293214177263,0.878420832068068,0.749553009353414,LOC111323527/LOC111331303,2
GO:0023061,signal release,3/230,129/7572,0.0232558139534884,0.765621840242669,-0.475194424844877,0.756688822531519,0.882376118477432,0.752928039547101,LOC111335321/LOC111338776/LOC111322311,3
GO:0006497,protein lipidation,1/230,46/7572,0.0217391304347826,0.715689981096408,-0.342312157772686,0.759061385295844,0.883004741928692,0.753464441442912,LOC111326885,1
GO:0033555,multicellular organismal response to stress,1/230,46/7572,0.0217391304347826,0.715689981096408,-0.342312157772686,0.759061385295844,0.883004741928692,0.753464441442912,LOC111332158,1
GO:0045747,positive regulation of Notch signaling pathway,1/230,46/7572,0.0217391304347826,0.715689981096408,-0.342312157772686,0.759061385295844,0.883004741928692,0.753464441442912,LOC111329099,1
GO:0048520,positive regulation of behavior,1/230,46/7572,0.0217391304347826,0.715689981096408,-0.342312157772686,0.759061385295844,0.883004741928692,0.753464441442912,LOC111320921,1
GO:1901992,positive regulation of mitotic cell cycle phase transition,1/230,46/7572,0.0217391304347826,0.715689981096408,-0.342312157772686,0.759061385295844,0.883004741928692,0.753464441442912,LOC111333767,1
GO:0048511,rhythmic process,3/230,130/7572,0.0230769230769231,0.759732441471572,-0.489052326958381,0.761312501540761,0.885195800922333,0.755334063385379,LOC111327252/LOC111323527/LOC111331303,3
GO:0051051,negative regulation of transport,6/230,246/7572,0.024390243902439,0.802969247083775,-0.556034148488906,0.764203496947342,0.888128388344208,0.757836428592365,LOC111325642/LOC111323945/LOC111328749/LOC111333901/LOC111331664/LOC111323636,6
GO:0009101,glycoprotein biosynthetic process,3/230,131/7572,0.0229007633587786,0.753932957185529,-0.502813346117784,0.765865187863656,0.888137892970157,0.757844538851961,LOC111328024/LOC111342143/LOC111342147,3
GO:0009994,oocyte differentiation,3/230,131/7572,0.0229007633587786,0.753932957185529,-0.502813346117784,0.765865187863656,0.888137892970157,0.757844538851961,LOC111327880/LOC111325642/LOC111336934,3
GO:0016322,neuron remodeling,1/230,47/7572,0.0212765957446808,0.700462534690102,-0.364569370465232,0.766424643518267,0.888137892970157,0.757844538851961,LOC111322288,1
GO:0051258,protein polymerization,1/230,47/7572,0.0212765957446808,0.700462534690102,-0.364569370465232,0.766424643518267,0.888137892970157,0.757844538851961,LOC111327334,1
GO:0060179,male mating behavior,1/230,47/7572,0.0212765957446808,0.700462534690102,-0.364569370465232,0.766424643518267,0.888137892970157,0.757844538851961,LOC111334761,1
GO:0061097,regulation of protein tyrosine kinase activity,1/230,47/7572,0.0212765957446808,0.700462534690102,-0.364569370465232,0.766424643518267,0.888137892970157,0.757844538851961,LOC111322288,1
GO:0090068,positive regulation of cell cycle process,4/230,171/7572,0.0233918128654971,0.770099160945843,-0.538179016128582,0.768775203181554,0.89043323196786,0.759803142507984,LOC111330205/LOC111322288/LOC111340883/LOC111333767,4
GO:0043279,response to alkaloid,2/230,91/7572,0.021978021978022,0.723554706163402,-0.469551703828483,0.769304164596252,0.890617513628738,0.759960389317755,LOC111332158/LOC111338776,2
GO:0000302,response to reactive oxygen species,3/230,132/7572,0.0227272727272727,0.748221343873518,-0.516479109618007,0.770347417961584,0.891396723907494,0.760625286355756,LOC111333170/LOC111323527/LOC111331303,3
GO:0032456,endocytic recycling,1/230,48/7572,0.0208333333333333,0.685869565217391,-0.386402201111252,0.77356382384927,0.893401289126639,0.762335773900681,LOC111340366,1
GO:0042633,hair cycle,1/230,48/7572,0.0208333333333333,0.685869565217391,-0.386402201111252,0.77356382384927,0.893401289126639,0.762335773900681,LOC111336974,1
GO:0043507,positive regulation of JUN kinase activity,1/230,48/7572,0.0208333333333333,0.685869565217391,-0.386402201111252,0.77356382384927,0.893401289126639,0.762335773900681,LOC111323862,1
GO:0046580,negative regulation of Ras protein signal transduction,1/230,48/7572,0.0208333333333333,0.685869565217391,-0.386402201111252,0.77356382384927,0.893401289126639,0.762335773900681,LOC111335693,1
GO:0061013,regulation of mRNA catabolic process,2/230,92/7572,0.0217391304347826,0.715689981096408,-0.485588765006435,0.774548772195955,0.894109992065129,0.762940507305093,LOC111343122/LOC111320938,2
GO:0002764,immune response-regulating signaling pathway,3/230,134/7572,0.0223880597014925,0.737053861129137,-0.543531178061433,0.779102739273493,0.896664888072229,0.765120589926994,LOC111325671/LOC111334113/LOC111325968,3
GO:0009408,response to heat,3/230,134/7572,0.0223880597014925,0.737053861129137,-0.543531178061433,0.779102739273493,0.896664888072229,0.765120589926994,LOC111323527/LOC111331303/LOC111336999,3
GO:0002699,positive regulation of immune effector process,2/230,93/7572,0.021505376344086,0.707994389901823,-0.501469188441707,0.77968939374617,0.896664888072229,0.765120589926994,LOC111328749/LOC111323636,2
GO:0006486,protein glycosylation,2/230,93/7572,0.021505376344086,0.707994389901823,-0.501469188441707,0.77968939374617,0.896664888072229,0.765120589926994,LOC111342143/LOC111342147,2
GO:0043413,macromolecule glycosylation,2/230,93/7572,0.021505376344086,0.707994389901823,-0.501469188441707,0.77968939374617,0.896664888072229,0.765120589926994,LOC111342143/LOC111342147,2
GO:0046620,regulation of organ growth,2/230,93/7572,0.021505376344086,0.707994389901823,-0.501469188441707,0.77968939374617,0.896664888072229,0.765120589926994,LOC111332158/LOC111334412,2
GO:0009308,amine metabolic process,1/230,49/7572,0.0204081632653061,0.67187222715173,-0.407829700957795,0.780485716527987,0.896664888072229,0.765120589926994,LOC111334761,1
GO:0051058,negative regulation of small GTPase mediated signal transduction,1/230,49/7572,0.0204081632653061,0.67187222715173,-0.407829700957795,0.780485716527987,0.896664888072229,0.765120589926994,LOC111335693,1
GO:0051881,regulation of mitochondrial membrane potential,1/230,49/7572,0.0204081632653061,0.67187222715173,-0.407829700957795,0.780485716527987,0.896664888072229,0.765120589926994,LOC111346891,1
GO:1902692,regulation of neuroblast proliferation,1/230,49/7572,0.0204081632653061,0.67187222715173,-0.407829700957795,0.780485716527987,0.896664888072229,0.765120589926994,LOC111333767,1
GO:0002684,positive regulation of immune system process,8/230,326/7572,0.0245398773006135,0.807895438783676,-0.627524466009041,0.780885010399381,0.8966958059331,0.765146972014955,LOC111323862/LOC111328749/LOC111325671/LOC111338418/LOC111323636/LOC111334113/LOC111333767/LOC111325968,8
GO:0019098,reproductive behavior,3/230,135/7572,0.0222222222222222,0.731594202898551,-0.556920540721828,0.783376984313835,0.898700227835977,0.766857337268677,LOC111324192/LOC111328517/LOC111334761,3
GO:0048515,spermatid differentiation,3/230,135/7572,0.0222222222222222,0.731594202898551,-0.556920540721828,0.783376984313835,0.898700227835977,0.766857337268677,LOC111331389/LOC111342143/LOC111342147,3
GO:0051224,negative regulation of protein transport,2/230,94/7572,0.0212765957446808,0.700462534690102,-0.517196643662227,0.784727474514402,0.898800451315682,0.7669428575661,LOC111325642/LOC111333901,2
GO:0090316,positive regulation of intracellular protein transport,2/230,94/7572,0.0212765957446808,0.700462534690102,-0.517196643662227,0.784727474514402,0.898800451315682,0.7669428575661,LOC111331301/LOC111333767,2
GO:0099536,synaptic signaling,6/230,253/7572,0.0237154150197628,0.780752706650627,-0.627772053962805,0.787062108483034,0.898800451315682,0.7669428575661,LOC111324621/LOC111335321/LOC111331664/LOC111322311/LOC111325851/LOC111343646,6
GO:0001824,blastocyst development,1/230,50/7572,0.02,0.658434782608696,-0.428869663803329,0.787196906903976,0.898800451315682,0.7669428575661,LOC111343122,1
GO:0031397,negative regulation of protein ubiquitination,1/230,50/7572,0.02,0.658434782608696,-0.428869663803329,0.787196906903976,0.898800451315682,0.7669428575661,LOC111340883,1
GO:0032465,regulation of cytokinesis,1/230,50/7572,0.02,0.658434782608696,-0.428869663803329,0.787196906903976,0.898800451315682,0.7669428575661,LOC111330205,1
GO:0034644,cellular response to UV,1/230,50/7572,0.02,0.658434782608696,-0.428869663803329,0.787196906903976,0.898800451315682,0.7669428575661,LOC111336999,1
GO:0043525,positive regulation of neuron apoptotic process,1/230,50/7572,0.02,0.658434782608696,-0.428869663803329,0.787196906903976,0.898800451315682,0.7669428575661,LOC111333767,1
GO:0046716,muscle cell cellular homeostasis,1/230,50/7572,0.02,0.658434782608696,-0.428869663803329,0.787196906903976,0.898800451315682,0.7669428575661,LOC111324192,1
GO:0051453,regulation of intracellular pH,1/230,50/7572,0.02,0.658434782608696,-0.428869663803329,0.787196906903976,0.898800451315682,0.7669428575661,LOC111333012,1
GO:0032874,positive regulation of stress-activated MAPK cascade,2/230,95/7572,0.0210526315789474,0.693089244851259,-0.532774672911605,0.789664468253098,0.900763637874685,0.768618036864568,LOC111323862/LOC111333893,2
GO:0051494,negative regulation of cytoskeleton organization,2/230,95/7572,0.0210526315789474,0.693089244851259,-0.532774672911605,0.789664468253098,0.900763637874685,0.768618036864568,LOC111321894/LOC111330877,2
GO:0006487,protein N-linked glycosylation,1/230,51/7572,0.0196078431372549,0.645524296675192,-0.44953873340922,0.793703781593165,0.904086426715394,0.771453359393447,LOC111334796,1
GO:0044773,mitotic DNA damage checkpoint signaling,1/230,51/7572,0.0196078431372549,0.645524296675192,-0.44953873340922,0.793703781593165,0.904086426715394,0.771453359393447,LOC111340883,1
GO:0060998,regulation of dendritic spine development,1/230,51/7572,0.0196078431372549,0.645524296675192,-0.44953873340922,0.793703781593165,0.904086426715394,0.771453359393447,LOC111342023,1
GO:0007269,neurotransmitter secretion,2/230,96/7572,0.0208333333333333,0.685869565217391,-0.548206696914518,0.794501835360627,0.904567574254558,0.771863920678832,LOC111335321/LOC111322311,2
GO:0046822,regulation of nucleocytoplasmic transport,2/230,97/7572,0.0206185567010309,0.678798744957418,-0.563496020322202,0.799241041145251,0.909533283118036,0.77610114034202,LOC111331301/LOC111333767,2
GO:0018022,peptidyl-lysine methylation,1/230,52/7572,0.0192307692307692,0.633110367892977,-0.469852499771779,0.800012534449644,0.909551550025846,0.776116727421949,LOC111321502,1
GO:0019751,polyol metabolic process,1/230,52/7572,0.0192307692307692,0.633110367892977,-0.469852499771779,0.800012534449644,0.909551550025846,0.776116727421949,LOC111323127,1
GO:0043122,regulation of canonical NF-kappaB signal transduction,2/230,98/7572,0.0204081632653061,0.67187222715173,-0.578645836858952,0.803883554187549,0.912627666685427,0.778741565557769,LOC111323862/LOC111334113,2
GO:0070085,glycosylation,2/230,98/7572,0.0204081632653061,0.67187222715173,-0.578645836858952,0.803883554187549,0.912627666685427,0.778741565557769,LOC111342143/LOC111342147,2
GO:1904950,negative regulation of establishment of protein localization,2/230,98/7572,0.0204081632653061,0.67187222715173,-0.578645836858952,0.803883554187549,0.912627666685427,0.778741565557769,LOC111325642/LOC111333901,2
GO:0051098,regulation of binding,5/230,220/7572,0.0227272727272727,0.748221343873518,-0.670750265731269,0.80439953786224,0.912627666685427,0.778741565557769,LOC111322288/LOC111333478/LOC111338776/LOC111325851/LOC111340596,5
GO:0001947,heart looping,1/230,53/7572,0.0188679245283019,0.621164889253486,-0.489825585603937,0.806129172358764,0.912627666685427,0.778741565557769,LOC111344472,1
GO:0002573,myeloid leukocyte differentiation,1/230,53/7572,0.0188679245283019,0.621164889253486,-0.489825585603937,0.806129172358764,0.912627666685427,0.778741565557769,LOC111326654,1
GO:0030856,regulation of epithelial cell differentiation,1/230,53/7572,0.0188679245283019,0.621164889253486,-0.489825585603937,0.806129172358764,0.912627666685427,0.778741565557769,LOC111333767,1
GO:0042113,B cell activation,1/230,53/7572,0.0188679245283019,0.621164889253486,-0.489825585603937,0.806129172358764,0.912627666685427,0.778741565557769,LOC111326654,1
GO:0048771,tissue remodeling,1/230,53/7572,0.0188679245283019,0.621164889253486,-0.489825585603937,0.806129172358764,0.912627666685427,0.778741565557769,LOC111344472,1
GO:0080135,regulation of cellular response to stress,10/230,412/7572,0.0242718446601942,0.799071338117349,-0.742279283522676,0.811236699039854,0.917978369966151,0.783307299429064,LOC111328393/LOC111336303/LOC111323862/LOC111342023/LOC111322400/LOC111333901/LOC111338776/LOC111320751/LOC111323527/LOC111333893,10
GO:0043603,amide metabolic process,12/230,486/7572,0.0246913580246914,0.812882447665056,-0.754684515902,0.811814132143302,0.918046632029772,0.783365547177004,LOC111323911/LOC111346087/LOC111335819/LOC111326885/LOC111331664/LOC111323127/LOC111346320/LOC111325560/LOC111331622/LOC111326544/LOC111321502/LOC111341830,12
GO:0007632,visual behavior,1/230,54/7572,0.0185185185185185,0.609661835748792,-0.509471724189847,0.8120595208569,0.918046632029772,0.783365547177004,LOC111345144,1
GO:0006936,muscle contraction,2/230,101/7572,0.0198019801980198,0.651915626345243,-0.62328861897076,0.81724563996445,0.920656673602568,0.785592685291228,LOC111328024/LOC111333735,2
GO:0007041,lysosomal transport,2/230,101/7572,0.0198019801980198,0.651915626345243,-0.62328861897076,0.81724563996445,0.920656673602568,0.785592685291228,LOC111342143/LOC111342147,2
GO:0002761,regulation of myeloid leukocyte differentiation,1/230,55/7572,0.0181818181818182,0.598577075098814,-0.528803829618357,0.817809229583012,0.920656673602568,0.785592685291228,LOC111323862,1
GO:0010623,programmed cell death involved in cell development,1/230,55/7572,0.0181818181818182,0.598577075098814,-0.528803829618357,0.817809229583012,0.920656673602568,0.785592685291228,LOC111323127,1
GO:0030239,myofibril assembly,1/230,55/7572,0.0181818181818182,0.598577075098814,-0.528803829618357,0.817809229583012,0.920656673602568,0.785592685291228,LOC111330631,1
GO:0042770,signal transduction in response to DNA damage,1/230,55/7572,0.0181818181818182,0.598577075098814,-0.528803829618357,0.817809229583012,0.920656673602568,0.785592685291228,LOC111340883,1
GO:0044774,mitotic DNA integrity checkpoint signaling,1/230,55/7572,0.0181818181818182,0.598577075098814,-0.528803829618357,0.817809229583012,0.920656673602568,0.785592685291228,LOC111340883,1
GO:1901607,alpha-amino acid biosynthetic process,1/230,55/7572,0.0181818181818182,0.598577075098814,-0.528803829618357,0.817809229583012,0.920656673602568,0.785592685291228,LOC111327210,1
GO:1903313,positive regulation of mRNA metabolic process,1/230,55/7572,0.0181818181818182,0.598577075098814,-0.528803829618357,0.817809229583012,0.920656673602568,0.785592685291228,LOC111320938,1
GO:0006575,modified amino acid metabolic process,2/230,102/7572,0.0196078431372549,0.645524296675192,-0.637910291686194,0.821516081130388,0.924397534281296,0.788784746860067,LOC111325560/LOC111331303,2
GO:1903426,regulation of reactive oxygen species biosynthetic process,1/230,56/7572,0.0178571428571429,0.587888198757764,-0.547834060267827,0.823383777567036,0.926066387847465,0.790208772984023,LOC111326058,1
GO:0042176,regulation of protein catabolic process,6/230,266/7572,0.0225563909774436,0.742595619483491,-0.756397820629169,0.82501104395775,0.927463395821784,0.79140083434347,LOC111327625/LOC111326819/LOC111326544/LOC111325220/LOC111344752/LOC111340596,6
GO:0070588,calcium ion transmembrane transport,2/230,103/7572,0.0194174757281553,0.639257070493879,-0.652406923767154,0.825697170586853,0.927801580388774,0.791689405892152,LOC111323527/LOC111326058,2
GO:0034440,lipid oxidation,1/230,57/7572,0.0175438596491228,0.577574370709382,-0.566573876300964,0.828788478359955,0.93084079099383,0.794282752238135,LOC111326885,1
GO:0050867,positive regulation of cell activation,2/230,104/7572,0.0192307692307692,0.633110367892977,-0.6667811369754,0.829790367147919,0.931080478398127,0.794487276548848,LOC111322288/LOC111333767,2
GO:1902905,positive regulation of supramolecular fiber organization,2/230,104/7572,0.0192307692307692,0.633110367892977,-0.6667811369754,0.829790367147919,0.931080478398127,0.794487276548848,LOC111333478/LOC111340622,2
GO:0045787,positive regulation of cell cycle,5/230,229/7572,0.0218340611353712,0.718815264856655,-0.764726373621507,0.831335295646555,0.931080478398127,0.794487276548848,LOC111330205/LOC111322288/LOC111340883/LOC111321593/LOC111333767,5
GO:0034599,cellular response to oxidative stress,3/230,148/7572,0.0202702702702703,0.667332549941246,-0.723361743382325,0.83297358126198,0.931080478398127,0.794487276548848,LOC111333170/LOC111323527/LOC111336999,3
GO:0003015,heart process,1/230,58/7572,0.0172413793103448,0.567616191904048,-0.58503409183123,0.834028485010283,0.931080478398127,0.794487276548848,LOC111335321,1
GO:0033135,regulation of peptidyl-serine phosphorylation,1/230,58/7572,0.0172413793103448,0.567616191904048,-0.58503409183123,0.834028485010283,0.931080478398127,0.794487276548848,LOC111326058,1
GO:0042551,neuron maturation,1/230,58/7572,0.0172413793103448,0.567616191904048,-0.58503409183123,0.834028485010283,0.931080478398127,0.794487276548848,LOC111322288,1
GO:0045580,regulation of T cell differentiation,1/230,58/7572,0.0172413793103448,0.567616191904048,-0.58503409183123,0.834028485010283,0.931080478398127,0.794487276548848,LOC111333767,1
GO:1902807,negative regulation of cell cycle G1/S phase transition,1/230,58/7572,0.0172413793103448,0.567616191904048,-0.58503409183123,0.834028485010283,0.931080478398127,0.794487276548848,LOC111340883,1
GO:1903321,negative regulation of protein modification by small protein conjugation or removal,1/230,58/7572,0.0172413793103448,0.567616191904048,-0.58503409183123,0.834028485010283,0.931080478398127,0.794487276548848,LOC111340883,1
GO:1903429,regulation of cell maturation,1/230,58/7572,0.0172413793103448,0.567616191904048,-0.58503409183123,0.834028485010283,0.931080478398127,0.794487276548848,LOC111332158,1
GO:1905897,regulation of response to endoplasmic reticulum stress,1/230,58/7572,0.0172413793103448,0.567616191904048,-0.58503409183123,0.834028485010283,0.931080478398127,0.794487276548848,LOC111338776,1
GO:2000134,negative regulation of G1/S transition of mitotic cell cycle,1/230,58/7572,0.0172413793103448,0.567616191904048,-0.58503409183123,0.834028485010283,0.931080478398127,0.794487276548848,LOC111340883,1
GO:1903706,regulation of hemopoiesis,4/230,191/7572,0.0209424083769633,0.689460505349419,-0.76932398744433,0.83790226306457,0.933290521061795,0.796373097181598,LOC111329099/LOC111323862/LOC111333767/LOC111330060,4
GO:0006006,glucose metabolic process,1/230,59/7572,0.0169491525423729,0.557995578481945,-0.603224922339054,0.839108794891522,0.933290521061795,0.796373097181598,LOC111338776,1
GO:0016051,carbohydrate biosynthetic process,1/230,59/7572,0.0169491525423729,0.557995578481945,-0.603224922339054,0.839108794891522,0.933290521061795,0.796373097181598,LOC111324410,1
GO:0032091,negative regulation of protein binding,1/230,59/7572,0.0169491525423729,0.557995578481945,-0.603224922339054,0.839108794891522,0.933290521061795,0.796373097181598,LOC111322288,1
GO:0042147,"retrograde transport, endosome to Golgi",1/230,59/7572,0.0169491525423729,0.557995578481945,-0.603224922339054,0.839108794891522,0.933290521061795,0.796373097181598,LOC111333613,1
GO:0071347,cellular response to interleukin-1,1/230,59/7572,0.0169491525423729,0.557995578481945,-0.603224922339054,0.839108794891522,0.933290521061795,0.796373097181598,LOC111325642,1
GO:0110020,regulation of actomyosin structure organization,1/230,59/7572,0.0169491525423729,0.557995578481945,-0.603224922339054,0.839108794891522,0.933290521061795,0.796373097181598,LOC111333478,1
GO:0140029,exocytic process,1/230,59/7572,0.0169491525423729,0.557995578481945,-0.603224922339054,0.839108794891522,0.933290521061795,0.796373097181598,LOC111335321,1
GO:0009062,fatty acid catabolic process,1/230,60/7572,0.0166666666666667,0.548695652173913,-0.621156027844575,0.84403425438506,0.936605753253099,0.799201971651534,LOC111335819,1
GO:0038093,Fc receptor signaling pathway,1/230,60/7572,0.0166666666666667,0.548695652173913,-0.621156027844575,0.84403425438506,0.936605753253099,0.799201971651534,LOC111325968,1
GO:0046928,regulation of neurotransmitter secretion,1/230,60/7572,0.0166666666666667,0.548695652173913,-0.621156027844575,0.84403425438506,0.936605753253099,0.799201971651534,LOC111343646,1
GO:0050870,positive regulation of T cell activation,1/230,60/7572,0.0166666666666667,0.548695652173913,-0.621156027844575,0.84403425438506,0.936605753253099,0.799201971651534,LOC111333767,1
GO:1901606,alpha-amino acid catabolic process,1/230,60/7572,0.0166666666666667,0.548695652173913,-0.621156027844575,0.84403425438506,0.936605753253099,0.799201971651534,LOC111327210,1
GO:0006915,apoptotic process,8/230,352/7572,0.0227272727272727,0.748221343873518,-0.856160121241009,0.846112045401524,0.93847895224637,0.800800364917343,LOC111329099/LOC111324621/LOC111325851/LOC111344752/LOC111334113/LOC111333767/LOC111344472/LOC111338817,8
GO:0051493,regulation of cytoskeleton organization,7/230,314/7572,0.0222929936305732,0.733924120742177,-0.852305319642518,0.84757843718141,0.938642995803594,0.800940342633596,LOC111333478/LOC111323527/LOC111321894/LOC111333893/LOC111340596/LOC111330877/LOC111340622,7
GO:0001952,regulation of cell-matrix adhesion,1/230,61/7572,0.0163934426229508,0.539700641482537,-0.638836552281978,0.848809563422791,0.938642995803594,0.800940342633596,LOC111333478,1
GO:0006970,response to osmotic stress,1/230,61/7572,0.0163934426229508,0.539700641482537,-0.638836552281978,0.848809563422791,0.938642995803594,0.800940342633596,LOC111336828,1
GO:0008366,axon ensheathment,1/230,61/7572,0.0163934426229508,0.539700641482537,-0.638836552281978,0.848809563422791,0.938642995803594,0.800940342633596,LOC111335321,1
GO:0043506,regulation of JUN kinase activity,1/230,61/7572,0.0163934426229508,0.539700641482537,-0.638836552281978,0.848809563422791,0.938642995803594,0.800940342633596,LOC111323862,1
GO:1903039,positive regulation of leukocyte cell-cell adhesion,1/230,61/7572,0.0163934426229508,0.539700641482537,-0.638836552281978,0.848809563422791,0.938642995803594,0.800940342633596,LOC111333767,1
GO:0045637,regulation of myeloid cell differentiation,2/230,109/7572,0.018348623853211,0.604068607897886,-0.736902137188459,0.848988556835642,0.938642995803594,0.800940342633596,LOC111323862/LOC111330060,2
GO:0045088,regulation of innate immune response,4/230,196/7572,0.0204081632653061,0.67187222715173,-0.823747146996713,0.852219451939002,0.941782671073482,0.803619415079313,LOC111342023/LOC111327252/LOC111325671/LOC111334113,4
GO:0007616,long-term memory,1/230,62/7572,0.0161290322580645,0.530995792426367,-0.656275159467219,0.853439279893668,0.942130196118437,0.803915956820768,LOC111330961,1
GO:0050688,regulation of defense response to virus,1/230,62/7572,0.0161290322580645,0.530995792426367,-0.656275159467219,0.853439279893668,0.942130196118437,0.803915956820768,LOC111334113,1
GO:0032774,RNA biosynthetic process,10/230,432/7572,0.0231481481481481,0.76207729468599,-0.901284719230307,0.853707677711973,0.942130196118437,0.803915956820768,LOC111330631/LOC111328662/LOC111341087/LOC111338776/LOC111340883/LOC111325851/LOC111331301/LOC111333767/LOC111344472/LOC111333334,10
GO:0016079,synaptic vesicle exocytosis,1/230,63/7572,0.0158730158730159,0.522567287784679,-0.673480066004821,0.85792782391823,0.945920421243176,0.80715014087545,LOC111335321,1
GO:2000278,regulation of DNA biosynthetic process,1/230,63/7572,0.0158730158730159,0.522567287784679,-0.673480066004821,0.85792782391823,0.945920421243176,0.80715014087545,LOC111322288,1
GO:0006351,DNA-templated transcription,10/230,435/7572,0.0229885057471264,0.756821589205397,-0.924581388671089,0.859382010723484,0.947090106097093,0.808148228318555,LOC111330631/LOC111328662/LOC111341087/LOC111338776/LOC111340883/LOC111325851/LOC111331301/LOC111333767/LOC111344472/LOC111333334,10
GO:0018958,phenol-containing compound metabolic process,1/230,64/7572,0.015625,0.514402173913043,-0.690459071439374,0.862279481995045,0.947248628031053,0.808283494455594,LOC111326058,1
GO:0022404,molting cycle process,1/230,64/7572,0.015625,0.514402173913043,-0.690459071439374,0.862279481995045,0.947248628031053,0.808283494455594,LOC111336974,1
GO:0030866,cortical actin cytoskeleton organization,1/230,64/7572,0.015625,0.514402173913043,-0.690459071439374,0.862279481995045,0.947248628031053,0.808283494455594,LOC111330877,1
GO:0035821,modulation of process of another organism,1/230,64/7572,0.015625,0.514402173913043,-0.690459071439374,0.862279481995045,0.947248628031053,0.808283494455594,LOC111327334,1
GO:0043648,dicarboxylic acid metabolic process,1/230,64/7572,0.015625,0.514402173913043,-0.690459071439374,0.862279481995045,0.947248628031053,0.808283494455594,LOC111327210,1
GO:0051101,regulation of DNA binding,1/230,64/7572,0.015625,0.514402173913043,-0.690459071439374,0.862279481995045,0.947248628031053,0.808283494455594,LOC111338776,1
GO:0072331,signal transduction by p53 class mediator,1/230,64/7572,0.015625,0.514402173913043,-0.690459071439374,0.862279481995045,0.947248628031053,0.808283494455594,LOC111340883,1
GO:1902105,regulation of leukocyte differentiation,2/230,113/7572,0.0176991150442478,0.582685648326279,-0.791034799895617,0.862911072357336,0.947510197098252,0.808506690302407,LOC111323862/LOC111333767,2
GO:0007032,endosome organization,1/230,65/7572,0.0153846153846154,0.506488294314381,-0.707219585922508,0.866498411022901,0.949716965745628,0.810389717230052,LOC111333613,1
GO:0031333,negative regulation of protein-containing complex assembly,1/230,65/7572,0.0153846153846154,0.506488294314381,-0.707219585922508,0.866498411022901,0.949716965745628,0.810389717230052,LOC111321894,1
GO:0045619,regulation of lymphocyte differentiation,1/230,65/7572,0.0153846153846154,0.506488294314381,-0.707219585922508,0.866498411022901,0.949716965745628,0.810389717230052,LOC111333767,1
GO:2001243,negative regulation of intrinsic apoptotic signaling pathway,1/230,65/7572,0.0153846153846154,0.506488294314381,-0.707219585922508,0.866498411022901,0.949716965745628,0.810389717230052,LOC111338776,1
GO:0090150,establishment of protein localization to membrane,3/230,160/7572,0.01875,0.617282608695652,-0.86597196971089,0.869804880561394,0.952033356232268,0.812366284038025,LOC111336828/LOC111342143/LOC111342147,3
GO:0007006,mitochondrial membrane organization,1/230,66/7572,0.0151515151515152,0.498814229249012,-0.723768655635725,0.870588642202431,0.952033356232268,0.812366284038025,LOC111346891,1
GO:0007254,JNK cascade,1/230,66/7572,0.0151515151515152,0.498814229249012,-0.723768655635725,0.870588642202431,0.952033356232268,0.812366284038025,LOC111323862,1
GO:0051092,positive regulation of NF-kappaB transcription factor activity,1/230,66/7572,0.0151515151515152,0.498814229249012,-0.723768655635725,0.870588642202431,0.952033356232268,0.812366284038025,LOC111323862,1
GO:0071805,potassium ion transmembrane transport,1/230,66/7572,0.0151515151515152,0.498814229249012,-0.723768655635725,0.870588642202431,0.952033356232268,0.812366284038025,LOC111336828,1
GO:0071695,anatomical structure maturation,2/230,116/7572,0.0172413793103448,0.567616191904048,-0.83057492966091,0.872573529495261,0.953770793928547,0.813848832727979,LOC111322288/LOC111335321,2
GO:0006813,potassium ion transport,1/230,67/7572,0.0149253731343284,0.491369240752758,-0.740112986182881,0.874554084820795,0.955068587867789,0.814956235145097,LOC111336828,1
GO:0040018,positive regulation of multicellular organism growth,1/230,67/7572,0.0149253731343284,0.491369240752758,-0.740112986182881,0.874554084820795,0.955068587867789,0.814956235145097,LOC111333901,1
GO:0009117,nucleotide metabolic process,7/230,327/7572,0.0214067278287462,0.7047467092142,-0.966012573653245,0.874971467872394,0.955091248702051,0.814975571545027,LOC111346087/LOC111331664/LOC111346320/LOC111321593/LOC111331622/LOC111326058/LOC111341830,7
GO:0071482,cellular response to light stimulus,1/230,68/7572,0.0147058823529412,0.484143222506394,-0.756258964142841,0.878398529922889,0.958253304996814,0.817673741630434,LOC111336999,1
GO:0016482,cytosolic transport,2/230,118/7572,0.0169491525423729,0.557995578481945,-0.856458402000941,0.878664160063524,0.958253304996814,0.817673741630434,LOC111331664/LOC111333613,2
GO:0010921,regulation of phosphatase activity,1/230,69/7572,0.0144927536231884,0.477126654064272,-0.772212676952372,0.882125653872481,0.961592835909884,0.820523350103206,LOC111324410,1
GO:0006753,nucleoside phosphate metabolic process,7/230,332/7572,0.0210843373493976,0.69413305395495,-1.00870844460779,0.884371287063527,0.963604551696367,0.822239939198859,LOC111346087/LOC111331664/LOC111346320/LOC111321593/LOC111331622/LOC111326058/LOC111341830,7
GO:0061371,determination of heart left/right asymmetry,1/230,70/7572,0.0142857142857143,0.470310559006211,-0.78797993127137,0.885739021806551,0.964222226270423,0.82276699846121,LOC111344472,1
GO:0097746,blood vessel diameter maintenance,1/230,70/7572,0.0142857142857143,0.470310559006211,-0.78797993127137,0.885739021806551,0.964222226270423,0.82276699846121,LOC111322288,1
GO:0072657,protein localization to membrane,6/230,293/7572,0.0204778156996587,0.674165306425286,-1.00676619827396,0.886661179176491,0.964789931973335,0.823251419484153,LOC111336828/LOC111336974/LOC111342143/LOC111326544/LOC111328842/LOC111342147,6
GO:0051495,positive regulation of cytoskeleton organization,2/230,121/7572,0.0165289256198347,0.544160977362558,-0.894602804274508,0.887299614043247,0.96504854138037,0.823472089864697,LOC111333478/LOC111340622,2
GO:0009566,fertilization,1/230,71/7572,0.0140845070422535,0.463686466625842,-0.803566269966671,0.889242090986036,0.96628833713645,0.824530002662332,LOC111325671,1
GO:1990830,cellular response to leukemia inhibitory factor,1/230,71/7572,0.0140845070422535,0.463686466625842,-0.803566269966671,0.889242090986036,0.96628833713645,0.824530002662332,LOC111338817,1
GO:0048193,Golgi vesicle transport,5/230,254/7572,0.0196850393700787,0.648065730914071,-1.00975395860191,0.890687101660501,0.967421985024126,0.825497339905182,LOC111326934/LOC111321489/LOC111327334/LOC111344752/LOC111328207,5
GO:0007219,Notch signaling pathway,1/230,72/7572,0.0138888888888889,0.457246376811594,-0.818976987836671,0.892638214046056,0.967467275529363,0.825535986113532,LOC111329099,1
GO:0071219,cellular response to molecule of bacterial origin,1/230,72/7572,0.0138888888888889,0.457246376811594,-0.818976987836671,0.892638214046056,0.967467275529363,0.825535986113532,LOC111332158,1
GO:0097327,response to antineoplastic agent,1/230,72/7572,0.0138888888888889,0.457246376811594,-0.818976987836671,0.892638214046056,0.967467275529363,0.825535986113532,LOC111322288,1
GO:0008593,regulation of Notch signaling pathway,2/230,123/7572,0.016260162601626,0.535312831389184,-0.919597114947079,0.892737660392959,0.967467275529363,0.825535986113532,LOC111329099/LOC111333893,2
GO:0016241,regulation of macroautophagy,2/230,123/7572,0.016260162601626,0.535312831389184,-0.919597114947079,0.892737660392959,0.967467275529363,0.825535986113532,LOC111342143/LOC111342147,2
GO:0006839,mitochondrial transport,2/230,124/7572,0.0161290322580645,0.530995792426367,-0.931968209930592,0.895364702590363,0.969182833016143,0.826999864507567,LOC111346891/LOC111324621,2
GO:0046328,regulation of JNK cascade,2/230,124/7572,0.0161290322580645,0.530995792426367,-0.931968209930592,0.895364702590363,0.969182833016143,0.826999864507567,LOC111323862/LOC111333893,2
GO:0070555,response to interleukin-1,1/230,73/7572,0.0136986301369863,0.450982727814175,-0.834217146186636,0.895930642148644,0.969182833016143,0.826999864507567,LOC111325642,1
GO:0072091,regulation of stem cell proliferation,1/230,73/7572,0.0136986301369863,0.450982727814175,-0.834217146186636,0.895930642148644,0.969182833016143,0.826999864507567,LOC111333767,1
GO:0007034,vacuolar transport,2/230,125/7572,0.016,0.526747826086957,-0.944257185155857,0.897932029376941,0.970475909667717,0.828103241681843,LOC111342143/LOC111342147,2
GO:1903522,regulation of blood circulation,2/230,125/7572,0.016,0.526747826086957,-0.944257185155857,0.897932029376941,0.970475909667717,0.828103241681843,LOC111322288/LOC111326058,2
GO:0003341,cilium movement,1/230,74/7572,0.0135135135135135,0.444888366627497,-0.849291586353576,0.899122528040871,0.971326625178294,0.828829153850336,LOC111331389,1
GO:0007617,mating behavior,1/230,75/7572,0.0133333333333333,0.43895652173913,-0.864204942269837,0.902216929021212,0.973329144426726,0.830537895576573,LOC111334761,1
GO:0009063,amino acid catabolic process,1/230,75/7572,0.0133333333333333,0.43895652173913,-0.864204942269837,0.902216929021212,0.973329144426726,0.830537895576573,LOC111327210,1
GO:0035082,axoneme assembly,1/230,75/7572,0.0133333333333333,0.43895652173913,-0.864204942269837,0.902216929021212,0.973329144426726,0.830537895576573,LOC111331389,1
GO:0000122,negative regulation of transcription by RNA polymerase II,8/230,383/7572,0.02088772845953,0.687660347372006,-1.11026236637785,0.902750202180745,0.973329144426726,0.830537895576573,LOC111322288/LOC111338776/LOC111325851/LOC111326942/LOC111333767/LOC111324368/LOC111320928/LOC111344472,8
GO:0030031,cell projection assembly,7/230,343/7572,0.0204081632653061,0.67187222715173,-1.10073883605991,0.902997221199878,0.973329144426726,0.830537895576573,LOC111322288/LOC111335693/LOC111331389/LOC111333478/LOC111340398/LOC111339275/LOC111328517,7
GO:0000077,DNA damage checkpoint signaling,1/230,76/7572,0.0131578947368421,0.433180778032037,-0.878961652145865,0.90521680981688,0.974489150547607,0.831527724195195,LOC111340883,1
GO:0043467,regulation of generation of precursor metabolites and energy,1/230,76/7572,0.0131578947368421,0.433180778032037,-0.878961652145865,0.90521680981688,0.974489150547607,0.831527724195195,LOC111324410,1
GO:0045089,positive regulation of innate immune response,2/230,128/7572,0.015625,0.514402173913043,-0.98064515602722,0.905287470836793,0.974489150547607,0.831527724195195,LOC111325671/LOC111334113,2
GO:0044282,small molecule catabolic process,4/230,220/7572,0.0181818181818182,0.598577075098814,-1.06940968583466,0.906907187869004,0.97569967755787,0.832560662088198,LOC111335819/LOC111340366/LOC111327210/LOC111336425,4
GO:0003012,muscle system process,2/230,129/7572,0.0155038759689922,0.51041456016178,-0.992619242924459,0.907627607030577,0.97569967755787,0.832560662088198,LOC111328024/LOC111333735,2
GO:0048872,homeostasis of number of cells,2/230,129/7572,0.0155038759689922,0.51041456016178,-0.992619242924459,0.907627607030577,0.97569967755787,0.832560662088198,LOC111326654/LOC111339275,2
GO:0035264,multicellular organism growth,1/230,77/7572,0.012987012987013,0.42755505364201,-0.893565969344923,0.908125045374793,0.975798799313923,0.832645242289202,LOC111336828,1
GO:0003018,vascular process in circulatory system,1/230,78/7572,0.0128205128205128,0.422073578595318,-0.908021972515612,0.910944423568762,0.978312130438836,0.834789857762112,LOC111322288,1
GO:0003013,circulatory system process,3/230,178/7572,0.0168539325842697,0.55486077186126,-1.06365184428382,0.911682898963766,0.978312130438836,0.834789857762112,LOC111320871/LOC111322288/LOC111335321,3
GO:0045732,positive regulation of protein catabolic process,3/230,178/7572,0.0168539325842697,0.55486077186126,-1.06365184428382,0.911682898963766,0.978312130438836,0.834789857762112,LOC111326544/LOC111344752/LOC111340596,3
GO:0031570,DNA integrity checkpoint signaling,1/230,79/7572,0.0126582278481013,0.416730875068795,-0.922333575041909,0.913677647825392,0.980015935841222,0.836243708149181,LOC111340883,1
GO:0043547,positive regulation of GTPase activity,3/230,180/7572,0.0166666666666667,0.548695652173913,-1.0845713849993,0.915492845186922,0.98067388174582,0.836805130778039,LOC111327252/LOC111335693/LOC111333478,3
GO:1902532,negative regulation of intracellular signal transduction,7/230,352/7572,0.0198863636363636,0.654693675889328,-1.17419605324832,0.916289410271136,0.98067388174582,0.836805130778039,LOC111335693/LOC111327625/LOC111338776/LOC111323777/LOC111326819/LOC111325220/LOC111326058,7
GO:0006661,phosphatidylinositol biosynthetic process,1/230,80/7572,0.0125,0.411521739130435,-0.936504533864938,0.916327339671136,0.98067388174582,0.836805130778039,LOC111338817,1
GO:0006766,vitamin metabolic process,1/230,80/7572,0.0125,0.411521739130435,-0.936504533864938,0.916327339671136,0.98067388174582,0.836805130778039,LOC111330961,1
GO:0017156,calcium-ion regulated exocytosis,1/230,80/7572,0.0125,0.411521739130435,-0.936504533864938,0.916327339671136,0.98067388174582,0.836805130778039,LOC111335321,1
GO:0006468,protein phosphorylation,10/230,474/7572,0.0210970464135021,0.694551458447991,-1.21560528667892,0.918393903520901,0.98211347856923,0.83803353303337,LOC111328393/LOC111332158/LOC111324192/LOC111323862/LOC111322288/LOC111333478/LOC111339275/LOC111321593/LOC111338817/LOC111327558,10
GO:0006479,protein methylation,1/230,81/7572,0.0123456790123457,0.406441223832528,-0.950538457725725,0.918896041202855,0.98211347856923,0.83803353303337,LOC111321502,1
GO:1901796,regulation of signal transduction by p53 class mediator,1/230,81/7572,0.0123456790123457,0.406441223832528,-0.950538457725725,0.918896041202855,0.98211347856923,0.83803353303337,LOC111336999,1
GO:0002429,immune response-activating cell surface receptor signaling pathway,1/230,83/7572,0.0120481927710843,0.396647459402829,-0.978208940282324,0.923800258869838,0.985917897299172,0.841279828435034,LOC111325968,1
GO:0032006,regulation of TOR signaling,1/230,83/7572,0.0120481927710843,0.396647459402829,-0.978208940282324,0.923800258869838,0.985917897299172,0.841279828435034,LOC111333767,1
GO:0051403,stress-activated MAPK cascade,1/230,83/7572,0.0120481927710843,0.396647459402829,-0.978208940282324,0.923800258869838,0.985917897299172,0.841279828435034,LOC111323862,1
GO:0009267,cellular response to starvation,2/230,137/7572,0.0145985401459854,0.480609330371311,-1.08579363592616,0.924496390080219,0.985917897299172,0.841279828435034,LOC111325642/LOC111329755,2
GO:0009896,positive regulation of catabolic process,6/230,317/7572,0.0189274447949527,0.623124399945138,-1.21322763654428,0.925049159137816,0.985917897299172,0.841279828435034,LOC111346320/LOC111326544/LOC111320938/LOC111336999/LOC111344752/LOC111340596,6
GO:0048469,cell maturation,3/230,186/7572,0.0161290322580645,0.530995792426367,-1.14620397536772,0.926045271739385,0.985917897299172,0.841279828435034,LOC111327880/LOC111322288/LOC111336934,3
GO:0007618,mating,1/230,84/7572,0.0119047619047619,0.391925465838509,-0.991852042407547,0.926140483260269,0.985917897299172,0.841279828435034,LOC111334761,1
GO:0010508,positive regulation of autophagy,1/230,84/7572,0.0119047619047619,0.391925465838509,-0.991852042407547,0.926140483260269,0.985917897299172,0.841279828435034,LOC111336999,1
GO:0061062,regulation of nematode larval development,1/230,84/7572,0.0119047619047619,0.391925465838509,-0.991852042407547,0.926140483260269,0.985917897299172,0.841279828435034,LOC111326544,1
GO:0042391,regulation of membrane potential,3/230,188/7572,0.0159574468085106,0.525346901017576,-1.16638721964436,0.929286395627416,0.988489208418409,0.843473918006965,LOC111346891/LOC111323945/LOC111324532,3
GO:0008016,regulation of heart contraction,1/230,86/7572,0.0116279069767442,0.382810920121335,-1.01876941567943,0.93060840344042,0.988489208418409,0.843473918006965,LOC111326058,1
GO:0017148,negative regulation of translation,1/230,86/7572,0.0116279069767442,0.382810920121335,-1.01876941567943,0.93060840344042,0.988489208418409,0.843473918006965,LOC111320938,1
GO:0019722,calcium-mediated signaling,1/230,86/7572,0.0116279069767442,0.382810920121335,-1.01876941567943,0.93060840344042,0.988489208418409,0.843473918006965,LOC111323527,1
GO:1903037,regulation of leukocyte cell-cell adhesion,1/230,86/7572,0.0116279069767442,0.382810920121335,-1.01876941567943,0.93060840344042,0.988489208418409,0.843473918006965,LOC111333767,1
GO:0009451,RNA modification,1/230,87/7572,0.0114942528735632,0.378410794602699,-1.03204952626151,0.932740392113771,0.98987478844872,0.84465622794715,LOC111343122,1
GO:0071216,cellular response to biotic stimulus,1/230,87/7572,0.0114942528735632,0.378410794602699,-1.03204952626151,0.932740392113771,0.98987478844872,0.84465622794715,LOC111332158,1
GO:0018193,peptidyl-amino acid modification,9/230,448/7572,0.0200892857142857,0.661374223602485,-1.30776712697361,0.933910123417654,0.98987478844872,0.84465622794715,LOC111328393/LOC111324192/LOC111323862/LOC111322288/LOC111333478/LOC111339275/LOC111324368/LOC111321502/LOC111338817,9
GO:0007093,mitotic cell cycle checkpoint signaling,1/230,88/7572,0.0113636363636364,0.374110671936759,-1.04521430326246,0.934807153611945,0.98987478844872,0.84465622794715,LOC111340883,1
GO:0035303,regulation of dephosphorylation,1/230,88/7572,0.0113636363636364,0.374110671936759,-1.04521430326246,0.934807153611945,0.98987478844872,0.84465622794715,LOC111324410,1
GO:0042752,regulation of circadian rhythm,1/230,88/7572,0.0113636363636364,0.374110671936759,-1.04521430326246,0.934807153611945,0.98987478844872,0.84465622794715,LOC111343017,1
GO:0051251,positive regulation of lymphocyte activation,1/230,88/7572,0.0113636363636364,0.374110671936759,-1.04521430326246,0.934807153611945,0.98987478844872,0.84465622794715,LOC111333767,1
GO:0046395,carboxylic acid catabolic process,2/230,143/7572,0.013986013986014,0.460443903922165,-1.15284997444202,0.935201471644866,0.98987478844872,0.84465622794715,LOC111335819/LOC111327210,2
GO:0043549,regulation of kinase activity,8/230,410/7572,0.0195121951219512,0.64237539766702,-1.31775753718613,0.936744631528851,0.991072527557765,0.845678253974802,LOC111323862/LOC111322288/LOC111323945/LOC111328749/LOC111346320/LOC111327334/LOC111323636/LOC111326058,8
GO:0032388,positive regulation of intracellular transport,2/230,145/7572,0.0137931034482759,0.454092953523238,-1.17470641474205,0.938439669774313,0.991703431609631,0.846216601898059,LOC111331301/LOC111333767,2
GO:1903828,negative regulation of protein localization,1/230,90/7572,0.0111111111111111,0.365797101449275,-1.07120841679167,0.938752883383335,0.991703431609631,0.846216601898059,LOC111326544,1
GO:0051650,establishment of vesicle localization,3/230,195/7572,0.0153846153846154,0.506488294314381,-1.23568627581663,0.939632978260884,0.991703431609631,0.846216601898059,LOC111335321/LOC111321489/LOC111344752,3
GO:0032872,regulation of stress-activated MAPK cascade,2/230,146/7572,0.0136986301369863,0.450982727814175,-1.18554573943561,0.940000836907728,0.991703431609631,0.846216601898059,LOC111323862/LOC111333893,2
GO:0070302,regulation of stress-activated protein kinase signaling cascade,2/230,146/7572,0.0136986301369863,0.450982727814175,-1.18554573943561,0.940000836907728,0.991703431609631,0.846216601898059,LOC111323862/LOC111333893,2
GO:0001933,negative regulation of protein phosphorylation,4/230,242/7572,0.0165289256198347,0.544160977362558,-1.2755589883883,0.940488392172353,0.991703431609631,0.846216601898059,LOC111327625/LOC111323127/LOC111326819/LOC111325220,4
GO:0034249,negative regulation of amide metabolic process,1/230,91/7572,0.010989010989011,0.361777353081701,-1.08404280327357,0.940635646925414,0.991703431609631,0.846216601898059,LOC111320938,1
GO:0060359,response to ammonium ion,1/230,91/7572,0.010989010989011,0.361777353081701,-1.08404280327357,0.940635646925414,0.991703431609631,0.846216601898059,LOC111332158,1
GO:0045859,regulation of protein kinase activity,7/230,374/7572,0.018716577540107,0.616182283189956,-1.34737426682296,0.942376392366602,0.991890538470283,0.846376259439584,LOC111323862/LOC111322288/LOC111323945/LOC111328749/LOC111346320/LOC111323636/LOC111326058,7
GO:0001578,microtubule bundle formation,1/230,92/7572,0.0108695652173913,0.357844990548204,-1.09677196457903,0.942460777416946,0.991890538470283,0.846376259439584,LOC111331389,1
GO:0006892,post-Golgi vesicle-mediated transport,1/230,92/7572,0.0108695652173913,0.357844990548204,-1.09677196457903,0.942460777416946,0.991890538470283,0.846376259439584,LOC111326934,1
GO:0051100,negative regulation of binding,1/230,92/7572,0.0108695652173913,0.357844990548204,-1.09677196457903,0.942460777416946,0.991890538470283,0.846376259439584,LOC111322288,1
GO:0021700,developmental maturation,4/230,244/7572,0.0163934426229508,0.539700641482537,-1.29352820705701,0.942918775229643,0.991939017366964,0.846417626289698,LOC111327880/LOC111322288/LOC111336934/LOC111335321,4
GO:0002768,immune response-regulating cell surface receptor signaling pathway,1/230,93/7572,0.010752688172043,0.353997194950912,-1.10939821419909,0.944230031587281,0.992018287985241,0.846485267593631,LOC111325968,1
GO:0006260,DNA replication,1/230,93/7572,0.010752688172043,0.353997194950912,-1.10939821419909,0.944230031587281,0.992018287985241,0.846485267593631,LOC111322288,1
GO:0045727,positive regulation of translation,1/230,93/7572,0.010752688172043,0.353997194950912,-1.10939821419909,0.944230031587281,0.992018287985241,0.846485267593631,LOC111340883,1
GO:0051648,vesicle localization,3/230,199/7572,0.0150753768844221,0.496307625081931,-1.27439232909324,0.944900623268851,0.99223324678354,0.846668691083,LOC111335321/LOC111321489/LOC111344752,3
GO:1901987,regulation of cell cycle phase transition,4/230,246/7572,0.016260162601626,0.535312831389184,-1.31137870757717,0.945258749219868,0.99223324678354,0.846668691083,LOC111340883/LOC111331303/LOC111326058/LOC111333767,4
GO:0002790,peptide secretion,1/230,94/7572,0.0106382978723404,0.350231267345051,-1.12192378785778,0.945945112846129,0.992521059578858,0.846914280598851,LOC111338776,1
GO:0009306,protein secretion,1/230,96/7572,0.0104166666666667,0.342934782608696,-1.14668148195442,0.94921931329009,0.995522694426192,0.849475563699915,LOC111338776,1
GO:0043604,amide biosynthetic process,6/230,340/7572,0.0176470588235294,0.580971867007673,-1.39922250826839,0.950660267858071,0.995859965809266,0.849763356032386,LOC111326885/LOC111331664/LOC111346320/LOC111331622/LOC111326544/LOC111341830,6
GO:0017157,regulation of exocytosis,1/230,97/7572,0.0103092783505155,0.339399372478709,-1.15891771525378,0.950781586958265,0.995859965809266,0.849763356032386,LOC111332158,1
GO:0031032,actomyosin structure organization,1/230,97/7572,0.0103092783505155,0.339399372478709,-1.15891771525378,0.950781586958265,0.995859965809266,0.849763356032386,LOC111330631,1
GO:0031400,negative regulation of protein modification process,6/230,341/7572,0.0175953079178886,0.579268137192401,-1.40707343219313,0.951570979768029,0.996146293309608,0.85000767815193,LOC111327625/LOC111323127/LOC111340883/LOC111326819/LOC111325220/LOC111326058,6
GO:0040029,epigenetic regulation of gene expression,3/230,205/7572,0.0146341463414634,0.481781548250265,-1.33130578472318,0.952009911723472,0.996146293309608,0.85000767815193,LOC111321403/LOC111320938/LOC111330060,3
GO:0022406,membrane docking,1/230,98/7572,0.0102040816326531,0.335936113575865,-1.17106150434083,0.952295999667242,0.996146293309608,0.85000767815193,LOC111335321,1
GO:0045930,negative regulation of mitotic cell cycle,2/230,156/7572,0.0128205128205128,0.422073578595318,-1.29087247176779,0.953681305687774,0.996383401117367,0.850210001303156,LOC111340883/LOC111344634,2
GO:0009411,response to UV,1/230,99/7572,0.0101010101010101,0.332542819499341,-1.18311474445371,0.953764011451632,0.996383401117367,0.850210001303156,LOC111336999,1
GO:1901991,negative regulation of mitotic cell cycle phase transition,1/230,99/7572,0.0101010101010101,0.332542819499341,-1.18311474445371,0.953764011451632,0.996383401117367,0.850210001303156,LOC111340883,1
GO:0072659,protein localization to plasma membrane,1/230,100/7572,0.01,0.329217391304348,-1.19507927123086,0.955187037996009,0.99662402274413,0.850415322782192,LOC111328842,1
GO:2001242,regulation of intrinsic apoptotic signaling pathway,1/230,100/7572,0.01,0.329217391304348,-1.19507927123086,0.955187037996009,0.99662402274413,0.850415322782192,LOC111338776,1
GO:0043087,regulation of GTPase activity,3/230,208/7572,0.0144230769230769,0.474832775919732,-1.35927003286234,0.955235981932496,0.99662402274413,0.850415322782192,LOC111327252/LOC111335693/LOC111333478,3
GO:0018205,peptidyl-lysine modification,2/230,158/7572,0.0126582278481013,0.416730875068795,-1.31130763998422,0.956035266075245,0.99679067113841,0.850557523195566,LOC111324368/LOC111321502,2
GO:0055086,nucleobase-containing small molecule metabolic process,7/230,390/7572,0.0179487179487179,0.590903010033445,-1.46814597298016,0.956566242873451,0.99679067113841,0.850557523195566,LOC111346087/LOC111331664/LOC111346320/LOC111321593/LOC111331622/LOC111326058/LOC111341830,7
GO:0045862,positive regulation of proteolysis,4/230,257/7572,0.0155642023346304,0.512400609034004,-1.4075243017579,0.956637558555177,0.99679067113841,0.850557523195566,LOC111328749/LOC111323636/LOC111326544/LOC111344752,4
GO:0033157,regulation of intracellular protein transport,2/230,159/7572,0.0125786163522013,0.414109926168991,-1.32145096781968,0.957169058348519,0.996913102293786,0.850661993214491,LOC111331301/LOC111333767,2
GO:0031098,stress-activated protein kinase signaling cascade,1/230,102/7572,0.00980392156862745,0.322762148337596,-1.21874924414505,0.957903584360937,0.997246792538321,0.850946729775662,LOC111323862,1
GO:0050863,regulation of T cell activation,1/230,103/7572,0.00970873786407767,0.31962853524694,-1.23045808533571,0.959199725672448,0.998164623776687,0.85172991152828,LOC111333767,1
GO:0002694,regulation of leukocyte activation,2/230,162/7572,0.0123456790123457,0.406441223832528,-1.35159160307624,0.960405482980121,0.998503957071569,0.852019463281913,LOC111324532/LOC111333767,2
GO:0071478,cellular response to radiation,1/230,104/7572,0.00961538461538462,0.316555183946488,-1.24208500766566,0.960456127211521,0.998503957071569,0.852019463281913,LOC111336999,1
GO:0010952,positive regulation of peptidase activity,1/230,105/7572,0.00952380952380952,0.313540372670807,-1.25363158366753,0.961674002243839,0.998503957071569,0.852019463281913,LOC111344752,1
GO:0018105,peptidyl-serine phosphorylation,1/230,105/7572,0.00952380952380952,0.313540372670807,-1.25363158366753,0.961674002243839,0.998503957071569,0.852019463281913,LOC111322288,1
GO:0022900,electron transport chain,1/230,106/7572,0.00943396226415094,0.310582444626743,-1.26509933943418,0.962854527151287,0.998503957071569,0.852019463281913,LOC111324368,1
GO:0048489,synaptic vesicle transport,1/230,106/7572,0.00943396226415094,0.310582444626743,-1.26509933943418,0.962854527151287,0.998503957071569,0.852019463281913,LOC111335321,1
GO:1901988,negative regulation of cell cycle phase transition,1/230,106/7572,0.00943396226415094,0.310582444626743,-1.26509933943418,0.962854527151287,0.998503957071569,0.852019463281913,LOC111340883,1
GO:0042326,negative regulation of phosphorylation,4/230,265/7572,0.0150943396226415,0.496931911402789,-1.47541265319573,0.963502147743357,0.998503957071569,0.852019463281913,LOC111327625/LOC111323127/LOC111326819/LOC111325220,4
GO:0090257,regulation of muscle system process,1/230,107/7572,0.00934579439252336,0.307679804957334,-1.27648975644447,0.963998842548448,0.998503957071569,0.852019463281913,LOC111326058,1
GO:0097479,synaptic vesicle localization,1/230,107/7572,0.00934579439252336,0.307679804957334,-1.27648975644447,0.963998842548448,0.998503957071569,0.852019463281913,LOC111335321,1
GO:0045936,negative regulation of phosphate metabolic process,5/230,312/7572,0.016025641025641,0.527591973244147,-1.50820232463515,0.964087084797093,0.998503957071569,0.852019463281913,LOC111322288/LOC111327625/LOC111323127/LOC111326819/LOC111325220,5
GO:0007030,Golgi organization,1/230,108/7572,0.00925925925925926,0.304830917874396,-1.28780427330016,0.965108054365442,0.998702275424144,0.852188687544995,LOC111321593,1
GO:0009615,response to virus,1/230,108/7572,0.00925925925925926,0.304830917874396,-1.28780427330016,0.965108054365442,0.998702275424144,0.852188687544995,LOC111325671,1
GO:0010506,regulation of autophagy,3/230,220/7572,0.0136363636363636,0.448932806324111,-1.46806910593805,0.966223821495199,0.999427389244175,0.852807424289487,LOC111342143/LOC111336999/LOC111342147,3
GO:0016236,macroautophagy,1/230,110/7572,0.00909090909090909,0.299288537549407,-1.31021115640872,0.96722542382663,0.999604644023401,0.852958675089036,LOC111336999,1
GO:0030099,myeloid cell differentiation,1/230,110/7572,0.00909090909090909,0.299288537549407,-1.31021115640872,0.96722542382663,0.999604644023401,0.852958675089036,LOC111326654,1
GO:0016579,protein deubiquitination,2/230,170/7572,0.0117647058823529,0.387314578005115,-1.42994988892475,0.967932857254603,0.999790478182366,0.853117246639263,LOC111334113/LOC111330437,2
GO:0034250,positive regulation of amide metabolic process,1/230,111/7572,0.00900900900900901,0.296592244418331,-1.321306199967,0.968235629203188,0.999790478182366,0.853117246639263,LOC111340883,1
GO:0006091,generation of precursor metabolites and energy,3/230,225/7572,0.0133333333333333,0.43895652173913,-1.51204984679463,0.970008416228475,0.999999502298877,0.853295606088219,LOC111338776/LOC111324410/LOC111324368,3
GO:1901990,regulation of mitotic cell cycle phase transition,3/230,225/7572,0.0133333333333333,0.43895652173913,-1.51204984679463,0.970008416228475,0.999999502298877,0.853295606088219,LOC111340883/LOC111331303/LOC111333767,3
GO:0008015,blood circulation,2/230,173/7572,0.0115606936416185,0.38059814023624,-1.45862077174972,0.970385096219923,0.999999502298877,0.853295606088219,LOC111320871/LOC111322288,2
GO:1903052,positive regulation of proteolysis involved in protein catabolic process,1/230,114/7572,0.0087719298245614,0.288787185354691,-1.35417303088969,0.971083970042351,0.999999502298877,0.853295606088219,LOC111344752,1
GO:0006338,chromatin remodeling,1/230,115/7572,0.00869565217391304,0.286275992438563,-1.36499325399026,0.971975722105942,0.999999502298877,0.853295606088219,LOC111325851,1
GO:0007033,vacuole organization,1/230,116/7572,0.00862068965517241,0.283808095952024,-1.37574772503126,0.972840088998209,0.999999502298877,0.853295606088219,LOC111336999,1
GO:0010927,cellular component assembly involved in morphogenesis,1/230,117/7572,0.00854700854700855,0.281382385730212,-1.38643756250413,0.973677908141236,0.999999502298877,0.853295606088219,LOC111330631,1
GO:0016197,endosomal transport,2/230,179/7572,0.0111731843575419,0.367840660675249,-1.51487246545404,0.974760333558706,0.999999502298877,0.853295606088219,LOC111340366/LOC111333613,2
GO:0007088,regulation of mitotic nuclear division,1/230,119/7572,0.00840336134453782,0.276653270003654,-1.40762766465038,0.975277126146176,0.999999502298877,0.853295606088219,LOC111322288,1
GO:0120031,plasma membrane bounded cell projection assembly,5/230,331/7572,0.0151057401812689,0.497307237619861,-1.65520087253771,0.97573632193671,0.999999502298877,0.853295606088219,LOC111335693/LOC111331389/LOC111333478/LOC111340398/LOC111328517,5
GO:0051259,protein complex oligomerization,4/230,284/7572,0.0140845070422535,0.463686466625842,-1.63044853610994,0.975979538070707,0.999999502298877,0.853295606088219,LOC111320871/LOC111327252/LOC111336974/LOC111323527,4
GO:0040014,regulation of multicellular organism growth,1/230,120/7572,0.00833333333333333,0.274347826086957,-1.41813002330229,0.976040075426517,0.999999502298877,0.853295606088219,LOC111333901,1
GO:0071103,DNA conformation change,1/230,122/7572,0.00819672131147541,0.269850320741269,-1.43895439087293,0.977496355109196,0.999999502298877,0.853295606088219,LOC111321403,1
GO:0044089,positive regulation of cellular component biogenesis,5/230,335/7572,0.0149253731343284,0.491369240752758,-1.68530724833906,0.977692869673955,0.999999502298877,0.853295606088219,LOC111342023/LOC111333478/LOC111323777/LOC111326544/LOC111343646,5
GO:1903311,regulation of mRNA metabolic process,2/230,184/7572,0.0108695652173913,0.357844990548204,-1.56069735363509,0.977924662273977,0.999999502298877,0.853295606088219,LOC111343122/LOC111320938,2
GO:0034504,protein localization to nucleus,1/230,124/7572,0.00806451612903226,0.265497896213184,-1.45954471154501,0.978864483841177,0.999999502298877,0.853295606088219,LOC111330631,1
GO:0051338,regulation of transferase activity,8/230,474/7572,0.0168776371308017,0.555641166758393,-1.76843190714335,0.979337843711918,0.999999502298877,0.853295606088219,LOC111323862/LOC111322288/LOC111323945/LOC111328749/LOC111346320/LOC111327334/LOC111323636/LOC111326058,8
GO:2001252,positive regulation of chromosome organization,1/230,125/7572,0.008,0.263373913043478,-1.46975442211015,0.979517164925566,0.999999502298877,0.853295606088219,LOC111325851,1
GO:0051054,positive regulation of DNA metabolic process,1/230,127/7572,0.0078740157480315,0.259226292365628,-1.49000738157285,0.980762930579182,0.999999502298877,0.853295606088219,LOC111322288,1
GO:0007265,Ras protein signal transduction,1/230,129/7572,0.00775193798449612,0.25520728008089,-1.51004406100404,0.981933238182371,0.999999502298877,0.853295606088219,LOC111320871,1
GO:0051345,positive regulation of hydrolase activity,5/230,347/7572,0.0144092219020173,0.474376644530761,-1.77400082332403,0.982718101781259,0.999999502298877,0.853295606088219,LOC111327252/LOC111335693/LOC111333478/LOC111321403/LOC111344752,5
GO:0030705,cytoskeleton-dependent intracellular transport,1/230,131/7572,0.00763358778625954,0.25131098572851,-1.52987098215875,0.983032639601455,0.999999502298877,0.853295606088219,LOC111325968,1
GO:0016050,vesicle organization,3/230,249/7572,0.0120481927710843,0.396647459402829,-1.7134035141625,0.98323420060701,0.999999502298877,0.853295606088219,LOC111333613/LOC111321489/LOC111344752,3
GO:0051260,protein homooligomerization,2/230,196/7572,0.0102040816326531,0.335936113575865,-1.66709671393277,0.984035217876611,0.999999502298877,0.853295606088219,LOC111327252/LOC111323527,2
GO:1990778,protein localization to cell periphery,1/230,133/7572,0.0075187969924812,0.247531873161164,-1.54949436391766,0.984065413251585,0.999999502298877,0.853295606088219,LOC111328842,1
GO:0002831,regulation of response to biotic stimulus,1/230,134/7572,0.00746268656716418,0.245684620376379,-1.55923159274089,0.984558080942422,0.999999502298877,0.853295606088219,LOC111334113,1
GO:0042594,response to starvation,2/230,198/7572,0.0101010101010101,0.332542819499341,-1.68437113013908,0.984879757321347,0.999999502298877,0.853295606088219,LOC111325642/LOC111329755,2
GO:1902275,regulation of chromatin organization,1/230,136/7572,0.00735294117647059,0.242071611253197,-1.57856070895902,0.985498376811564,0.999999502298877,0.853295606088219,LOC111325851,1
GO:0006520,amino acid metabolic process,2/230,201/7572,0.0099502487562189,0.327579493835172,-1.71005123829408,0.986065965227372,0.999999502298877,0.853295606088219,LOC111333875/LOC111327210,2
GO:0099003,vesicle-mediated transport in synapse,1/230,139/7572,0.00719424460431655,0.236847044103847,-1.60720130154929,0.986802986755466,0.999999502298877,0.853295606088219,LOC111335321,1
GO:0051249,regulation of lymphocyte activation,1/230,140/7572,0.00714285714285714,0.235155279503106,-1.61665664459306,0.987211343145382,0.999999502298877,0.853295606088219,LOC111333767,1
GO:0010638,positive regulation of organelle organization,5/230,363/7572,0.0137741046831956,0.453467481135465,-1.88870947266401,0.987786093990213,0.999999502298877,0.853295606088219,LOC111322288/LOC111333478/LOC111331303/LOC111325851/LOC111340622,5
GO:0032386,regulation of intracellular transport,3/230,263/7572,0.0114068441064639,0.375533145974541,-1.82428058348798,0.988150705078245,0.999999502298877,0.853295606088219,LOC111344634/LOC111331301/LOC111333767,3
GO:0015980,energy derivation by oxidation of organic compounds,1/230,145/7572,0.00689655172413793,0.227046476761619,-1.6632748522037,0.98907193309252,0.999999502298877,0.853295606088219,LOC111324410,1
GO:1901605,alpha-amino acid metabolic process,1/230,146/7572,0.00684931506849315,0.225491363907088,-1.67247090427648,0.989410354445519,0.999999502298877,0.853295606088219,LOC111327210,1
GO:0007346,regulation of mitotic cell cycle,6/230,420/7572,0.0142857142857143,0.470310559006211,-1.97681286592152,0.98998666474631,0.999999502298877,0.853295606088219,LOC111322288/LOC111340883/LOC111321593/LOC111344634/LOC111331303/LOC111333767,6
GO:0010608,post-transcriptional regulation of gene expression,4/230,324/7572,0.0123456790123457,0.406441223832528,-1.93268241214779,0.990407409615086,0.999999502298877,0.853295606088219,LOC111343122/LOC111340883/LOC111320938/LOC111330060,4
GO:0043254,regulation of protein-containing complex assembly,3/230,273/7572,0.010989010989011,0.361777353081701,-1.9008821980923,0.99078216987186,0.999999502298877,0.853295606088219,LOC111332158/LOC111321894/LOC111330877,3
GO:0051783,regulation of nuclear division,1/230,151/7572,0.00662251655629139,0.21802476245321,-1.71784355378713,0.990952183731692,0.999999502298877,0.853295606088219,LOC111322288,1
GO:0043414,macromolecule methylation,1/230,152/7572,0.00657894736842105,0.216590389016018,-1.72680018925657,0.991232603855895,0.999999502298877,0.853295606088219,LOC111321502,1
GO:0007005,mitochondrion organization,3/230,281/7572,0.0106761565836299,0.351477641961937,-1.96073054722286,0.992473636059505,0.999999502298877,0.853295606088219,LOC111346891/LOC111324621/LOC111327210,3
GO:0051301,cell division,3/230,282/7572,0.0106382978723404,0.350231267345051,-1.96812623256054,0.99266277485343,0.999999502298877,0.853295606088219,LOC111323862/LOC111335662/LOC111333893,3
GO:0006417,regulation of translation,2/230,225/7572,0.00888888888888889,0.29263768115942,-1.90638894715727,0.992802816378867,0.999999502298877,0.853295606088219,LOC111340883/LOC111320938,2
GO:0007264,small GTPase-mediated signal transduction,1/230,165/7572,0.00606060606060606,0.199525691699605,-1.83993104946644,0.994179648289741,0.999999502298877,0.853295606088219,LOC111320871,1
GO:0031396,regulation of protein ubiquitination,1/230,165/7572,0.00606060606060606,0.199525691699605,-1.83993104946644,0.994179648289741,0.999999502298877,0.853295606088219,LOC111340883,1
GO:0010564,regulation of cell cycle process,6/230,447/7572,0.0134228187919463,0.441902538663554,-2.15280515775653,0.994395197141783,0.999999502298877,0.853295606088219,LOC111330205/LOC111322288/LOC111340883/LOC111331303/LOC111326058/LOC111333767,6
GO:0032259,methylation,1/230,168/7572,0.00595238095238095,0.195962732919255,-1.8652238739683,0.994705250776975,0.999999502298877,0.853295606088219,LOC111321502,1
GO:0015931,nucleobase-containing compound transport,1/230,170/7572,0.00588235294117647,0.193657289002558,-1.88192770487641,0.995029118170148,0.999999502298877,0.853295606088219,LOC111334761,1
GO:0010639,negative regulation of organelle organization,2/230,245/7572,0.00816326530612245,0.268748890860692,-2.05930102302458,0.995885679373266,0.999999502298877,0.853295606088219,LOC111321894/LOC111330877,2
GO:0045786,negative regulation of cell cycle,3/230,307/7572,0.00977198697068404,0.321710805834868,-2.14733413454186,0.99614590921472,0.999999502298877,0.853295606088219,LOC111340883/LOC111344634/LOC111336999,3
GO:0007018,microtubule-based movement,2/230,251/7572,0.00796812749003984,0.262324614585138,-2.10353770319919,0.996525976560989,0.999999502298877,0.853295606088219,LOC111331389/LOC111331219,2
GO:0010948,negative regulation of cell cycle process,1/230,182/7572,0.00549450549450549,0.18088867654085,-1.97965611388344,0.996597457759345,0.999999502298877,0.853295606088219,LOC111340883,1
GO:0000209,protein polyubiquitination,1/230,183/7572,0.00546448087431694,0.179900213827512,-1.98761726852658,0.996703355555739,0.999999502298877,0.853295606088219,LOC111338573,1
GO:0006403,RNA localization,1/230,191/7572,0.00523560209424084,0.172365126337355,-2.05036516166991,0.997440513948799,0.999999502298877,0.853295606088219,LOC111343122,1
GO:0008340,determination of adult lifespan,1/230,208/7572,0.00480769230769231,0.158277591973244,-2.17859758331877,0.998506615167313,0.999999502298877,0.853295606088219,LOC111329762,1
GO:0044782,cilium organization,2/230,282/7572,0.00709219858156028,0.233487511563367,-2.32173888994827,0.998563780790451,0.999999502298877,0.853295606088219,LOC111331389/LOC111331301,2
GO:0006325,chromatin organization,3/230,346/7572,0.00867052023121387,0.28544860517718,-2.40799673159207,0.998624948334267,0.999999502298877,0.853295606088219,LOC111321403/LOC111325851/LOC111324368,3
GO:0006605,protein targeting,1/230,216/7572,0.00462962962962963,0.152415458937198,-2.23677548071604,0.998841561286656,0.999999502298877,0.853295606088219,LOC111324410,1
GO:0006518,peptide metabolic process,3/230,354/7572,0.00847457627118644,0.278997789240973,-2.4590261067377,0.998890950535376,0.999999502298877,0.853295606088219,LOC111323911/LOC111326544/LOC111321502,3
GO:0051656,establishment of organelle localization,3/230,358/7572,0.00837988826815642,0.275880495506437,-2.48425996698444,0.999004407530832,0.999999502298877,0.853295606088219,LOC111335321/LOC111321489/LOC111344752,3
GO:0051052,regulation of DNA metabolic process,1/230,222/7572,0.00450450450450451,0.148296122209166,-2.27957976520729,0.999042653730589,0.999999502298877,0.853295606088219,LOC111322288,1
GO:0043161,proteasome-mediated ubiquitin-dependent protein catabolic process,1/230,228/7572,0.0043859649122807,0.144393592677346,-2.32171265501061,0.999208963849867,0.999999502298877,0.853295606088219,LOC111338573,1
GO:0010256,endomembrane system organization,2/230,314/7572,0.00636942675159236,0.209692605926336,-2.53154550499148,0.999431362446053,0.999999502298877,0.853295606088219,LOC111333613/LOC111321593,2
GO:0030163,protein catabolic process,3/230,389/7572,0.0077120822622108,0.253895160388957,-2.67396104169746,0.999572569268935,0.999999502298877,0.853295606088219,LOC111325671/LOC111333695/LOC111344752,3
GO:0033044,regulation of chromosome organization,1/230,252/7572,0.00396825396825397,0.13064182194617,-2.48414432888826,0.999631857359281,0.999999502298877,0.853295606088219,LOC111325851,1
GO:0051603,proteolysis involved in protein catabolic process,2/230,336/7572,0.00595238095238095,0.195962732919255,-2.66827071266457,0.999701574544341,0.999999502298877,0.853295606088219,LOC111333695/LOC111344752,2
GO:0016567,protein ubiquitination,2/230,359/7572,0.00557103064066852,0.183408017439748,-2.80561271336347,0.999848840720372,0.999999502298877,0.853295606088219,LOC111330113/LOC111334113,2
GO:0060271,cilium assembly,1/230,280/7572,0.00357142857142857,0.117577639751553,-2.66296550701802,0.999849661207101,0.999999502298877,0.853295606088219,LOC111331389,1
GO:0043043,peptide biosynthetic process,1/230,285/7572,0.00350877192982456,0.115514874141876,-2.69384082387045,0.99987192719545,0.999999502298877,0.853295606088219,LOC111326544,1
GO:0000226,microtubule cytoskeleton organization,2/230,391/7572,0.0051150895140665,0.16839764261092,-2.98844300955291,0.999941891944446,0.999999502298877,0.853295606088219,LOC111331389/LOC111334412,2
GO:0006259,DNA metabolic process,2/230,398/7572,0.0050251256281407,0.16543587502731,-3.0272892091476,0.99995292445761,0.999999502298877,0.853295606088219,LOC111322288/LOC111321403,2
GO:0051640,organelle localization,3/230,475/7572,0.00631578947368421,0.207926773455378,-3.15578993597089,0.999962015740833,0.999999502298877,0.853295606088219,LOC111335321/LOC111321489/LOC111344752,3
GO:0032446,protein modification by small protein conjugation,1/230,363/7572,0.00275482093663912,0.0906934962270931,-3.1423853987663,0.999989645083715,0.999999502298877,0.853295606088219,LOC111334113,1
GO:0016071,mRNA metabolic process,2/230,451/7572,0.00443458980044346,0.145994408560686,-3.30987690998886,0.999990585897959,0.999999502298877,0.853295606088219,LOC111343122/LOC111330060,2
GO:0006974,DNA damage response,1/230,403/7572,0.00248138957816377,0.0816916603732873,-3.353089242076,0.999997179545274,0.999999502298877,0.853295606088219,LOC111340883,1
GO:1903047,mitotic cell cycle process,1/230,456/7572,0.00219298245614035,0.0721967963386728,-3.61704298893057,0.999999502298877,0.999999502298877,0.853295606088219,LOC111340883,1
