ID,Description,GeneRatio,BgRatio,RichFactor,FoldEnrichment,zScore,pvalue,p.adjust,qvalue,geneID,Count
GO:0005615,extracellular space,58/257,409/8488,0.14180929095354522,4.683569111337322,13.491773274282464,3.771641033496352e-24,1.1345096228757027e-20,9.718923421051652e-21,LOC111327082/LOC111328748/LOC111328024/LOC111320817/LOC111336303/LOC111325642/LOC111320871/LOC111323911/LOC111340635/LOC111334934/LOC111336828/LOC111320952/LOC111320821/LOC111332308/LOC111327252/LOC111320822/LOC111325783/LOC111340891/LOC111335819/LOC111322288/LOC111328749/LOC111332789/LOC111333170/LOC111325671/LOC111343161/LOC111322400/LOC111327625/LOC111320842/LOC111322161/LOC111345144/LOC111321759/LOC111324983/LOC111321489/LOC111338418/LOC111320751/LOC111327334/LOC111325560/LOC111343966/LOC111336425/LOC111326819/LOC111321178/LOC111323636/LOC111328120/LOC111332138/LOC111333695/LOC111325220/LOC111344752/LOC111326942/LOC111328207/LOC111337168/LOC111324368/LOC111321502/LOC111329016/LOC111343646/LOC111324943/LOC111324400/LOC111340622/LOC111334472,58
GO:0031012,extracellular matrix,36/257,169/8488,0.21301775147928995,7.035387838740128,14.003298145080429,4.216444805431307e-21,6.341532987368686e-18,5.432556254576758e-18,LOC111320817/LOC111336303/LOC111320871/LOC111323911/LOC111334934/LOC111333735/LOC111320781/LOC111324935/LOC111320821/LOC111332308/LOC111320822/LOC111321843/LOC111340891/LOC111324993/LOC111335693/LOC111322400/LOC111327625/LOC111320842/LOC111322161/LOC111345144/LOC111321759/LOC111324983/LOC111321489/LOC111320751/LOC111322311/LOC111327334/LOC111321680/LOC111326819/LOC111331622/LOC111322256/LOC111325220/LOC111324368/LOC111324945/LOC111335667/LOC111324943/LOC111321308,36
GO:0030198,extracellular matrix organization,36/257,179/8488,0.2011173184357542,6.64234941199487,13.481228660021243,3.276039491536257e-20,3.28477559684702e-17,2.8139455000985114e-17,LOC111327880/LOC111328024/LOC111320817/LOC111336303/LOC111320871/LOC111334934/LOC111330856/LOC111320781/LOC111335366/LOC111324935/LOC111320821/LOC111332308/LOC111327252/LOC111320822/LOC111322288/LOC111324993/LOC111336934/LOC111335693/LOC111322400/LOC111327625/LOC111320842/LOC111321759/LOC111324983/LOC111321489/LOC111320751/LOC111321680/LOC111326819/LOC111331622/LOC111326544/LOC111325220/LOC111324368/LOC111324945/LOC111335667/LOC111324943/LOC111321308/LOC111328842,36
GO:0005201,extracellular matrix structural constituent,15/257,39/8488,0.38461538461538464,12.702783597725233,12.943036762266065,1.4418017535632312e-13,1.0842349186795499e-10,9.288238665059974e-11,LOC111320817/LOC111336303/LOC111320871/LOC111320781/LOC111320821/LOC111332308/LOC111320822/LOC111340891/LOC111322400/LOC111320820/LOC111320842/LOC111321759/LOC111321489/LOC111320751/LOC111321680,15
GO:0062023,collagen-containing extracellular matrix,22/257,103/8488,0.21359223300970873,7.054361376600808,10.923272817265723,2.678129511353052e-13,1.6111627140299964e-10,1.3802233776404781e-10,LOC111320817/LOC111336303/LOC111320871/LOC111340635/LOC111333735/LOC111320781/LOC111320821/LOC111332308/LOC111320822/LOC111321843/LOC111335693/LOC111322400/LOC111327625/LOC111320842/LOC111321759/LOC111321489/LOC111320751/LOC111322311/LOC111326819/LOC111322256/LOC111325220/LOC111324368,22
GO:0005604,basement membrane,19/257,80/8488,0.2375,7.84396887159533,10.867359384881004,1.5863743530737443e-12,7.953023423409705e-10,6.813060379516713e-10,LOC111320817/LOC111336303/LOC111333735/LOC111320781/LOC111320821/LOC111321843/LOC111335693/LOC111322400/LOC111327625/LOC111320842/LOC111321759/LOC111321489/LOC111320751/LOC111322311/LOC111326819/LOC111322256/LOC111332138/LOC111325220/LOC111324368,19
GO:0004222,metalloendopeptidase activity,17/257,85/8488,0.2,6.605447470817121,9.177405686973112,4.507799487245164e-10,1.9370658368047792e-7,1.6594125029738588e-7,LOC111327880/LOC111323911/LOC111325264/LOC111320816/LOC111333986/LOC111324935/LOC111324993/LOC111336934/LOC111324983/LOC111328588/LOC111342546/LOC111324945/LOC111321502/LOC111335667/LOC111324943/LOC111321308/LOC111322209,17
GO:0005581,collagen trimer,8/257,15/8488,0.5333333333333333,17.614526588845656,11.3797405173692,3.3952808121853384e-9,1.2766255853816872e-6,1.093637819503909e-6,LOC111320817/LOC111320871/LOC111320781/LOC111320821/LOC111320822/LOC111320842/LOC111321489/LOC111320751,8
GO:0048407,platelet-derived growth factor binding,7/257,12/8488,0.5833333333333334,19.265888456549938,11.188022011751999,1.4969145499146096e-8,5.003021073492384e-6,4.285902711334461e-6,LOC111320817/LOC111320871/LOC111320821/LOC111320822/LOC111322288/LOC111320842/LOC111320751,7
GO:0005788,endoplasmic reticulum lumen,20/257,155/8488,0.12903225806451613,4.2615790134304,7.241198021394294,3.789056045725744e-8,1.1397480585543039e-5,9.763799157828022e-6,LOC111320817/LOC111320871/LOC111323911/LOC111320781/LOC111320821/LOC111320822/LOC111322288/LOC111328749/LOC111325671/LOC111320842/LOC111321759/LOC111321489/LOC111320751/LOC111327334/LOC111321403/LOC111323636/LOC111326544/LOC111328120/LOC111344752/LOC111328207,20
GO:0098743,cell aggregation,8/257,20/8488,0.4,13.210894941634242,9.660273667822725,5.824896821099167e-8,1.5928445125332993e-5,1.3645308534019868e-5,LOC111327880/LOC111328024/LOC111320817/LOC111323862/LOC111320821/LOC111333478/LOC111320842/LOC111338817,8
GO:0019838,growth factor binding,14/257,79/8488,0.17721518987341772,5.852928138698715,7.657069547635801,8.194461900975919e-8,2.0540784498446304e-5,1.7596528713674603e-5,LOC111320817/LOC111336303/LOC111320871/LOC111320821/LOC111327252/LOC111320822/LOC111322288/LOC111335693/LOC111322400/LOC111333478/LOC111320842/LOC111345144/LOC111320751/LOC111326544,14
GO:0042330,taxis,32/257,394/8488,0.08121827411167512,2.6824152165754804,6.042505584551998,2.7964871230271404e-7,6.470640973896646e-5,5.5431582811096684e-5,LOC111327880/LOC111328024/LOC111328393/LOC111336303/LOC111332158/LOC111323862/LOC111342023/LOC111322288/LOC111328749/LOC111336934/LOC111335693/LOC111322400/LOC111327625/LOC111333478/LOC111333901/LOC111331664/LOC111323127/LOC111323777/LOC111345144/LOC111321759/LOC111323527/LOC111326819/LOC111323636/LOC111324532/LOC111325220/LOC111331301/LOC111333767/LOC111334761/LOC111331073/LOC111338912/LOC111327558/LOC111340622,32
GO:0001502,cartilage condensation,7/257,17/8488,0.4117647058823529,13.599450675211719,9.188108021499946,3.2265092822632437e-7,6.826892394389556e-5,5.8483456682060585e-5,LOC111327880/LOC111328024/LOC111320817/LOC111323862/LOC111320821/LOC111320842/LOC111338817,7
GO:1903035,negative regulation of response to wounding,10/257,42/8488,0.23809523809523808,7.863627941448953,7.878983701986323,3.4043678828405366e-7,6.826892394389556e-5,5.8483456682060585e-5,LOC111336303/LOC111342023/LOC111320952/LOC111322288/LOC111332789/LOC111322400/LOC111333901/LOC111327334/LOC111330961/LOC111321308,10
GO:0008045,motor neuron axon guidance,13/257,77/8488,0.16883116883116883,5.5760270857547125,7.127340290457108,4.332179644045814e-7,8.14449773080613e-5,6.977089321463258e-5,LOC111327880/LOC111328024/LOC111328393/LOC111332158/LOC111342023/LOC111336934/LOC111333478/LOC111333901/LOC111323777/LOC111345144/LOC111341532/LOC111342215/LOC111338912,13
GO:0030545,signaling receptor regulator activity,10/257,47/8488,0.2127659574468085,7.027071777465022,7.3210893013243,1.0482022409840431e-6,1.8547013769882361e-4,1.5888539231758127e-4,LOC111336303/LOC111325642/LOC111329099/LOC111322288/LOC111328749/LOC111322400/LOC111327334/LOC111323636/LOC111343646/LOC111338817,10
GO:0017171,serine hydrolase activity,11/257,61/8488,0.18032786885245902,5.9557313261465845,6.863624813193121,1.7305539910500673e-6,2.6772249477436327e-4,2.2934793785261805e-4,LOC111327880/LOC111320952/LOC111328749/LOC111336934/LOC111338418/LOC111327334/LOC111323636/LOC111326544/LOC111333695/LOC111344752/LOC111328207,11
GO:0008083,growth factor activity,7/257,21/8488,0.3333333333333333,11.009079118028533,8.114398862371942,1.7383657329782925e-6,2.6772249477436327e-4,2.2934793785261805e-4,LOC111325642/LOC111329099/LOC111322288/LOC111327334/LOC111336488/LOC111343646/LOC111338817,7
GO:0072376,protein activation cascade,6/257,14/8488,0.42857142857142855,14.154530294608113,8.703871995014573,1.780069779084862e-6,2.6772249477436327e-4,2.2934793785261805e-4,LOC111327252/LOC111328749/LOC111338418/LOC111327334/LOC111323636/LOC111328207,6
GO:0033273,response to vitamin,10/257,50/8488,0.2,6.605447470817121,7.02413565965211,1.919362381235631e-6,2.7186374226698156e-4,2.3289559107977705e-4,LOC111320817/LOC111320821/LOC111327625/LOC111320842/LOC111338776/LOC111326819/LOC111331303/LOC111333893/LOC111325220/LOC111326058,10
GO:0006935,chemotaxis,28/257,348/8488,0.08045977011494253,2.6573639250413703,5.5784386730180815,1.9883651362611683e-6,2.7186374226698156e-4,2.3289559107977705e-4,LOC111327880/LOC111328024/LOC111328393/LOC111336303/LOC111332158/LOC111323862/LOC111342023/LOC111322288/LOC111328749/LOC111336934/LOC111335693/LOC111322400/LOC111333478/LOC111333901/LOC111331664/LOC111323127/LOC111323777/LOC111345144/LOC111321759/LOC111323527/LOC111323636/LOC111324532/LOC111331301/LOC111333767/LOC111331073/LOC111338912/LOC111327558/LOC111340622,28
GO:0038023,signaling receptor activity,25/257,293/8488,0.08532423208191127,2.818023665024369,5.595980922138886,2.5512933055899324e-6,3.336647940528051e-4,2.8583826142261577e-4,LOC111345835/LOC111328393/LOC111324192/LOC111323862/LOC111342023/LOC111343017/LOC111323945/LOC111336974/LOC111335693/LOC111333478/LOC111333901/LOC111337453/LOC111323777/LOC111345144/LOC111339275/LOC111342143/LOC111327334/LOC111321593/LOC111333893/LOC111324532/LOC111322245/LOC111337462/LOC111340596/LOC111340622/LOC111342147,25
GO:0008236,serine-type peptidase activity,11/257,65/8488,0.16923076923076924,5.589224782999103,6.562660986886692,3.3280034040977305e-6,4.1023708262462425e-4,3.5143490280832866e-4,LOC111327880/LOC111320952/LOC111328749/LOC111336934/LOC111338418/LOC111327334/LOC111323636/LOC111326544/LOC111333695/LOC111344752/LOC111328207,11
GO:0008237,metallopeptidase activity,13/257,92/8488,0.14130434782608695,4.666892234816443,6.24846307073091,3.511193263417534e-6,4.1023708262462425e-4,3.5143490280832866e-4,LOC111327880/LOC111323911/LOC111320816/LOC111333986/LOC111324935/LOC111324993/LOC111336934/LOC111324983/LOC111342546/LOC111324945/LOC111321502/LOC111335667/LOC111324943,13
GO:0071711,basement membrane organization,8/257,32/8488,0.25,8.256809338521402,7.267006969922205,3.5459322301330554e-6,4.1023708262462425e-4,3.5143490280832866e-4,LOC111336303/LOC111330856/LOC111322400/LOC111327625/LOC111321759/LOC111320751/LOC111326819/LOC111325220,8
GO:0004867,serine-type endopeptidase inhibitor activity,7/257,24/8488,0.2916666666666667,9.632944228274969,7.483316102893012,4.785946409403711e-6,5.141473856959415e-4,4.404510079030182e-4,LOC111345232/LOC111330856/LOC111327252/LOC111343161/LOC111343966/LOC111326544/LOC111334472,7
GO:0030574,collagen catabolic process,7/257,24/8488,0.2916666666666667,9.632944228274969,7.483316102893012,4.785946409403711e-6,5.141473856959415e-4,4.404510079030182e-4,LOC111324935/LOC111324993/LOC111324983/LOC111326544/LOC111333695/LOC111324945/LOC111324943,7
GO:0035336,long-chain fatty-acyl-CoA metabolic process,5/257,10/8488,0.5,16.513618677042803,8.67328801144057,5.447409684300263e-6,5.650278734612135e-4,4.840384358318346e-4,LOC111346087/LOC111331664/LOC111346320/LOC111331622/LOC111341830,5
GO:0048018,receptor ligand activity,8/257,34/8488,0.23529411764705882,7.771114671549554,6.99013989572382,5.807376082033503e-6,5.822862418252259e-4,4.98823040309404e-4,LOC111325642/LOC111329099/LOC111322288/LOC111328749/LOC111327334/LOC111323636/LOC111343646/LOC111338817,8
GO:0004866,endopeptidase inhibitor activity,9/257,45/8488,0.2,6.605447470817121,6.661706753775486,6.342330922540167e-6,6.154106908064781e-4,5.271995279585171e-4,LOC111328748/LOC111330856/LOC111327252/LOC111328749/LOC111327625/LOC111326819/LOC111323636/LOC111326544/LOC111325220,9
GO:0007411,axon guidance,23/257,276/8488,0.08333333333333333,2.752269779507133,5.229358350033448,9.695485275598102e-6,9.113756159062215e-4,7.80741709035005e-4,LOC111327880/LOC111328024/LOC111328393/LOC111336303/LOC111332158/LOC111329099/LOC111323862/LOC111342023/LOC111336934/LOC111335693/LOC111322400/LOC111333478/LOC111333901/LOC111331664/LOC111323777/LOC111345144/LOC111321759/LOC111331301/LOC111333767/LOC111331073/LOC111338912/LOC111327558/LOC111340622,23
GO:0031983,vesicle lumen,18/257,186/8488,0.0967741935483871,3.1961842600728003,5.351200754189765,1.2555169617451953e-5,0.0011444227336150144,9.803845366354827e-4,LOC111346891/LOC111327418/LOC111327252/LOC111322288/LOC111328749/LOC111333170/LOC111325671/LOC111327625/LOC111325560/LOC111329755/LOC111336425/LOC111326819/LOC111323636/LOC111325220/LOC111344752/LOC111326942/LOC111329016/LOC111322259,18
GO:0008038,neuron recognition,12/257,89/8488,0.1348314606741573,4.453110654483452,5.786408233984588,1.3715660142251293e-5,0.001196197424594643,0.0010247379953134401,LOC111327880/LOC111328024/LOC111332158/LOC111336934/LOC111335693/LOC111335321/LOC111333478/LOC111333901/LOC111345144/LOC111326544/LOC111338912/LOC111340622,12
GO:0061448,connective tissue development,13/257,104/8488,0.125,4.128404669260701,5.671936004831722,1.3918520565429692e-5,0.001196197424594643,0.0010247379953134401,LOC111327880/LOC111328024/LOC111320817/LOC111330631/LOC111323862/LOC111320821/LOC111322288/LOC111341087/LOC111333478/LOC111320842/LOC111325851/LOC111344472/LOC111338817,13
GO:0004175,endopeptidase activity,16/257,155/8488,0.1032258064516129,3.40926321074432,5.348928210177215,1.7202803918661478e-5,0.001437389838537048,0.0012313585962831373,LOC111327880/LOC111323911/LOC111320816/LOC111320952/LOC111333986/LOC111328749/LOC111336934/LOC111338418/LOC111327334/LOC111323636/LOC111326544/LOC111342546/LOC111333695/LOC111344752/LOC111328207/LOC111321502,16
GO:1903034,regulation of response to wounding,13/257,107/8488,0.12149532710280374,4.012655005636568,5.541288116709583,1.9008948600549207e-5,0.0015309514842375932,0.001311509390192339,LOC111328393/LOC111336303/LOC111342023/LOC111320952/LOC111322288/LOC111332789/LOC111322400/LOC111333901/LOC111323127/LOC111320751/LOC111327334/LOC111330961/LOC111321308,13
GO:0050900,leukocyte migration,12/257,92/8488,0.13043478260869565,4.307900524445948,5.6367334912111415,1.9340477526937678e-5,0.0015309514842375932,0.001311509390192339,LOC111320871/LOC111323862/LOC111322288/LOC111328749/LOC111333170/LOC111335693/LOC111325671/LOC111326654/LOC111323527/LOC111323636/LOC111324532/LOC111328842,12
GO:0097485,neuron projection guidance,22/257,269/8488,0.08178438661710037,2.701112348661276,5.00976101569582,2.0467276225014567e-5,0.0015786042790985593,0.0013523317732479262,LOC111327880/LOC111328024/LOC111328393/LOC111336303/LOC111332158/LOC111323862/LOC111342023/LOC111336934/LOC111335693/LOC111322400/LOC111333478/LOC111333901/LOC111331664/LOC111323777/LOC111345144/LOC111321759/LOC111331301/LOC111333767/LOC111331073/LOC111338912/LOC111327558/LOC111340622,22
GO:0051216,cartilage development,11/257,79/8488,0.13924050632911392,4.598729251834704,5.6781636523055115,2.309435892518812e-5,0.0017366957911741467,0.0014877629118121188,LOC111327880/LOC111328024/LOC111320817/LOC111323862/LOC111320821/LOC111341087/LOC111333478/LOC111320842/LOC111325851/LOC111344472/LOC111338817,11
GO:0001501,skeletal system development,19/257,214/8488,0.08878504672897196,2.9323248118113385,5.058789642813921,2.460806307653304e-5,0.0017866214408009202,0.0015305323652997803,LOC111327880/LOC111328024/LOC111320817/LOC111330631/LOC111329099/LOC111320871/LOC111323862/LOC111320821/LOC111320822/LOC111341087/LOC111333478/LOC111320842/LOC111340883/LOC111321680/LOC111325851/LOC111331301/LOC111333767/LOC111344472/LOC111338817,19
GO:0009611,response to wounding,24/257,313/8488,0.07667731629392971,2.5324399249139122,4.881228161720872,2.4946177032459657e-5,0.0017866214408009202,0.0015305323652997803,LOC111332158/LOC111325642/LOC111329099/LOC111320871/LOC111323911/LOC111327252/LOC111320822/LOC111322288/LOC111328749/LOC111327625/LOC111333478/LOC111338776/LOC111340398/LOC111321759/LOC111327334/LOC111326819/LOC111323636/LOC111331303/LOC111328517/LOC111333893/LOC111325851/LOC111333695/LOC111325220/LOC111328207,24
GO:0030199,collagen fibril organization,6/257,21/8488,0.2857142857142857,9.436353529738742,6.839384190796885,2.6895788430870842e-5,0.0018814542232571973,0.0016117720949515744,LOC111320817/LOC111320871/LOC111320821/LOC111320822/LOC111320842/LOC111324368,6
GO:0004888,transmembrane signaling receptor activity,19/257,218/8488,0.0871559633027523,2.8785206868239746,4.9648809120414015,3.18750059031666e-5,0.002179091312652844,0.0018667467571998047,LOC111324192/LOC111323862/LOC111342023/LOC111343017/LOC111323945/LOC111336974/LOC111335693/LOC111325186/LOC111333478/LOC111333901/LOC111323777/LOC111345144/LOC111339275/LOC111342143/LOC111333893/LOC111324532/LOC111322245/LOC111340622/LOC111342147,19
GO:0005775,vacuolar lumen,13/257,114/8488,0.11403508771929824,3.7662639087992353,5.254082887731703,3.7659842814713365e-5,0.0025039358770012413,0.0021450290547659007,LOC111346891/LOC111328749/LOC111333170/LOC111325671/LOC111322266/LOC111325560/LOC111336425/LOC111323636/LOC111322261/LOC111333695/LOC111344752/LOC111326942/LOC111329016,13
GO:0042476,odontogenesis,10/257,69/8488,0.14492753623188406,4.786556138273276,5.580280790127414,3.829157258712004e-5,0.0025039358770012413,0.0021450290547659007,LOC111329099/LOC111320871/LOC111336974/LOC111335693/LOC111326654/LOC111321759/LOC111333767/LOC111328842/LOC111344472/LOC111338817,10
GO:0004252,serine-type endopeptidase activity,11/257,84/8488,0.13095238095238096,4.324995367796925,5.41134256333087,4.152515663567936e-5,0.002657610024683479,0.0022766760009886467,LOC111327880/LOC111320952/LOC111328749/LOC111336934/LOC111338418/LOC111327334/LOC111323636/LOC111326544/LOC111333695/LOC111344752/LOC111328207,11
GO:0048667,cell morphogenesis involved in neuron differentiation,30/257,458/8488,0.06550218340611354,2.1633561585645595,4.522775402141615,4.981735402508075e-5,0.0031190601905105282,0.002671983253908795,LOC111327880/LOC111328024/LOC111328393/LOC111336303/LOC111332158/LOC111325642/LOC111323862/LOC111342023/LOC111324621/LOC111336974/LOC111336934/LOC111335693/LOC111322400/LOC111333478/LOC111333901/LOC111331664/LOC111323777/LOC111345144/LOC111321759/LOC111326544/LOC111333893/LOC111331301/LOC111326058/LOC111333767/LOC111330060/LOC111331073/LOC111333334/LOC111338912/LOC111327558/LOC111340622,30
GO:0061564,axon development,26/257,370/8488,0.07027027027027027,2.3208328951519612,4.590305358908398,5.119488449895512e-5,0.0031190601905105282,0.002671983253908795,LOC111327880/LOC111328024/LOC111328393/LOC111336303/LOC111332158/LOC111323862/LOC111342023/LOC111324621/LOC111336934/LOC111335693/LOC111322400/LOC111333478/LOC111333901/LOC111331664/LOC111323777/LOC111345144/LOC111321759/LOC111328517/LOC111333893/LOC111331301/LOC111333767/LOC111331073/LOC111333334/LOC111338912/LOC111327558/LOC111340622,26
GO:0035108,limb morphogenesis,11/257,86/8488,0.12790697674418605,4.22441408017374,5.310385605650244,5.184608029439043e-5,0.0031190601905105282,0.002671983253908795,LOC111328024/LOC111320817/LOC111329099/LOC111323862/LOC111320821/LOC111336974/LOC111320842/LOC111340883/LOC111321680/LOC111333767/LOC111338817,11
GO:0048858,cell projection morphogenesis,31/257,484/8488,0.0640495867768595,2.1153809049104413,4.4648791450320635,5.664859240730347e-5,0.0033411561953170356,0.002862244669000596,LOC111327880/LOC111328024/LOC111328393/LOC111336303/LOC111332158/LOC111325642/LOC111323862/LOC111342023/LOC111324621/LOC111336974/LOC111336934/LOC111335693/LOC111322400/LOC111333478/LOC111333901/LOC111331664/LOC111323777/LOC111340398/LOC111345144/LOC111321759/LOC111326544/LOC111328517/LOC111333893/LOC111331301/LOC111333767/LOC111330060/LOC111331073/LOC111333334/LOC111338912/LOC111327558/LOC111340622,31
GO:0010469,regulation of signaling receptor activity,11/257,87/8488,0.12643678160919541,4.175857596493582,5.261051057442097,5.778490405858163e-5,0.0033426344501579527,0.0028635110351297134,LOC111336303/LOC111325642/LOC111329099/LOC111322288/LOC111328749/LOC111322400/LOC111333478/LOC111327334/LOC111323636/LOC111343646/LOC111338817,11
GO:0007409,axonogenesis,25/257,353/8488,0.0708215297450425,2.3390394726689525,4.540663469696868,6.327016716375439e-5,0.0035908804307277966,0.003076174165181147,LOC111327880/LOC111328024/LOC111328393/LOC111336303/LOC111332158/LOC111323862/LOC111342023/LOC111324621/LOC111336934/LOC111335693/LOC111322400/LOC111333478/LOC111333901/LOC111331664/LOC111323777/LOC111345144/LOC111321759/LOC111333893/LOC111331301/LOC111333767/LOC111331073/LOC111333334/LOC111338912/LOC111327558/LOC111340622,25
GO:0060173,limb development,12/257,104/8488,0.11538461538461539,3.81083507931757,5.096168295194671,6.676469989142016e-5,0.0037190410606183673,0.0031859646263975934,LOC111328024/LOC111320817/LOC111329099/LOC111323862/LOC111320821/LOC111336974/LOC111335693/LOC111320842/LOC111340883/LOC111321680/LOC111333767/LOC111338817,12
GO:0042475,odontogenesis of dentin-containing tooth,8/257,47/8488,0.1702127659574468,5.621657421972017,5.613931268065399,7.152171976304529e-5,0.003844373133787991,0.003293331967914684,LOC111329099/LOC111336974/LOC111335693/LOC111326654/LOC111333767/LOC111328842/LOC111344472/LOC111338817,8
GO:0034774,secretory granule lumen,16/257,174/8488,0.09195402298850575,3.036987342904423,4.797061722226953,7.157077642690409e-5,0.003844373133787991,0.003293331967914684,LOC111346891/LOC111327418/LOC111327252/LOC111322288/LOC111328749/LOC111333170/LOC111327625/LOC111325560/LOC111336425/LOC111326819/LOC111323636/LOC111325220/LOC111344752/LOC111326942/LOC111329016/LOC111322259,16
GO:0050922,negative regulation of chemotaxis,5/257,16/8488,0.3125,10.321011673151752,6.593977054263869,8.129621071298898e-5,0.004274070580169941,0.003661437843034721,LOC111328749/LOC111333478/LOC111333901/LOC111323636/LOC111340622,5
GO:0032102,negative regulation of response to external stimulus,14/257,140/8488,0.1,3.3027237354085606,4.85436018462228,8.241226517614914e-5,0.004274070580169941,0.003661437843034721,LOC111336303/LOC111342023/LOC111320952/LOC111322288/LOC111328749/LOC111332789/LOC111322400/LOC111333478/LOC111333901/LOC111327334/LOC111323636/LOC111324532/LOC111321308/LOC111340622,14
GO:0005319,lipid transporter activity,8/257,49/8488,0.16326530612244897,5.392202016993567,5.448189633513731,9.734205489065374e-5,0.004962794934086211,0.004251442468730069,LOC111337480/LOC111325671/LOC111337489/LOC111323127/LOC111342143/LOC111321178/LOC111334900/LOC111342147,8
GO:0035578,azurophil granule lumen,9/257,63/8488,0.14285714285714285,4.718176764869371,5.233987902102061,1.0524237062860556e-4,0.005276150847514092,0.0045198828648916915,LOC111346891/LOC111328749/LOC111333170/LOC111325560/LOC111336425/LOC111323636/LOC111344752/LOC111326942/LOC111329016,9
GO:0007155,cell adhesion,20/257,260/8488,0.07692307692307693,2.5405567195450462,4.457943777840778,1.1556444533004229e-4,0.005687044967569752,0.004871880627313393,LOC111328024/LOC111332158/LOC111323911/LOC111334934/LOC111320822/LOC111335693/LOC111335321/LOC111327625/LOC111333478/LOC111333901/LOC111323127/LOC111323777/LOC111321759/LOC111326819/LOC111333893/LOC111332138/LOC111325220/LOC111334412/LOC111324368/LOC111340622,20
GO:0048812,neuron projection morphogenesis,30/257,480/8488,0.0625,2.0642023346303504,4.241311359668252,1.1721967685815313e-4,0.005687044967569752,0.004871880627313393,LOC111327880/LOC111328024/LOC111328393/LOC111336303/LOC111332158/LOC111325642/LOC111323862/LOC111342023/LOC111324621/LOC111336974/LOC111336934/LOC111335693/LOC111322400/LOC111333478/LOC111333901/LOC111331664/LOC111323777/LOC111340398/LOC111345144/LOC111321759/LOC111326544/LOC111333893/LOC111331301/LOC111333767/LOC111330060/LOC111331073/LOC111333334/LOC111338912/LOC111327558/LOC111340622,30
GO:0007162,negative regulation of cell adhesion,12/257,111/8488,0.10810810810810811,3.570512146387633,4.816751640346725,1.2625081623320617e-4,0.006027975479833082,0.00516394316021535,LOC111330856/LOC111342023/LOC111327625/LOC111323777/LOC111345144/LOC111321759/LOC111326819/LOC111333893/LOC111325220/LOC111333767/LOC111321308/LOC111340622,12
GO:0048565,digestive tract development,15/257,165/8488,0.09090909090909091,3.002476123098691,4.589725720324634,1.3696073749370878e-4,0.006370555423383653,0.005457418699763151,LOC111324192/LOC111333986/LOC111320822/LOC111322288/LOC111335693/LOC111326654/LOC111338776/LOC111321759/LOC111339275/LOC111320751/LOC111342546/LOC111331301/LOC111333767/LOC111343646/LOC111344472,15
GO:0008037,cell recognition,12/257,112/8488,0.10714285714285714,3.5386325736520283,4.778679315759063,1.3766160323136218e-4,0.006370555423383653,0.005457418699763151,LOC111327880/LOC111328024/LOC111332158/LOC111336934/LOC111335693/LOC111335321/LOC111333478/LOC111333901/LOC111345144/LOC111326544/LOC111338912/LOC111340622,12
GO:0060326,cell chemotaxis,8/257,52/8488,0.15384615384615385,5.0811134390900925,5.215901902233914,1.5017702075567383e-4,0.006742275797508461,0.005775857766062679,LOC111322288/LOC111328749/LOC111333478/LOC111323127/LOC111323527/LOC111323636/LOC111324532/LOC111340622,8
GO:0060840,artery development,8/257,52/8488,0.15384615384615385,5.0811134390900925,5.215901902233914,1.5017702075567383e-4,0.006742275797508461,0.005775857766062679,LOC111320822/LOC111325671/LOC111333478/LOC111340366/LOC111340883/LOC111333767/LOC111340596/LOC111344472,8
GO:0060021,roof of mouth development,7/257,40/8488,0.175,5.77976653696498,5.35398425178555,1.703158401665515e-4,0.007511833614107717,0.006435109423059802,LOC111320817/LOC111329099/LOC111320821/LOC111320842/LOC111333893/LOC111333767/LOC111344472,7
GO:1905954,positive regulation of lipid localization,8/257,53/8488,0.1509433962264151,4.9852433742016,5.142420680825253,1.7231267266404004e-4,0.007511833614107717,0.006435109423059802,LOC111319860/LOC111328749/LOC111325671/LOC111331664/LOC111346320/LOC111321178/LOC111323636/LOC111340596,8
GO:0009725,response to hormone,30/257,494/8488,0.06072874493927125,2.0057026733250365,4.069755970474888,1.9498751124166265e-4,0.008378891911641732,0.007177886128114138,LOC111320817/LOC111325642/LOC111320871/LOC111320952/LOC111320821/LOC111327252/LOC111322288/LOC111328749/LOC111332789/LOC111325671/LOC111327625/LOC111320842/LOC111323127/LOC111338776/LOC111329762/LOC111339275/LOC111342143/LOC111346320/LOC111327334/LOC111325560/LOC111326819/LOC111323636/LOC111331303/LOC111333893/LOC111336999/LOC111333695/LOC111325220/LOC111326058/LOC111328842/LOC111342147,30
GO:1903317,regulation of protein maturation,8/257,55/8488,0.14545454545454545,4.803961796957905,5.000849712757782,2.2466193989980907e-4,0.00918682709457483,0.00787001425235134,LOC111327252/LOC111328749/LOC111340883/LOC111338418/LOC111327334/LOC111344634/LOC111323636/LOC111326544,8
GO:0007584,response to nutrient,14/257,154/8488,0.09090909090909091,3.002476123098691,4.431169069304152,2.2852163171770113e-4,0.00918682709457483,0.00787001425235134,LOC111320817/LOC111320821/LOC111327252/LOC111327625/LOC111320842/LOC111331664/LOC111338776/LOC111346320/LOC111326819/LOC111331303/LOC111333893/LOC111328120/LOC111325220/LOC111326058,14
GO:0030195,negative regulation of blood coagulation,4/257,11/8488,0.36363636363636365,12.009904492394764,6.456187944299878,2.2905985109478467e-4,0.00918682709457483,0.00787001425235134,LOC111320952/LOC111322288/LOC111327334/LOC111321308,4
GO:0050819,negative regulation of coagulation,4/257,11/8488,0.36363636363636365,12.009904492394764,6.456187944299878,2.2905985109478467e-4,0.00918682709457483,0.00787001425235134,LOC111320952/LOC111322288/LOC111327334/LOC111321308,4
GO:1900047,negative regulation of hemostasis,4/257,11/8488,0.36363636363636365,12.009904492394764,6.456187944299878,2.2905985109478467e-4,0.00918682709457483,0.00787001425235134,LOC111320952/LOC111322288/LOC111327334/LOC111321308,4
GO:0042472,inner ear morphogenesis,9/257,70/8488,0.12857142857142856,4.246359088382435,4.819017215946967,2.404529152879026e-4,0.009516873278763303,0.008152752584830825,LOC111320817/LOC111330631/LOC111323862/LOC111320821/LOC111320842/LOC111333893/LOC111331301/LOC111326058/LOC111344472,9
GO:0006869,lipid transport,11/257,102/8488,0.10784313725490197,3.561760891126879,4.5991609691688575,2.463106987433739e-4,0.009622111452208683,0.008242906227256038,LOC111337480/LOC111325671/LOC111337489/LOC111331664/LOC111323127/LOC111342143/LOC111346320/LOC111321178/LOC111331303/LOC111334900/LOC111342147,11
GO:0050808,synapse organization,17/257,214/8488,0.0794392523364486,2.623659042146987,4.250708522536063,2.581499690944066e-4,0.009955321885076604,0.008528355254292947,LOC111332158/LOC111342023/LOC111321843/LOC111322288/LOC111336974/LOC111335693/LOC111335321/LOC111323777/LOC111321759/LOC111320751/LOC111322311/LOC111341777/LOC111327210/LOC111326544/LOC111333893/LOC111326058/LOC111343646,17
GO:0055123,digestive system development,15/257,176/8488,0.08522727272727272,2.814821365405023,4.298874948939492,2.794650257892297e-4,0.010640896171822822,0.009115661334204321,LOC111324192/LOC111333986/LOC111320822/LOC111322288/LOC111335693/LOC111326654/LOC111338776/LOC111321759/LOC111339275/LOC111320751/LOC111342546/LOC111331301/LOC111333767/LOC111343646/LOC111344472,15
GO:0008028,monocarboxylic acid transmembrane transporter activity,5/257,21/8488,0.23809523809523808,7.863627941448953,5.564369519221827,3.3447523022534176e-4,0.012421006080467013,0.010640615511262334,LOC111330589/LOC111342077/LOC111336930/LOC111334900/LOC111328842,5
GO:0061045,negative regulation of wound healing,5/257,21/8488,0.23809523809523808,7.863627941448953,5.564369519221827,3.3447523022534176e-4,0.012421006080467013,0.010640615511262334,LOC111320952/LOC111322288/LOC111332789/LOC111327334/LOC111321308,5
GO:0007419,ventral cord development,6/257,32/8488,0.1875,6.192607003891051,5.199903914938972,3.394854606595706e-4,0.012453320312975467,0.010668297916490743,LOC111324192/LOC111327625/LOC111339275/LOC111326819/LOC111325851/LOC111325220,6
GO:0005539,glycosaminoglycan binding,8/257,59/8488,0.13559322033898305,4.47826947174042,4.737165588640349,3.686053882601983e-4,0.013358614552851525,0.01144382993609341,LOC111328024/LOC111342023/LOC111322288/LOC111333170/LOC111325671/LOC111327334/LOC111331622/LOC111340622,8
GO:0090092,regulation of transmembrane receptor protein serine/threonine kinase signaling pathway,12/257,125/8488,0.096,3.170614785992218,4.319903814520712,3.876433386401665e-4,0.013881323364638343,0.011891615200390069,LOC111327880/LOC111328024/LOC111325642/LOC111336934/LOC111335693/LOC111333901/LOC111331664/LOC111321680/LOC111326544/LOC111333893/LOC111331301/LOC111343646,12
GO:0048608,reproductive structure development,21/257,308/8488,0.06818181818181818,2.251857092324018,3.954310996456972,4.149312465385407e-4,0.014542938675848192,0.012458396514024488,LOC111330631/LOC111332158/LOC111324192/LOC111325642/LOC111329099/LOC111323862/LOC111330856/LOC111320816/LOC111327252/LOC111322288/LOC111326654/LOC111333901/LOC111321759/LOC111329762/LOC111339275/LOC111331622/LOC111331303/LOC111333695/LOC111333767/LOC111343646/LOC111328842,21
GO:0008233,peptidase activity,19/257,265/8488,0.07169811320754717,2.3679906027457602,3.9976822124679763,4.206235587761944e-4,0.014542938675848192,0.012458396514024488,LOC111327880/LOC111323911/LOC111320816/LOC111320952/LOC111333986/LOC111328749/LOC111336934/LOC111338418/LOC111327334/LOC111325560/LOC111323636/LOC111326544/LOC111342546/LOC111333695/LOC111344752/LOC111328207/LOC111321502/LOC111335667/LOC111330437,19
GO:0009986,cell surface,19/257,265/8488,0.07169811320754717,2.3679906027457602,3.9976822124679763,4.206235587761944e-4,0.014542938675848192,0.012458396514024488,LOC111328024/LOC111332158/LOC111329099/LOC111323911/LOC111323862/LOC111336828/LOC111322288/LOC111336974/LOC111335693/LOC111333478/LOC111333901/LOC111323527/LOC111341498/LOC111326544/LOC111333893/LOC111333695/LOC111321502/LOC111320728/LOC111324497,19
GO:0048705,skeletal system morphogenesis,11/257,109/8488,0.10091743119266056,3.3330239531646026,4.331653543573171,4.4024841381206634e-4,0.015048491235757903,0.012891484653252851,LOC111327880/LOC111328024/LOC111320817/LOC111330631/LOC111323862/LOC111320821/LOC111320842/LOC111321680/LOC111333767/LOC111344472/LOC111338817,11
GO:0015718,monocarboxylic acid transport,8/257,61/8488,0.13114754098360656,4.331440964470244,4.614003335246516,4.646427745427337e-4,0.015348160149366996,0.013148199903993001,LOC111330589/LOC111331664/LOC111342077/LOC111330251/LOC111346320/LOC111331303/LOC111334900/LOC111328842,8
GO:0061458,reproductive system development,21/257,311/8488,0.06752411575562701,2.2301349981858447,3.9052903852197147,4.720181364600876e-4,0.015348160149366996,0.013148199903993001,LOC111330631/LOC111332158/LOC111324192/LOC111325642/LOC111329099/LOC111323862/LOC111330856/LOC111320816/LOC111327252/LOC111322288/LOC111326654/LOC111333901/LOC111321759/LOC111329762/LOC111339275/LOC111331622/LOC111331303/LOC111333695/LOC111333767/LOC111343646/LOC111328842,21
GO:0007414,axonal defasciculation,4/257,13/8488,0.3076923076923077,10.162226878180185,5.841444117493181,4.730617730577063e-4,0.015348160149366996,0.013148199903993001,LOC111327880/LOC111336934/LOC111335693/LOC111345144,4
GO:0099054,presynapse assembly,4/257,13/8488,0.3076923076923077,10.162226878180185,5.841444117493181,4.730617730577063e-4,0.015348160149366996,0.013148199903993001,LOC111336974/LOC111335321/LOC111323777/LOC111333893,4
GO:0005518,collagen binding,6/257,34/8488,0.17647058823529413,5.828336003662166,4.984518172609065,4.7891969856719846e-4,0.015348160149366996,0.013148199903993001,LOC111327880/LOC111328393/LOC111322288/LOC111335693/LOC111331622/LOC111333695,6
GO:0043627,response to estrogen,7/257,47/8488,0.14893617021276595,4.918950244225515,4.760352251435948,4.796300046677186e-4,0.015348160149366996,0.013148199903993001,LOC111322288/LOC111328749/LOC111327625/LOC111326819/LOC111323636/LOC111334900/LOC111325220,7
GO:0042471,ear morphogenesis,9/257,78/8488,0.11538461538461539,3.81083507931757,4.406583767029124,5.46286577898252e-4,0.017297158171767812,0.014817834268087767,LOC111320817/LOC111330631/LOC111323862/LOC111320821/LOC111320842/LOC111333893/LOC111331301/LOC111326058/LOC111344472,9
GO:0022617,extracellular matrix disassembly,6/257,35/8488,0.17142857142857143,5.661812117843247,4.883157319050431,5.635426797969678e-4,0.017657670633638326,0.015126671931392296,LOC111327880/LOC111335366/LOC111327252/LOC111336934/LOC111326544/LOC111328842,6
GO:0060174,limb bud formation,4/257,14/8488,0.2857142857142857,9.436353529738742,5.582026844214502,6.466207699383317e-4,0.01990732336107633,0.01705386603720425,LOC111320817/LOC111320821/LOC111320842/LOC111340883,4
GO:0043394,proteoglycan binding,5/257,24/8488,0.20833333333333334,6.880674448767834,5.097559376580065,6.485763595031517e-4,0.01990732336107633,0.01705386603720425,LOC111342023/LOC111333893/LOC111333695/LOC111340596/LOC111340622,5
GO:0048844,artery morphogenesis,6/257,36/8488,0.16666666666666666,5.504539559014266,4.785631709937658,6.593379367930271e-4,0.020033217311852782,0.017161714718440513,LOC111320822/LOC111325671/LOC111333478/LOC111340883/LOC111340596/LOC111344472,6
GO:0035272,exocrine system development,11/257,115/8488,0.09565217391304348,3.159127051260362,4.119115171506397,6.95895444761906e-4,0.020932534978438132,0.017932126829233116,LOC111324192/LOC111329099/LOC111322288/LOC111335693/LOC111326654/LOC111333478/LOC111333901/LOC111338776/LOC111339275/LOC111333893/LOC111325851,11
GO:0032101,regulation of response to external stimulus,24/257,390/8488,0.06153846153846154,2.0324453756360374,3.688313792143498,7.229217280385194e-4,0.021530183741978876,0.018444110372467907,LOC111328393/LOC111336303/LOC111342023/LOC111320952/LOC111327252/LOC111322288/LOC111328749/LOC111332789/LOC111322400/LOC111333478/LOC111333901/LOC111323777/LOC111338418/LOC111320751/LOC111327334/LOC111323636/LOC111331303/LOC111333893/LOC111324532/LOC111334113/LOC111321502/LOC111321308/LOC111338817/LOC111340622,24
GO:0048568,embryonic organ development,20/257,300/8488,0.06666666666666667,2.201815823605707,3.744785875761224,7.556065462872082e-4,0.022282985208156098,0.019089007485150526,LOC111327880/LOC111320817/LOC111330631/LOC111323862/LOC111330856/LOC111320821/LOC111327252/LOC111322288/LOC111341087/LOC111326654/LOC111320842/LOC111340398/LOC111321759/LOC111339275/LOC111321680/LOC111333893/LOC111331301/LOC111326058/LOC111333767/LOC111344472,20
GO:0048841,regulation of axon extension involved in axon guidance,5/257,25/8488,0.2,6.605447470817121,4.95947245948349,7.909031424505814e-4,0.02309744322807135,0.019786723482054406,LOC111342023/LOC111333478/LOC111333901/LOC111323777/LOC111340622,5
GO:0060562,epithelial tube morphogenesis,27/257,465/8488,0.05806451612903226,1.9177105560436802,3.596509149621621,8.257799625307172e-4,0.023884097377811515,0.020460620933959475,LOC111327880/LOC111332158/LOC111329099/LOC111330856/LOC111336828/LOC111322288/LOC111336934/LOC111335693/LOC111327625/LOC111333478/LOC111340398/LOC111321759/LOC111340883/LOC111329762/LOC111339275/LOC111320751/LOC111326819/LOC111333893/LOC111325851/LOC111325220/LOC111331301/LOC111334412/LOC111333767/LOC111343646/LOC111344472/LOC111327558/LOC111340622,27
GO:0007548,sex differentiation,19/257,281/8488,0.06761565836298933,2.2331583976072116,3.714472692330853,8.62656783716783e-4,0.0247130629087627,0.02117076497783143,LOC111330631/LOC111332158/LOC111324192/LOC111325642/LOC111329099/LOC111323862/LOC111320816/LOC111327252/LOC111322288/LOC111335693/LOC111326654/LOC111333901/LOC111321759/LOC111329762/LOC111339275/LOC111331622/LOC111331303/LOC111333767/LOC111343646,19
GO:0050920,regulation of chemotaxis,11/257,119/8488,0.09243697478991597,3.052937906680182,3.985014193238745,9.271079858677299e-4,0.026308875674435205,0.022537838623676296,LOC111342023/LOC111322288/LOC111328749/LOC111333478/LOC111333901/LOC111323777/LOC111323636/LOC111333893/LOC111321502/LOC111338817/LOC111340622,11
GO:0030155,regulation of cell adhesion,19/257,283/8488,0.06713780918727916,2.2173763594615776,3.6804095657169604,9.391979883511376e-4,0.02640287428934787,0.022618363752912787,LOC111329099/LOC111330856/LOC111342023/LOC111335693/LOC111327625/LOC111333478/LOC111323127/LOC111323777/LOC111345144/LOC111321759/LOC111326819/LOC111331622/LOC111328517/LOC111333893/LOC111325220/LOC111333767/LOC111321308/LOC111325968/LOC111340622,19
GO:0072001,renal system development,15/257,198/8488,0.07575757575757576,2.502063435915576,3.7788614251349566,9.689546207579774e-4,0.02698718054851848,0.02311891726720788,LOC111328024/LOC111330631/LOC111324192/LOC111336828/LOC111322288/LOC111336974/LOC111335693/LOC111326654/LOC111333478/LOC111321759/LOC111340883/LOC111339275/LOC111320751/LOC111330961/LOC111333767,15
GO:0007156,homophilic cell adhesion via plasma membrane adhesion molecules,7/257,53/8488,0.1320754716981132,4.3620879524264,4.338322404406397,0.001007419600112736,0.027548346883082817,0.023599647665798834,LOC111332158/LOC111321843/LOC111341777/LOC111333893/LOC111332138/LOC111334412/LOC111342215,7
GO:0070613,regulation of protein processing,7/257,53/8488,0.1320754716981132,4.3620879524264,4.338322404406397,0.001007419600112736,0.027548346883082817,0.023599647665798834,LOC111327252/LOC111328749/LOC111338418/LOC111327334/LOC111344634/LOC111323636/LOC111326544,7
GO:0072359,circulatory system development,27/257,474/8488,0.056962025316455694,1.8812983302960153,3.48903086215788,0.001100806551820622,0.02976629389406239,0.02549968065952713,LOC111327880/LOC111320817/LOC111324192/LOC111320871/LOC111320821/LOC111320822/LOC111322288/LOC111335693/LOC111325671/LOC111335321/LOC111326654/LOC111333478/LOC111320842/LOC111340366/LOC111323127/LOC111321759/LOC111340883/LOC111320751/LOC111333893/LOC111325851/LOC111332138/LOC111333767/LOC111324368/LOC111321502/LOC111340596/LOC111344472/LOC111340622,27
GO:0030517,negative regulation of axon extension,4/257,16/8488,0.25,8.256809338521402,5.133695348028435,0.0011207933198827105,0.02976629389406239,0.02549968065952713,LOC111342023/LOC111333478/LOC111333901/LOC111340622,4
GO:0048147,negative regulation of fibroblast proliferation,4/257,16/8488,0.25,8.256809338521402,5.133695348028435,0.0011207933198827105,0.02976629389406239,0.02549968065952713,LOC111322266/LOC111329755/LOC111322261/LOC111336999,4
GO:0048704,embryonic skeletal system morphogenesis,7/257,54/8488,0.12962962962962962,4.281308545899986,4.274098366971282,0.0011281108723148645,0.02976629389406239,0.02549968065952713,LOC111320817/LOC111330631/LOC111320821/LOC111320842/LOC111338776/LOC111333767/LOC111344472,7
GO:0048839,inner ear development,11/257,122/8488,0.09016393442622951,2.9778656630732923,3.888079514586517,0.0011394635027209162,0.02980440187986536,0.025532326358451284,LOC111320817/LOC111330631/LOC111329099/LOC111323862/LOC111320821/LOC111320842/LOC111333893/LOC111331301/LOC111326058/LOC111333767/LOC111344472,11
GO:0007431,salivary gland development,10/257,104/8488,0.09615384615384616,3.1756958994313083,3.944632875920569,0.001162197265340998,0.02990036799575226,0.025614536972844885,LOC111324192/LOC111329099/LOC111322288/LOC111335693/LOC111326654/LOC111333478/LOC111333901/LOC111339275/LOC111333893/LOC111325851,10
GO:0071300,cellular response to retinoic acid,6/257,40/8488,0.15,4.954085603112841,4.429110059153758,0.0011742853016650527,0.02990036799575226,0.025614536972844885,LOC111320817/LOC111320871/LOC111320821/LOC111320842/LOC111333893/LOC111344472,6
GO:0007416,synapse assembly,8/257,70/8488,0.11428571428571428,3.7745414118954974,4.118633357021624,0.0011785208528362868,0.02990036799575226,0.025614536972844885,LOC111342023/LOC111322288/LOC111336974/LOC111335321/LOC111323777/LOC111322311/LOC111327210/LOC111333893,8
GO:0001568,blood vessel development,16/257,223/8488,0.07174887892376682,2.3696672541047965,3.6623802833645986,0.0011828935477042949,0.02990036799575226,0.025614536972844885,LOC111327880/LOC111320871/LOC111320822/LOC111322288/LOC111335693/LOC111325671/LOC111333478/LOC111340366/LOC111323127/LOC111340883/LOC111320751/LOC111333767/LOC111324368/LOC111340596/LOC111344472/LOC111340622,16
GO:0007600,sensory perception,19/257,289/8488,0.0657439446366782,2.171340864109434,3.579885486945871,0.001204789418434775,0.030200054755431693,0.025871267511652012,LOC111320817/LOC111329099/LOC111323862/LOC111336828/LOC111320821/LOC111335693/LOC111320842/LOC111340398/LOC111321759/LOC111323527/LOC111330961/LOC111333893/LOC111324532/LOC111325851/LOC111331301/LOC111326058/LOC111331073/LOC111344472/LOC111340622,19
GO:0032368,regulation of lipid transport,7/257,55/8488,0.12727272727272726,4.203466572338168,4.21141319056306,0.001259863841625394,0.03114163369980133,0.026677883292662956,LOC111319860/LOC111331664/LOC111342143/LOC111346320/LOC111321178/LOC111340596/LOC111342147,7
GO:0090596,sensory organ morphogenesis,20/257,313/8488,0.06389776357827476,2.1103666040949265,3.536812536417702,0.0012747791915753582,0.03114163369980133,0.026677883292662956,LOC111320817/LOC111330631/LOC111332158/LOC111329099/LOC111323862/LOC111342023/LOC111320821/LOC111322288/LOC111320842/LOC111323777/LOC111340398/LOC111329762/LOC111321680/LOC111330961/LOC111333893/LOC111331301/LOC111326058/LOC111334412/LOC111333767/LOC111344472,20
GO:0022408,negative regulation of cell-cell adhesion,8/257,71/8488,0.11267605633802817,3.7213788567983777,4.0687113364542205,0.0012941170919132867,0.03114163369980133,0.026677883292662956,LOC111330856/LOC111342023/LOC111327625/LOC111323777/LOC111326819/LOC111325220/LOC111333767/LOC111321308,8
GO:0048706,embryonic skeletal system development,8/257,71/8488,0.11267605633802817,3.7213788567983777,4.0687113364542205,0.0012941170919132867,0.03114163369980133,0.026677883292662956,LOC111328024/LOC111320817/LOC111330631/LOC111320821/LOC111320842/LOC111325851/LOC111333767/LOC111344472,8
GO:0090100,positive regulation of transmembrane receptor protein serine/threonine kinase signaling pathway,8/257,71/8488,0.11267605633802817,3.7213788567983777,4.0687113364542205,0.0012941170919132867,0.03114163369980133,0.026677883292662956,LOC111327880/LOC111328024/LOC111325642/LOC111336934/LOC111333901/LOC111326544/LOC111331301/LOC111343646,8
GO:0007424,open tracheal system development,12/257,144/8488,0.08333333333333333,2.752269779507133,3.747247954609577,0.0013726958632213776,0.03277039013150718,0.028073178556106373,LOC111332158/LOC111335693/LOC111335321/LOC111327625/LOC111323127/LOC111326819/LOC111333893/LOC111332138/LOC111325220/LOC111334412/LOC111333767/LOC111327558,12
GO:0042813,Wnt receptor activity,4/257,17/8488,0.23529411764705882,7.771114671549554,4.937813134231346,0.001431087020044911,0.03363054497105541,0.02881004132458834,LOC111323862/LOC111336974/LOC111333893/LOC111322245,4
GO:0048681,negative regulation of axon regeneration,4/257,17/8488,0.23529411764705882,7.771114671549554,4.937813134231346,0.001431087020044911,0.03363054497105541,0.02881004132458834,LOC111336303/LOC111342023/LOC111322400/LOC111333901,4
GO:0022612,gland morphogenesis,10/257,107/8488,0.09345794392523364,3.086657696643514,3.8380669132103638,0.0014454364349469596,0.03370444028155391,0.0288733446980837,LOC111329099/LOC111336828/LOC111322288/LOC111335693/LOC111326654/LOC111333478/LOC111339275/LOC111333893/LOC111325851/LOC111333767,10
GO:0030414,peptidase inhibitor activity,6/257,42/8488,0.14285714285714285,4.718176764869371,4.268217097636788,0.0015258186800393714,0.03530509684275714,0.030244567844019285,LOC111330856/LOC111327252/LOC111327625/LOC111326819/LOC111326544/LOC111325220,6
GO:2001236,regulation of extrinsic apoptotic signaling pathway,9/257,90/8488,0.1,3.3027237354085606,3.8805431678845568,0.001544181751508663,0.035354260105544544,0.03028668418896033,LOC111320817/LOC111320821/LOC111335693/LOC111327625/LOC111333478/LOC111320842/LOC111346320/LOC111326819/LOC111325220,9
GO:1905952,regulation of lipid localization,10/257,108/8488,0.09259259259259259,3.058077532785704,3.8033733754850325,0.001551450243993311,0.035354260105544544,0.03028668418896033,LOC111319860/LOC111328749/LOC111325671/LOC111331664/LOC111342143/LOC111346320/LOC111321178/LOC111323636/LOC111340596/LOC111342147,10
GO:0043025,neuronal cell body,25/257,437/8488,0.057208237986270026,1.8894300545815563,3.3732223378191666,0.0015861403484899266,0.03587300878389247,0.03073107695372648,LOC111332158/LOC111323862/LOC111343017/LOC111321843/LOC111322288/LOC111336974/LOC111328749/LOC111325671/LOC111333478/LOC111333901/LOC111331664/LOC111342077/LOC111340398/LOC111345144/LOC111322311/LOC111323527/LOC111341777/LOC111330961/LOC111323636/LOC111326544/LOC111328517/LOC111324532/LOC111326058/LOC111325968/LOC111340596,25
GO:0001775,cell activation,25/257,439/8488,0.05694760820045558,1.8808221727839183,3.348627942396849,0.0016892354498888862,0.037919553979595295,0.03248427636549877,LOC111329099/LOC111320871/LOC111323911/LOC111346891/LOC111327418/LOC111320822/LOC111328749/LOC111333170/LOC111326654/LOC111340883/LOC111323527/LOC111327334/LOC111325560/LOC111329755/LOC111336425/LOC111323636/LOC111328517/LOC111333893/LOC111333695/LOC111344752/LOC111326942/LOC111333767/LOC111329016/LOC111340596/LOC111322259,25
GO:0048679,regulation of axon regeneration,6/257,43/8488,0.13953488372093023,4.6084517238258975,4.191530803683721,0.0017290688873901042,0.0385262163945884,0.03300398156983216,LOC111328393/LOC111336303/LOC111342023/LOC111322400/LOC111333901/LOC111320751,6
GO:0000978,RNA polymerase II cis-regulatory region sequence-specific DNA binding,17/257,254/8488,0.06692913385826772,2.210484389840375,3.4608914831554936,0.0017890800747572856,0.03916108514642686,0.03354785009744295,LOC111330631/LOC111328662/LOC111328602/LOC111341087/LOC111326654/LOC111338776/LOC111340883/LOC111321709/LOC111339122/LOC111335662/LOC111325851/LOC111332020/LOC111331301/LOC111333767/LOC111320928/LOC111344472/LOC111333334,17
GO:0008643,carbohydrate transport,4/257,18/8488,0.2222222222222222,7.339386078685689,4.757284355160665,0.0017966189329145302,0.03916108514642686,0.03354785009744295,LOC111327414/LOC111327248/LOC111331589/LOC111341071,4
GO:0035909,aorta morphogenesis,4/257,18/8488,0.2222222222222222,7.339386078685689,4.757284355160665,0.0017966189329145302,0.03916108514642686,0.03354785009744295,LOC111320822/LOC111340883/LOC111340596/LOC111344472,4
GO:0071363,cellular response to growth factor stimulus,18/257,277/8488,0.06498194945848375,2.1461742684965373,3.4269666238398466,0.0018381129306609633,0.039777292772864584,0.03407573233061748,LOC111320817/LOC111324192/LOC111320871/LOC111323862/LOC111320821/LOC111320822/LOC111322288/LOC111333478/LOC111333901/LOC111320842/LOC111339275/LOC111344634/LOC111326544/LOC111333893/LOC111325851/LOC111343646/LOC111344472/LOC111338817,18
GO:0099172,presynapse organization,5/257,30/8488,0.16666666666666666,5.504539559014266,4.367114252862649,0.0018749725256539118,0.04028512397976405,0.03451077250226148,LOC111332158/LOC111336974/LOC111335321/LOC111323777/LOC111333893,5
GO:0001655,urogenital system development,15/257,212/8488,0.07075471698113207,2.336832831657,3.482989412915325,0.0019214512149839363,0.040945888752916444,0.03507682519146818,LOC111328024/LOC111330631/LOC111324192/LOC111336828/LOC111322288/LOC111336974/LOC111335693/LOC111326654/LOC111333478/LOC111321759/LOC111340883/LOC111339275/LOC111320751/LOC111330961/LOC111333767,15
GO:0042582,azurophil granule,9/257,93/8488,0.0967741935483871,3.1961842600728003,3.7628530705875995,0.0019441437092364193,0.040945888752916444,0.03507682519146818,LOC111346891/LOC111328749/LOC111333170/LOC111325560/LOC111336425/LOC111323636/LOC111344752/LOC111326942/LOC111329016,9
GO:0040013,negative regulation of locomotion,12/257,150/8488,0.08,2.6421789883268483,3.585523201171714,0.0019465631953680359,0.040945888752916444,0.03507682519146818,LOC111328024/LOC111330856/LOC111320816/LOC111320822/LOC111322288/LOC111328749/LOC111333478/LOC111333901/LOC111323636/LOC111336999/LOC111340596/LOC111340622,12
GO:0009612,response to mechanical stimulus,13/257,171/8488,0.07602339181286549,2.5108426058661566,3.5265601023698556,0.0020235612611316407,0.04226994634363872,0.03621109625182936,LOC111320817/LOC111336828/LOC111320821/LOC111343017/LOC111320822/LOC111322288/LOC111327625/LOC111320842/LOC111327334/LOC111326819/LOC111333695/LOC111325220/LOC111326058,13
GO:0030510,regulation of BMP signaling pathway,7/257,60/8488,0.11666666666666667,3.853177691309987,3.918858146278753,0.0021092523703304094,0.04375607675830256,0.037484209093058746,LOC111327880/LOC111328024/LOC111336934/LOC111335693/LOC111333901/LOC111331664/LOC111333893,7
GO:0033993,response to lipid,24/257,422/8488,0.05687203791469194,1.8783262950190864,3.2703961530058527,0.002124105190869804,0.043762386398194325,0.03748961432768047,LOC111320817/LOC111325642/LOC111320871/LOC111320952/LOC111320821/LOC111327252/LOC111322288/LOC111328749/LOC111332789/LOC111325671/LOC111320842/LOC111323127/LOC111322161/LOC111338776/LOC111342143/LOC111346320/LOC111323636/LOC111331303/LOC111333893/LOC111324532/LOC111336999/LOC111326058/LOC111344472/LOC111342147,24
GO:0042060,wound healing,16/257,237/8488,0.06751054852320675,2.229686909980462,3.3926010436759477,0.0022207277162076774,0.045163799843821316,0.03869015328166105,LOC111329099/LOC111320871/LOC111323911/LOC111327252/LOC111320822/LOC111322288/LOC111328749/LOC111327625/LOC111340398/LOC111327334/LOC111326819/LOC111323636/LOC111333893/LOC111325851/LOC111325220/LOC111328207,16
GO:0046949,fatty-acyl-CoA biosynthetic process,4/257,19/8488,0.21052631578947367,6.953102600860126,4.590092774801873,0.002222155045507166,0.045163799843821316,0.03869015328166105,LOC111331664/LOC111346320/LOC111331622/LOC111341830,4
GO:0070848,response to growth factor,18/257,282/8488,0.06382978723404255,2.1081215332395065,3.3439790968578906,0.0022382342925265646,0.04518529363704635,0.03870856621762649,LOC111320817/LOC111324192/LOC111320871/LOC111323862/LOC111320821/LOC111320822/LOC111322288/LOC111333478/LOC111333901/LOC111320842/LOC111339275/LOC111344634/LOC111326544/LOC111333893/LOC111325851/LOC111343646/LOC111344472/LOC111338817,18
GO:0043583,ear development,11/257,133/8488,0.08270676691729323,2.7315760217664784,3.5564075087188747,0.0022883103762897927,0.045888250745864646,0.03931076351689413,LOC111320817/LOC111330631/LOC111329099/LOC111323862/LOC111320821/LOC111320842/LOC111333893/LOC111331301/LOC111326058/LOC111333767/LOC111344472,11
GO:0061134,peptidase regulator activity,7/257,61/8488,0.11475409836065574,3.790010843911463,3.864129509264315,0.0023224425031177025,0.04626428509521886,0.03963289820587059,LOC111330856/LOC111327252/LOC111327625/LOC111326819/LOC111326544/LOC111325220/LOC111344752,7
GO:0005126,cytokine receptor binding,8/257,78/8488,0.10256410256410256,3.387408959393395,3.742772972748373,0.0023784616845631845,0.04706850491556618,0.040321843516694426,LOC111336303/LOC111325642/LOC111322288/LOC111328749/LOC111322400/LOC111323636/LOC111334113/LOC111343646,8
GO:0004553,"hydrolase activity, hydrolyzing O-glycosyl compounds",6/257,46/8488,0.13043478260869565,4.307900524445948,3.974898513245436,0.0024631601166944443,0.04842604987592738,0.04148480196538012,LOC111324504/LOC111334156/LOC111346317/LOC111336425/LOC111337168/LOC111329016,6
GO:0001944,vasculature development,16/257,240/8488,0.06666666666666667,2.201815823605707,3.337233345943415,0.0025215005486326344,0.04863284842407703,0.04166195861637058,LOC111327880/LOC111320871/LOC111320822/LOC111322288/LOC111335693/LOC111325671/LOC111333478/LOC111340366/LOC111323127/LOC111340883/LOC111320751/LOC111333767/LOC111324368/LOC111340596/LOC111344472/LOC111340622,16
GO:0006826,iron ion transport,5/257,32/8488,0.15625,5.160505836575876,4.166352387447355,0.0025221822985891013,0.04863284842407703,0.04166195861637058,LOC111327082/LOC111322161/LOC111329755/LOC111328120/LOC111329754,5
GO:0007413,axonal fasciculation,5/257,32/8488,0.15625,5.160505836575876,4.166352387447355,0.0025221822985891013,0.04863284842407703,0.04166195861637058,LOC111332158/LOC111335693/LOC111333478/LOC111345144/LOC111340622,5
GO:0008406,gonad development,14/257,197/8488,0.07106598984771574,2.3471133145035457,3.380268092839809,0.002590066142429474,0.049532596753351484,0.04243273965992597,LOC111330631/LOC111324192/LOC111325642/LOC111329099/LOC111320816/LOC111327252/LOC111322288/LOC111326654/LOC111333901/LOC111321759/LOC111329762/LOC111331303/LOC111333767/LOC111343646,14
GO:0002020,protease binding,9/257,97/8488,0.09278350515463918,3.0643828472862933,3.613155147509729,0.002601778685847585,0.049532596753351484,0.04243273965992597,LOC111320871/LOC111327252/LOC111320822/LOC111335693/LOC111327625/LOC111326819/LOC111326544/LOC111325220/LOC111340596,9
GO:0010038,response to metal ion,16/257,242/8488,0.06611570247933884,2.18361899861723,3.300770332620587,0.002740281646099619,0.051563036975509895,0.04417214253781083,LOC111332158/LOC111325642/LOC111324621/LOC111323945/LOC111328749/LOC111338776/LOC111342143/LOC111323527/LOC111325560/LOC111323636/LOC111331303/LOC111328120/LOC111324368/LOC111329754/LOC111328842/LOC111342147,16
GO:0010575,positive regulation of vascular endothelial growth factor production,3/257,10/8488,0.3,9.908171206225681,4.980342506494116,0.0028112826010583854,0.051563036975509895,0.04417214253781083,LOC111328024/LOC111328749/LOC111323636,3
GO:0046697,decidualization,3/257,10/8488,0.3,9.908171206225681,4.980342506494116,0.0028112826010583854,0.051563036975509895,0.04417214253781083,LOC111331303/LOC111333695/LOC111328842,3
GO:0072378,"blood coagulation, fibrin clot formation",3/257,10/8488,0.3,9.908171206225681,4.980342506494116,0.0028112826010583854,0.051563036975509895,0.04417214253781083,LOC111327252/LOC111327334/LOC111328207,3
GO:1905049,negative regulation of metallopeptidase activity,3/257,10/8488,0.3,9.908171206225681,4.980342506494116,0.0028112826010583854,0.051563036975509895,0.04417214253781083,LOC111327625/LOC111326819/LOC111325220,3
GO:1990314,cellular response to insulin-like growth factor stimulus,3/257,10/8488,0.3,9.908171206225681,4.980342506494116,0.0028112826010583854,0.051563036975509895,0.04417214253781083,LOC111320817/LOC111320821/LOC111320842,3
GO:0045137,development of primary sexual characteristics,14/257,199/8488,0.07035175879396985,2.3235242359658215,3.338295128349472,0.0028415549237788716,0.05180240733773846,0.04437720225461357,LOC111330631/LOC111324192/LOC111325642/LOC111329099/LOC111320816/LOC111327252/LOC111322288/LOC111326654/LOC111333901/LOC111321759/LOC111329762/LOC111331303/LOC111333767/LOC111343646,14
GO:0000323,lytic vacuole,20/257,337/8488,0.05934718100890208,1.9600734334768903,3.1778348109632844,0.003047763897396392,0.055226950622700895,0.04731088155248173,LOC111346891/LOC111320952/LOC111335819/LOC111328749/LOC111333170/LOC111325671/LOC111322266/LOC111342143/LOC111323527/LOC111325560/LOC111329755/LOC111336425/LOC111323636/LOC111322261/LOC111333695/LOC111344752/LOC111326942/LOC111337168/LOC111329016/LOC111342147,20
GO:0007435,salivary gland morphogenesis,8/257,82/8488,0.0975609756097561,3.222169497959571,3.572784135767395,0.003259849639800399,0.05789322570539896,0.04959498058749183,LOC111329099/LOC111322288/LOC111335693/LOC111326654/LOC111333478/LOC111339275/LOC111333893/LOC111325851,8
GO:0005125,cytokine activity,4/257,21/8488,0.19047619047619047,6.2909023531591615,4.289354847646769,0.003271891080424808,0.05789322570539896,0.04959498058749183,LOC111325642/LOC111328749/LOC111323636/LOC111343646,4
GO:0007426,"tracheal outgrowth, open tracheal system",4/257,21/8488,0.19047619047619047,6.2909023531591615,4.289354847646769,0.003271891080424808,0.05789322570539896,0.04959498058749183,LOC111335693/LOC111327625/LOC111326819/LOC111325220,4
GO:0097090,presynaptic membrane organization,4/257,21/8488,0.19047619047619047,6.2909023531591615,4.289354847646769,0.003271891080424808,0.05789322570539896,0.04959498058749183,LOC111336974/LOC111335321/LOC111323777/LOC111326544,4
GO:0015293,symporter activity,5/257,34/8488,0.14705882352941177,4.856946669718471,3.9817073110516876,0.0033178192355373536,0.058362574622785726,0.04999705440809751,LOC111336828/LOC111330251/LOC111327414/LOC111327248/LOC111341071,5
GO:0021675,nerve development,7/257,65/8488,0.1076923076923077,3.556779407363065,3.656233299126273,0.003345721141950356,0.0585112162499225,0.05012439018050472,LOC111328024/LOC111330631/LOC111324621/LOC111335321/LOC111333478/LOC111333767/LOC111344472,7
GO:0048562,embryonic organ morphogenesis,14/257,203/8488,0.06896551724137931,2.277740507178317,3.2558305026155896,0.0034049243170358465,0.05920238350083136,0.05071648754550503,LOC111320817/LOC111330631/LOC111323862/LOC111320821/LOC111341087/LOC111326654/LOC111320842/LOC111321759/LOC111321680/LOC111333893/LOC111331301/LOC111326058/LOC111333767/LOC111344472,14
GO:0010977,negative regulation of neuron projection development,9/257,101/8488,0.0891089108910891,2.9430211503640633,3.470981151644254,0.0034246364435710796,0.05920291047276901,0.050716938982831236,LOC111336303/LOC111342023/LOC111336974/LOC111322400/LOC111333478/LOC111333901/LOC111345144/LOC111340596/LOC111340622,9
GO:0005764,lysosome,20/257,341/8488,0.05865102639296188,1.9370813697410914,3.120850730307219,0.0034863245929951637,0.05992493928988259,0.051335474307682163,LOC111346891/LOC111320952/LOC111335819/LOC111328749/LOC111333170/LOC111325671/LOC111322266/LOC111342143/LOC111323527/LOC111325560/LOC111329755/LOC111336425/LOC111323636/LOC111322261/LOC111333695/LOC111344752/LOC111326942/LOC111337168/LOC111329016/LOC111342147,20
GO:0007601,visual perception,7/257,66/8488,0.10606060606060606,3.5028888102818065,3.6068100227251363,0.0036482774307074616,0.06189866085396972,0.05302628841353508,LOC111320817/LOC111320821/LOC111320842/LOC111340398/LOC111321759/LOC111331301/LOC111340622,7
GO:0008201,heparin binding,6/257,50/8488,0.12,3.963268482490272,3.7132450041404006,0.0037787959730721803,0.06189866085396972,0.05302628841353508,LOC111342023/LOC111322288/LOC111333170/LOC111325671/LOC111327334/LOC111331622,6
GO:0015850,organic hydroxy compound transport,6/257,50/8488,0.12,3.963268482490272,3.7132450041404006,0.0037787959730721803,0.06189866085396972,0.05302628841353508,LOC111325671/LOC111342143/LOC111321178/LOC111331589/LOC111334900/LOC111342147,6
GO:0043586,tongue development,3/257,11/8488,0.2727272727272727,9.007428369296072,4.695541413497714,0.0037796161322947415,0.06189866085396972,0.05302628841353508,LOC111330631/LOC111333767/LOC111344472,3
GO:0051593,response to folic acid,3/257,11/8488,0.2727272727272727,9.007428369296072,4.695541413497714,0.0037796161322947415,0.06189866085396972,0.05302628841353508,LOC111327625/LOC111326819/LOC111325220,3
GO:0062009,secondary palate development,3/257,11/8488,0.2727272727272727,9.007428369296072,4.695541413497714,0.0037796161322947415,0.06189866085396972,0.05302628841353508,LOC111329099/LOC111333893/LOC111344472,3
GO:0071374,cellular response to parathyroid hormone stimulus,3/257,11/8488,0.2727272727272727,9.007428369296072,4.695541413497714,0.0037796161322947415,0.06189866085396972,0.05302628841353508,LOC111320817/LOC111320821/LOC111320842,3
GO:0097105,presynaptic membrane assembly,3/257,11/8488,0.2727272727272727,9.007428369296072,4.695541413497714,0.0037796161322947415,0.06189866085396972,0.05302628841353508,LOC111336974/LOC111335321/LOC111323777,3
GO:0043200,response to amino acid,8/257,84/8488,0.09523809523809523,3.1454511765795807,3.4916653965343074,0.0037863542543651687,0.06189866085396972,0.05302628841353508,LOC111320871/LOC111320822/LOC111327625/LOC111338776/LOC111320751/LOC111327334/LOC111326819/LOC111325220,8
GO:0019432,triglyceride biosynthetic process,4/257,22/8488,0.18181818181818182,6.004952246197382,4.15326371946485,0.0039051452513508477,0.06281645409659546,0.053812527865504514,LOC111324979/LOC111331664/LOC111330775/LOC111346320,4
GO:0045745,positive regulation of G protein-coupled receptor signaling pathway,4/257,22/8488,0.18181818181818182,6.004952246197382,4.15326371946485,0.0039051452513508477,0.06281645409659546,0.053812527865504514,LOC111328749/LOC111327334/LOC111323636/LOC111333893,4
GO:0071599,otic vesicle development,4/257,22/8488,0.18181818181818182,6.004952246197382,4.15326371946485,0.0039051452513508477,0.06281645409659546,0.053812527865504514,LOC111320817/LOC111320821/LOC111320842/LOC111344472,4
GO:0007560,imaginal disc morphogenesis,16/257,251/8488,0.06374501992031872,2.1053219030492816,3.1409315049829463,0.003929388991452199,0.06287022386323518,0.053858590431550855,LOC111327880/LOC111332158/LOC111329099/LOC111336934/LOC111335693/LOC111327625/LOC111340398/LOC111329762/LOC111339275/LOC111326819/LOC111333893/LOC111325220/LOC111331301/LOC111334412/LOC111343646/LOC111327558,16
GO:0043235,receptor complex,11/257,143/8488,0.07692307692307693,2.5405567195450462,3.2828414080253583,0.004019041036118823,0.06396442029971122,0.0547959479611188,LOC111324192/LOC111329099/LOC111323862/LOC111336974/LOC111335693/LOC111333478/LOC111333901/LOC111339275/LOC111328517/LOC111334113/LOC111340596,11
GO:0010001,glial cell differentiation,10/257,123/8488,0.08130081300813008,2.685141248299643,3.32639067270555,0.004049314286744927,0.06410703881330916,0.05491812395541044,LOC111324192/LOC111323862/LOC111322288/LOC111335321/LOC111323127/LOC111345144/LOC111321759/LOC111340883/LOC111333767/LOC111340596,10
GO:0050771,negative regulation of axonogenesis,5/257,36/8488,0.1388888888888889,4.587116299178556,3.8109594296336264,0.004279692326768445,0.06652164505617102,0.056986627623707535,LOC111342023/LOC111336974/LOC111333478/LOC111333901/LOC111340622,5
GO:0071772,response to BMP,5/257,36/8488,0.1388888888888889,4.587116299178556,3.8109594296336264,0.004279692326768445,0.06652164505617102,0.056986627623707535,LOC111320817/LOC111323862/LOC111320821/LOC111320842/LOC111343646,5
GO:0071773,cellular response to BMP stimulus,5/257,36/8488,0.1388888888888889,4.587116299178556,3.8109594296336264,0.004279692326768445,0.06652164505617102,0.056986627623707535,LOC111320817/LOC111323862/LOC111320821/LOC111320842/LOC111343646,5
GO:0031345,negative regulation of cell projection organization,10/257,124/8488,0.08064516129032258,2.6634868833940004,3.2971641811209174,0.004290292267585497,0.06652164505617102,0.056986627623707535,LOC111336303/LOC111342023/LOC111336974/LOC111335693/LOC111322400/LOC111333478/LOC111333901/LOC111345144/LOC111340596/LOC111340622,10
GO:0000981,"DNA-binding transcription factor activity, RNA polymerase II-specific",20/257,348/8488,0.05747126436781609,1.8981170893152643,3.0229275708469685,0.00438066934161107,0.06757463271572359,0.05788868312153252,LOC111330631/LOC111328662/LOC111328602/LOC111341087/LOC111326654/LOC111338776/LOC111340883/LOC111321709/LOC111339122/LOC111335662/LOC111344195/LOC111325851/LOC111322526/LOC111332020/LOC111331301/LOC111333767/LOC111331073/LOC111320928/LOC111344472/LOC111333334,20
GO:0098742,cell-cell adhesion via plasma-membrane adhesion molecules,6/257,52/8488,0.11538461538461539,3.81083507931757,3.5924117905301567,0.00460416104250716,0.07013310832677118,0.06008043434488237,LOC111332158/LOC111335693/LOC111323777/LOC111333893/LOC111332138/LOC111334412,6
GO:0001569,branching involved in blood vessel morphogenesis,4/257,23/8488,0.17391304347826086,5.743867365927931,4.025319311016203,0.004616474550764858,0.07013310832677118,0.06008043434488237,LOC111333478/LOC111320751/LOC111344472/LOC111340622,4
GO:0048708,astrocyte differentiation,4/257,23/8488,0.17391304347826086,5.743867365927931,4.025319311016203,0.004616474550764858,0.07013310832677118,0.06008043434488237,LOC111323862/LOC111323127/LOC111321759/LOC111340596,4
GO:0042063,gliogenesis,12/257,167/8488,0.0718562874251497,2.3732146601738155,3.1668410636991746,0.004708130880427673,0.07116611903681629,0.06096537633053131,LOC111324192/LOC111329099/LOC111323862/LOC111322288/LOC111335321/LOC111333901/LOC111323127/LOC111345144/LOC111321759/LOC111340883/LOC111333767/LOC111340596,12
GO:0035904,aorta development,5/257,37/8488,0.13513513513513514,4.463140182984541,3.73021826791876,0.0048285066975867095,0.0726207407317041,0.06221149681943298,LOC111320822/LOC111340366/LOC111340883/LOC111340596/LOC111344472,5
GO:0005001,transmembrane receptor protein tyrosine phosphatase activity,3/257,12/8488,0.25,8.256809338521402,4.444861404228676,0.004927672610620696,0.07265901574876006,0.062244285607840365,LOC111342023/LOC111323777/LOC111345144,3
GO:0033197,response to vitamin E,3/257,12/8488,0.25,8.256809338521402,4.444861404228676,0.004927672610620696,0.07265901574876006,0.062244285607840365,LOC111320817/LOC111320821/LOC111320842,3
GO:0060232,delamination,3/257,12/8488,0.25,8.256809338521402,4.444861404228676,0.004927672610620696,0.07265901574876006,0.062244285607840365,LOC111327625/LOC111326819/LOC111325220,3
GO:1902043,positive regulation of extrinsic apoptotic signaling pathway via death domain receptors,3/257,12/8488,0.25,8.256809338521402,4.444861404228676,0.004927672610620696,0.07265901574876006,0.062244285607840365,LOC111327625/LOC111326819/LOC111325220,3
GO:0007596,blood coagulation,9/257,107/8488,0.08411214953271028,2.7779919269791624,3.2703265120439573,0.005028104715662516,0.07342249015320308,0.0628983258311314,LOC111320871/LOC111323911/LOC111327252/LOC111320822/LOC111322288/LOC111328749/LOC111327334/LOC111323636/LOC111328207,9
GO:0050878,regulation of body fluid levels,13/257,190/8488,0.06842105263157895,2.259758345279541,3.1030922821795315,0.005028268940013242,0.07342249015320308,0.0628983258311314,LOC111320871/LOC111323911/LOC111320952/LOC111327252/LOC111320822/LOC111322288/LOC111328749/LOC111326885/LOC111327334/LOC111323636/LOC111326058/LOC111328207/LOC111321308,13
GO:0048145,regulation of fibroblast proliferation,6/257,53/8488,0.11320754716981132,3.7389325306512,3.534224127987541,0.005063319524514954,0.07357712623063277,0.06303079682691386,LOC111322288/LOC111322266/LOC111345144/LOC111329755/LOC111322261/LOC111336999,6
GO:0030141,secretory granule,22/257,402/8488,0.05472636815920398,1.8074607507211027,2.930791620464504,0.005111617745709757,0.07392185663026417,0.06332611458247714,LOC111346891/LOC111327418/LOC111327252/LOC111322288/LOC111328749/LOC111333170/LOC111327625/LOC111323527/LOC111325560/LOC111329755/LOC111336425/LOC111326819/LOC111323636/LOC111331303/LOC111333695/LOC111325220/LOC111344752/LOC111326942/LOC111329016/LOC111343646/LOC111328842/LOC111322259,22
GO:0048732,gland development,19/257,329/8488,0.057750759878419454,1.9073480538833631,2.9659973344558312,0.005160021294866549,0.07413421680734986,0.06350803567482939,LOC111330631/LOC111324192/LOC111325642/LOC111329099/LOC111336828/LOC111322288/LOC111335693/LOC111326654/LOC111333478/LOC111333901/LOC111338776/LOC111339275/LOC111333893/LOC111325851/LOC111328120/LOC111326058/LOC111333767/LOC111344472/LOC111333334,19
GO:0048545,response to steroid hormone,12/257,169/8488,0.07100591715976332,2.3451292795800427,3.1209670113873917,0.005175593593598228,0.07413421680734986,0.06350803567482939,LOC111320952/LOC111327252/LOC111328749/LOC111323127/LOC111338776/LOC111342143/LOC111346320/LOC111323636/LOC111331303/LOC111336999/LOC111326058/LOC111342147,12
GO:0045665,negative regulation of neuron differentiation,11/257,148/8488,0.07432432432432433,2.4547271006414975,3.1546176134930395,0.005210207377681951,0.07427632128941852,0.06362977131736301,LOC111336303/LOC111332158/LOC111342023/LOC111336974/LOC111322400/LOC111333478/LOC111333901/LOC111345144/LOC111333767/LOC111340596/LOC111340622,11
GO:0035151,"regulation of tube size, open tracheal system",5/257,38/8488,0.13157894736842105,4.34568912553758,3.652299556138941,0.005425495305621416,0.07698061263825104,0.06594643747845694,LOC111332158/LOC111335321/LOC111333893/LOC111332138/LOC111334412,5
GO:0050953,sensory perception of light stimulus,7/257,71/8488,0.09859154929577464,3.2562064996985804,3.373235938749498,0.005483960575378716,0.07744485169361116,0.06634413386966691,LOC111320817/LOC111320821/LOC111320842/LOC111340398/LOC111321759/LOC111331301/LOC111340622,7
GO:1901570,fatty acid derivative biosynthetic process,6/257,54/8488,0.1111111111111111,3.6696930393428446,3.477433011908428,0.005555220606039971,0.07808459618209455,0.06689217926013699,LOC111346087/LOC111331664/LOC111346320/LOC111331622/LOC111331303/LOC111341830,6
GO:0007444,imaginal disc development,19/257,332/8488,0.0572289156626506,1.8901129811073083,2.923431551946269,0.005681124426592369,0.0794828943032086,0.06809004943108014,LOC111327880/LOC111328024/LOC111332158/LOC111329099/LOC111336934/LOC111335693/LOC111327625/LOC111340398/LOC111329762/LOC111339275/LOC111326819/LOC111328517/LOC111333893/LOC111325220/LOC111331301/LOC111334412/LOC111333767/LOC111343646/LOC111327558,19
GO:0001656,metanephros development,5/257,39/8488,0.1282051282051282,4.234261199241744,3.5770260341047004,0.00607281963255982,0.08111827343320635,0.06949101811467284,LOC111330631/LOC111322288/LOC111321759/LOC111330961/LOC111333767,5
GO:0031670,cellular response to nutrient,5/257,39/8488,0.1282051282051282,4.234261199241744,3.5770260341047004,0.00607281963255982,0.08111827343320635,0.06949101811467284,LOC111320817/LOC111320821/LOC111320842/LOC111333893/LOC111326058,5
GO:0006665,sphingolipid metabolic process,6/257,55/8488,0.10909090909090909,3.6029713477184293,3.4219766683683366,0.006081182658825432,0.08111827343320635,0.06949101811467284,LOC111335819/LOC111326885/LOC111323127/LOC111334156/LOC111336425/LOC111341830,6
GO:0006959,humoral immune response,6/257,55/8488,0.10909090909090909,3.6029713477184293,3.4219766683683366,0.006081182658825432,0.08111827343320635,0.06949101811467284,LOC111328749/LOC111322161/LOC111338418/LOC111339275/LOC111327334/LOC111323636,6
GO:0097006,regulation of plasma lipoprotein particle levels,6/257,55/8488,0.10909090909090909,3.6029713477184293,3.4219766683683366,0.006081182658825432,0.08111827343320635,0.06949101811467284,LOC111327880/LOC111333170/LOC111325671/LOC111331664/LOC111342143/LOC111342147,6
GO:0061036,positive regulation of cartilage development,3/257,13/8488,0.23076923076923078,7.62167015863514,4.221693777116123,0.006264055861889594,0.08111827343320635,0.06949101811467284,LOC111327880/LOC111333767/LOC111324368,3
GO:0061298,retina vasculature development in camera-type eye,3/257,13/8488,0.23076923076923078,7.62167015863514,4.221693777116123,0.006264055861889594,0.08111827343320635,0.06949101811467284,LOC111322288/LOC111333478/LOC111320751,3
GO:0071107,response to parathyroid hormone,3/257,13/8488,0.23076923076923078,7.62167015863514,4.221693777116123,0.006264055861889594,0.08111827343320635,0.06949101811467284,LOC111320817/LOC111320821/LOC111320842,3
GO:0097374,sensory neuron axon guidance,3/257,13/8488,0.23076923076923078,7.62167015863514,4.221693777116123,0.006264055861889594,0.08111827343320635,0.06949101811467284,LOC111333478/LOC111333901/LOC111331073,3
GO:1905048,regulation of metallopeptidase activity,3/257,13/8488,0.23076923076923078,7.62167015863514,4.221693777116123,0.006264055861889594,0.08111827343320635,0.06949101811467284,LOC111327625/LOC111326819/LOC111325220,3
GO:0010884,positive regulation of lipid storage,4/257,25/8488,0.16,5.2843579766536966,3.7906260833597676,0.0062898924836013205,0.08111827343320635,0.06949101811467284,LOC111328749/LOC111325671/LOC111331664/LOC111323636,4
GO:0015026,coreceptor activity,4/257,25/8488,0.16,5.2843579766536966,3.7906260833597676,0.0062898924836013205,0.08111827343320635,0.06949101811467284,LOC111323862/LOC111333478/LOC111320728/LOC111324497,4
GO:0035017,cuticle pattern formation,4/257,25/8488,0.16,5.2843579766536966,3.7906260833597676,0.0062898924836013205,0.08111827343320635,0.06949101811467284,LOC111329099/LOC111340398/LOC111333893/LOC111333767,4
GO:0035094,response to nicotine,4/257,25/8488,0.16,5.2843579766536966,3.7906260833597676,0.0062898924836013205,0.08111827343320635,0.06949101811467284,LOC111320817/LOC111320821/LOC111320842/LOC111338776,4
GO:0045843,negative regulation of striated muscle tissue development,4/257,25/8488,0.16,5.2843579766536966,3.7906260833597676,0.0062898924836013205,0.08111827343320635,0.06949101811467284,LOC111327880/LOC111330631/LOC111336934/LOC111333893,4
GO:0048406,nerve growth factor binding,4/257,25/8488,0.16,5.2843579766536966,3.7906260833597676,0.0062898924836013205,0.08111827343320635,0.06949101811467284,LOC111327252/LOC111326544/LOC111320728/LOC111324497,4
GO:0060465,pharynx development,4/257,25/8488,0.16,5.2843579766536966,3.7906260833597676,0.0062898924836013205,0.08111827343320635,0.06949101811467284,LOC111333986/LOC111321759/LOC111342546/LOC111344472,4
GO:0070325,lipoprotein particle receptor binding,4/257,25/8488,0.16,5.2843579766536966,3.7906260833597676,0.0062898924836013205,0.08111827343320635,0.06949101811467284,LOC111325671/LOC111340366/LOC111321178/LOC111340596,4
GO:0097060,synaptic membrane,10/257,131/8488,0.07633587786259542,2.521163156800428,3.100299189259709,0.006310397600854483,0.08111827343320635,0.06949101811467284,LOC111332158/LOC111342023/LOC111343017/LOC111336974/LOC111335693/LOC111345144/LOC111322311/LOC111330961/LOC111326058/LOC111338912,10
GO:0007498,mesoderm development,9/257,111/8488,0.08108108108108109,2.6778841097907247,3.1441014777945426,0.006385338011101378,0.08138600312454637,0.06972037221755653,LOC111327880/LOC111330631/LOC111324192/LOC111325642/LOC111335693/LOC111326654/LOC111333893/LOC111343646/LOC111344472,9
GO:0007599,hemostasis,9/257,111/8488,0.08108108108108109,2.6778841097907247,3.1441014777945426,0.006385338011101378,0.08138600312454637,0.06972037221755653,LOC111320871/LOC111323911/LOC111327252/LOC111320822/LOC111322288/LOC111328749/LOC111327334/LOC111323636/LOC111328207,9
GO:0050727,regulation of inflammatory response,8/257,92/8488,0.08695652173913043,2.8719336829639657,3.189815173132066,0.006576345896772798,0.08346687112866066,0.07150297470708332,LOC111327252/LOC111328749/LOC111332789/LOC111338418/LOC111327334/LOC111323636/LOC111331303/LOC111324532,8
GO:0050768,negative regulation of neurogenesis,14/257,219/8488,0.0639269406392694,2.1113302418136914,2.94412371822897,0.006642331587540162,0.08360126465926013,0.07161810466330795,LOC111336303/LOC111332158/LOC111342023/LOC111320816/LOC111320822/LOC111336974/LOC111322400/LOC111333478/LOC111333901/LOC111345144/LOC111327334/LOC111333767/LOC111340596/LOC111340622,14
GO:1902667,regulation of axon guidance,6/257,56/8488,0.10714285714285714,3.5386325736520283,3.3677971473517623,0.006642520695998394,0.08360126465926013,0.07161810466330795,LOC111342023/LOC111333478/LOC111333901/LOC111323777/LOC111333893/LOC111340622,6
GO:0045596,negative regulation of cell differentiation,21/257,387/8488,0.05426356589147287,1.792175670376738,2.818545359259116,0.006789909554967963,0.08510019975559847,0.07290218680070866,LOC111336303/LOC111330631/LOC111332158/LOC111329099/LOC111342023/LOC111320816/LOC111320822/LOC111322288/LOC111336974/LOC111322400/LOC111333478/LOC111333901/LOC111345144/LOC111327334/LOC111333893/LOC111322526/LOC111336999/LOC111333767/LOC111340596/LOC111344472/LOC111340622,21
GO:0071774,response to fibroblast growth factor,7/257,74/8488,0.0945945945945946,3.1241981280891786,3.2428509642955707,0.006875123622989867,0.08581067160976563,0.0735108217037746,LOC111320817/LOC111324192/LOC111320821/LOC111320842/LOC111325851/LOC111344472/LOC111338817,7
GO:0007476,imaginal disc-derived wing morphogenesis,12/257,176/8488,0.06818181818181818,2.251857092324018,2.9653481033616336,0.007110458575632107,0.08828886947708177,0.07563380195965012,LOC111327880/LOC111329099/LOC111336934/LOC111335693/LOC111327625/LOC111340398/LOC111329762/LOC111326819/LOC111333893/LOC111325220/LOC111334412/LOC111343646,12
GO:0002263,cell activation involved in immune response,17/257,291/8488,0.058419243986254296,1.9294262371802586,2.8506986959561718,0.0071443528477887425,0.08828886947708177,0.07563380195965012,LOC111346891/LOC111327418/LOC111328749/LOC111333170/LOC111326654/LOC111323527/LOC111325560/LOC111329755/LOC111336425/LOC111323636/LOC111328517/LOC111333695/LOC111344752/LOC111326942/LOC111329016/LOC111340596/LOC111322259,17
GO:0008202,steroid metabolic process,9/257,113/8488,0.07964601769911504,2.6304879308563756,3.0830584917225496,0.007161730103859026,0.08828886947708177,0.07563380195965012,LOC111325671/LOC111340366/LOC111334156/LOC111342143/LOC111330961/LOC111331622/LOC111334900/LOC111340596/LOC111342147,9
GO:0017147,Wnt-protein binding,4/257,26/8488,0.15384615384615385,5.0811134390900925,3.682529139314835,0.0072598193844606255,0.08913280289166352,0.07635676843462777,LOC111323862/LOC111336974/LOC111333893/LOC111322245,4
GO:0022407,regulation of cell-cell adhesion,11/257,155/8488,0.07096774193548387,2.34386845738672,2.9835909461558647,0.007329123395401517,0.089617899078730745,0.07677233235747931,LOC111330856/LOC111342023/LOC111335693/LOC111327625/LOC111323127/LOC111323777/LOC111326819/LOC111325220/LOC111333767/LOC111321308/LOC111325968,11
GO:0021782,glial cell development,7/257,75/8488,0.09333333333333334,3.08254215304799,3.200857572640481,0.0073924365639129715,0.09002611005769319,0.07712203157237994,LOC111324192/LOC111323862/LOC111322288/LOC111335321/LOC111321759/LOC111340883/LOC111340596,7
GO:0007605,sensory perception of sound,9/257,114/8488,0.07894736842105263,2.6074134753225473,3.053028891183239,0.007576059941748434,0.09189027542249713,0.07871899294312464,LOC111320817/LOC111329099/LOC111323862/LOC111336828/LOC111320821/LOC111320842/LOC111325851/LOC111326058/LOC111344472,9
GO:0010574,regulation of vascular endothelial growth factor production,3/257,14/8488,0.21428571428571427,7.077265147304057,4.021104268814466,0.007796083614239916,0.09196321377111243,0.07878147652284548,LOC111328024/LOC111328749/LOC111323636,3
GO:0014002,astrocyte development,3/257,14/8488,0.21428571428571427,7.077265147304057,4.021104268814466,0.007796083614239916,0.09196321377111243,0.07878147652284548,LOC111323862/LOC111321759/LOC111340596,3
GO:0030903,notochord development,3/257,14/8488,0.21428571428571427,7.077265147304057,4.021104268814466,0.007796083614239916,0.09196321377111243,0.07878147652284548,LOC111320817/LOC111320821/LOC111320842,3
GO:0034377,plasma lipoprotein particle assembly,3/257,14/8488,0.21428571428571427,7.077265147304057,4.021104268814466,0.007796083614239916,0.09196321377111243,0.07878147652284548,LOC111327880/LOC111325671/LOC111331664,3
GO:0043395,heparan sulfate proteoglycan binding,3/257,14/8488,0.21428571428571427,7.077265147304057,4.021104268814466,0.007796083614239916,0.09196321377111243,0.07878147652284548,LOC111342023/LOC111340596/LOC111340622,3
GO:0046718,symbiont entry into host cell,3/257,14/8488,0.21428571428571427,7.077265147304057,4.021104268814466,0.007796083614239916,0.09196321377111243,0.07878147652284548,LOC111342143/LOC111333695/LOC111342147,3
GO:0097065,anterior head development,3/257,14/8488,0.21428571428571427,7.077265147304057,4.021104268814466,0.007796083614239916,0.09196321377111243,0.07878147652284548,LOC111320817/LOC111320821/LOC111320842,3
GO:0031099,regeneration,9/257,115/8488,0.0782608695652174,2.5847403146675694,3.0233180901672876,0.008008463299340636,0.09409944376725247,0.0806115055788893,LOC111332158/LOC111327625/LOC111338776/LOC111321759/LOC111326819/LOC111328517/LOC111333893/LOC111325851/LOC111325220,9
GO:0060541,respiratory system development,15/257,248/8488,0.06048387096774194,1.9976151625455,2.817361903442757,0.008284121879560347,0.09566153505916097,0.08194969128808305,LOC111330631/LOC111332158/LOC111335693/LOC111335321/LOC111327625/LOC111323127/LOC111326819/LOC111333893/LOC111328120/LOC111332138/LOC111325220/LOC111334412/LOC111333767/LOC111333334/LOC111327558,15
GO:0035114,imaginal disc-derived appendage morphogenesis,13/257,202/8488,0.06435643564356436,2.1255152752629347,2.8606977585030413,0.00830754883036616,0.09566153505916097,0.08194969128808305,LOC111327880/LOC111329099/LOC111336934/LOC111335693/LOC111327625/LOC111340398/LOC111329762/LOC111326819/LOC111333893/LOC111325220/LOC111334412/LOC111343646/LOC111327558,13
GO:0015918,sterol transport,4/257,27/8488,0.14814814814814814,4.8929240524571265,3.579845862003521,0.008323476748625757,0.09566153505916097,0.08194969128808305,LOC111325671/LOC111342143/LOC111321178/LOC111342147,4
GO:0030193,regulation of blood coagulation,4/257,27/8488,0.14814814814814814,4.8929240524571265,3.579845862003521,0.008323476748625757,0.09566153505916097,0.08194969128808305,LOC111320952/LOC111322288/LOC111327334/LOC111321308,4
GO:0031290,retinal ganglion cell axon guidance,4/257,27/8488,0.14814814814814814,4.8929240524571265,3.579845862003521,0.008323476748625757,0.09566153505916097,0.08194969128808305,LOC111342023/LOC111333478/LOC111323777/LOC111331301,4
GO:1901681,sulfur compound binding,8/257,96/8488,0.08333333333333333,2.752269779507133,3.0508525038988195,0.008451823279316177,0.09566153505916097,0.08194969128808305,LOC111342023/LOC111322288/LOC111333170/LOC111325671/LOC111327334/LOC111331622/LOC111340596/LOC111340622,8
GO:0015849,organic acid transport,9/257,116/8488,0.07758620689655173,2.562458070575607,2.9939194958824253,0.008459430959353996,0.09566153505916097,0.08194969128808305,LOC111336828/LOC111330589/LOC111331664/LOC111342077/LOC111330251/LOC111346320/LOC111331303/LOC111334900/LOC111328842,9
GO:0016485,protein processing,9/257,116/8488,0.07758620689655173,2.562458070575607,2.9939194958824253,0.008459430959353996,0.09566153505916097,0.08194969128808305,LOC111327880/LOC111323911/LOC111325264/LOC111336934/LOC111326544/LOC111344752/LOC111328207/LOC111333767/LOC111321502,9
GO:0046942,carboxylic acid transport,9/257,116/8488,0.07758620689655173,2.562458070575607,2.9939194958824253,0.008459430959353996,0.09566153505916097,0.08194969128808305,LOC111336828/LOC111330589/LOC111331664/LOC111342077/LOC111330251/LOC111346320/LOC111331303/LOC111334900/LOC111328842,9
GO:0050839,cell adhesion molecule binding,9/257,116/8488,0.07758620689655173,2.562458070575607,2.9939194958824253,0.008459430959353996,0.09566153505916097,0.08194969128808305,LOC111323911/LOC111334934/LOC111320822/LOC111335693/LOC111333901/LOC111323127/LOC111323777/LOC111321759/LOC111334412,9
GO:0045055,regulated exocytosis,20/257,370/8488,0.05405405405405406,1.7852560731938165,2.729009229045766,0.008509928984170552,0.09586704684508697,0.0821257456175717,LOC111346891/LOC111327418/LOC111327252/LOC111322288/LOC111328749/LOC111333170/LOC111335321/LOC111327625/LOC111323527/LOC111325560/LOC111329755/LOC111336425/LOC111326819/LOC111323636/LOC111333695/LOC111325220/LOC111344752/LOC111326942/LOC111329016/LOC111322259,20
GO:0071260,cellular response to mechanical stimulus,6/257,59/8488,0.1016949152542373,3.358702103805316,3.2123912568537207,0.008551841195900795,0.09586704684508697,0.0821257456175717,LOC111320817/LOC111320821/LOC111322288/LOC111320842/LOC111327334/LOC111333695,6
GO:0098609,cell-cell adhesion,10/257,137/8488,0.072992700729927,2.4107472521230364,2.941423898536387,0.008573216622782046,0.09586704684508697,0.0821257456175717,LOC111332158/LOC111333735/LOC111335693/LOC111323127/LOC111323777/LOC111321759/LOC111333893/LOC111332138/LOC111334412/LOC111331858,10
GO:0035120,post-embryonic appendage morphogenesis,13/257,203/8488,0.06403940886699508,2.1150447566655806,2.8412629247784564,0.008642991560225582,0.09628932819688352,0.08248749839934591,LOC111327880/LOC111329099/LOC111336934/LOC111335693/LOC111327625/LOC111340398/LOC111329762/LOC111326819/LOC111333893/LOC111325220/LOC111334412/LOC111343646/LOC111327558,13
GO:0007472,wing disc morphogenesis,12/257,181/8488,0.06629834254143646,2.189651095298493,2.8586050256267383,0.008811849430489599,0.09744252773716232,0.08347540170092853,LOC111327880/LOC111329099/LOC111336934/LOC111335693/LOC111327625/LOC111340398/LOC111329762/LOC111326819/LOC111333893/LOC111325220/LOC111334412/LOC111343646,12
GO:0090287,regulation of cellular response to growth factor stimulus,12/257,181/8488,0.06629834254143646,2.189651095298493,2.8586050256267383,0.008811849430489599,0.09744252773716232,0.08347540170092853,LOC111327880/LOC111328024/LOC111322288/LOC111336934/LOC111335693/LOC111333478/LOC111333901/LOC111331664/LOC111321680/LOC111326544/LOC111333893/LOC111338817,12
GO:0098590,plasma membrane region,25/257,499/8488,0.050100200400801605,1.6546712101245291,2.663450727183421,0.008843686859124107,0.09744252773716232,0.08347540170092853,LOC111332158/LOC111330205/LOC111329099/LOC111340635/LOC111336828/LOC111342023/LOC111343017/LOC111322288/LOC111336974/LOC111335693/LOC111330589/LOC111333901/LOC111323777/LOC111345144/LOC111330251/LOC111322311/LOC111331589/LOC111330961/LOC111334900/LOC111333695/LOC111326058/LOC111334412/LOC111325968/LOC111340596/LOC111338912,25
GO:0007552,metamorphosis,17/257,298/8488,0.05704697986577181,1.8841041443605882,2.7452820437296026,0.008965480368263248,0.09813316262763543,0.08406704301247604,LOC111327880/LOC111332158/LOC111329099/LOC111336934/LOC111335693/LOC111327625/LOC111326654/LOC111340398/LOC111329762/LOC111339275/LOC111326819/LOC111333893/LOC111325220/LOC111331301/LOC111334412/LOC111343646/LOC111327558,17
GO:0021953,central nervous system neuron differentiation,8/257,97/8488,0.08247422680412371,2.723895864254483,3.0172229070250594,0.008977669984347061,0.09813316262763543,0.08406704301247604,LOC111333478/LOC111334156/LOC111340883/LOC111333893/LOC111325851/LOC111326058/LOC111333767/LOC111331073,8
GO:0060560,developmental growth involved in morphogenesis,10/257,138/8488,0.07246376811594203,2.393278069136638,2.915757950666679,0.009004239655993144,0.09813316262763543,0.08406704301247604,LOC111336828/LOC111342023/LOC111327625/LOC111333478/LOC111323777/LOC111321759/LOC111326819/LOC111333893/LOC111325220/LOC111340622,10
GO:0015711,organic anion transport,12/257,182/8488,0.06593406593406594,2.1776200453243253,2.83767256955109,0.009187395119547711,0.0985081212010798,0.08438825612410532,LOC111345835/LOC111336828/LOC111330589/LOC111331664/LOC111342077/LOC111330251/LOC111346320/LOC111331303/LOC111334900/LOC111333012/LOC111334761/LOC111328842,12
GO:0060349,bone morphogenesis,5/257,43/8488,0.11627906976744186,3.8403764365215816,3.299344494240497,0.009207513390144138,0.0985081212010798,0.08438825612410532,LOC111320817/LOC111320821/LOC111320842/LOC111333767/LOC111338817,5
GO:2001222,regulation of neuron migration,5/257,43/8488,0.11627906976744186,3.8403764365215816,3.299344494240497,0.009207513390144138,0.0985081212010798,0.08438825612410532,LOC111320816/LOC111320822/LOC111333901/LOC111345144/LOC111326544,5
GO:0007167,enzyme-linked receptor protein signaling pathway,20/257,373/8488,0.05361930294906166,1.7708974452592818,2.6904450238326105,0.009261469136537763,0.0985081212010798,0.08438825612410532,LOC111327880/LOC111328024/LOC111328393/LOC111324192/LOC111325642/LOC111320871/LOC111323862/LOC111320822/LOC111322288/LOC111336934/LOC111333478/LOC111333901/LOC111323777/LOC111339275/LOC111320751/LOC111326544/LOC111325851/LOC111331301/LOC111343646/LOC111338817,20
GO:0035152,"regulation of tube architecture, open tracheal system",6/257,60/8488,0.1,3.3027237354085606,3.162806051869851,0.00926768439874195,0.0985081212010798,0.08438825612410532,LOC111332158/LOC111335693/LOC111335321/LOC111333893/LOC111332138/LOC111334412,6
GO:0061041,regulation of wound healing,6/257,60/8488,0.1,3.3027237354085606,3.162806051869851,0.00926768439874195,0.0985081212010798,0.08438825612410532,LOC111320952/LOC111322288/LOC111332789/LOC111323127/LOC111327334/LOC111321308,6
GO:0007628,adult walking behavior,4/257,28/8488,0.14285714285714285,4.718176764869371,3.482099915875666,0.009484310231748432,0.0985081212010798,0.08438825612410532,LOC111342143/LOC111331301/LOC111331073/LOC111342147,4
GO:0030513,positive regulation of BMP signaling pathway,4/257,28/8488,0.14285714285714285,4.718176764869371,3.482099915875666,0.009484310231748432,0.0985081212010798,0.08438825612410532,LOC111327880/LOC111328024/LOC111336934/LOC111333901,4
GO:0032370,positive regulation of lipid transport,4/257,28/8488,0.14285714285714285,4.718176764869371,3.482099915875666,0.009484310231748432,0.0985081212010798,0.08438825612410532,LOC111319860/LOC111346320/LOC111321178/LOC111340596,4
GO:0001893,maternal placenta development,3/257,15/8488,0.2,6.605447470817121,3.839323218782979,0.009529874757152333,0.0985081212010798,0.08438825612410532,LOC111331303/LOC111333695/LOC111328842,3
GO:0003416,endochondral bone growth,3/257,15/8488,0.2,6.605447470817121,3.839323218782979,0.009529874757152333,0.0985081212010798,0.08438825612410532,LOC111320817/LOC111320821/LOC111320842,3
GO:0010543,regulation of platelet activation,3/257,15/8488,0.2,6.605447470817121,3.839323218782979,0.009529874757152333,0.0985081212010798,0.08438825612410532,LOC111322288/LOC111327334/LOC111321308,3
GO:0050918,positive chemotaxis,3/257,15/8488,0.2,6.605447470817121,3.839323218782979,0.009529874757152333,0.0985081212010798,0.08438825612410532,LOC111322288/LOC111333478/LOC111340622,3
GO:0060351,cartilage development involved in endochondral bone morphogenesis,3/257,15/8488,0.2,6.605447470817121,3.839323218782979,0.009529874757152333,0.0985081212010798,0.08438825612410532,LOC111320817/LOC111320821/LOC111320842,3
GO:0098868,bone growth,3/257,15/8488,0.2,6.605447470817121,3.839323218782979,0.009529874757152333,0.0985081212010798,0.08438825612410532,LOC111320817/LOC111320821/LOC111320842,3
GO:0005773,vacuole,21/257,400/8488,0.0525,1.7339299610894943,2.656937897582861,0.009731098851016704,0.1002436484378707,0.08587501797869103,LOC111346891/LOC111320952/LOC111335819/LOC111328749/LOC111333170/LOC111325671/LOC111322266/LOC111342143/LOC111323527/LOC111325560/LOC111329755/LOC111336425/LOC111323636/LOC111322261/LOC111336999/LOC111333695/LOC111344752/LOC111326942/LOC111337168/LOC111329016/LOC111342147,21
GO:0050678,regulation of epithelial cell proliferation,10/257,140/8488,0.07142857142857142,2.3590883824346855,2.8650873005845305,0.009915972867050237,0.1017994757136079,0.08720783753741326,LOC111328024/LOC111330631/LOC111322288/LOC111332789/LOC111333478/LOC111321759/LOC111333893/LOC111344472/LOC111333334/LOC111340622,10
GO:0007179,transforming growth factor beta receptor signaling pathway,6/257,61/8488,0.09836065573770492,3.248580723352682,3.1142556832821136,0.01002534715099186,0.1025722592863385,0.08786985258012199,LOC111320871/LOC111320822/LOC111333901/LOC111343966/LOC111326544/LOC111343646,6
GO:0001822,kidney development,11/257,162/8488,0.06790123456790123,2.242590190709516,2.8215294445044616,0.01006838799792023,0.10266342744997983,0.08794795296666807,LOC111328024/LOC111330631/LOC111336828/LOC111322288/LOC111336974/LOC111335693/LOC111333478/LOC111321759/LOC111340883/LOC111330961/LOC111333767,11
GO:0098657,import into cell,19/257,352/8488,0.05397727272727273,1.782720198089848,2.650267827934732,0.010365674231059902,0.1052222834460135,0.0901400300517361,LOC111336303/LOC111319860/LOC111328749/LOC111325671/LOC111322400/LOC111340366/LOC111329762/LOC111338418/LOC111342143/LOC111323527/LOC111327210/LOC111323636/LOC111326058/LOC111334761/LOC111329754/LOC111325968/LOC111340596/LOC111330877/LOC111342147,19
GO:0016331,morphogenesis of embryonic epithelium,12/257,185/8488,0.06486486486486487,2.1423072878325797,2.7756752614481286,0.0103893012578012,0.1052222834460135,0.0901400300517361,LOC111329099/LOC111330856/LOC111335321/LOC111326654/LOC111338776/LOC111340883/LOC111333893/LOC111325851/LOC111332138/LOC111331301/LOC111343646/LOC111342147,12
GO:0007178,cell surface receptor protein serine/threonine kinase signaling pathway,8/257,100/8488,0.08,2.6421789883268483,2.9188289295336296,0.0107022745123129,0.10667542084822651,0.09138487900212015,LOC111325642/LOC111320871/LOC111323862/LOC111320822/LOC111333901/LOC111326544/LOC111331301/LOC111343646,8
GO:0008039,synaptic target recognition,4/257,29/8488,0.13793103448275862,4.555481014356634,3.3888723648484635,0.0107455626718792,0.10667542084822651,0.09138487900212015,LOC111328024/LOC111335321/LOC111326544/LOC111338912,4
GO:0035924,cellular response to vascular endothelial growth factor stimulus,4/257,29/8488,0.13793103448275862,4.555481014356634,3.3888723648484635,0.0107455626718792,0.10667542084822651,0.09138487900212015,LOC111322288/LOC111333478/LOC111339275/LOC111344634,4
GO:0048635,negative regulation of muscle organ development,4/257,29/8488,0.13793103448275862,4.555481014356634,3.3888723648484635,0.0107455626718792,0.10667542084822651,0.09138487900212015,LOC111327880/LOC111330631/LOC111336934/LOC111333893,4
GO:0050919,negative chemotaxis,4/257,29/8488,0.13793103448275862,4.555481014356634,3.3888723648484635,0.0107455626718792,0.10667542084822651,0.09138487900212015,LOC111328024/LOC111323127/LOC111338912/LOC111340622,4
GO:0090659,walking behavior,4/257,29/8488,0.13793103448275862,4.555481014356634,3.3888723648484635,0.0107455626718792,0.10667542084822651,0.09138487900212015,LOC111342143/LOC111331301/LOC111331073/LOC111342147,4
GO:0032526,response to retinoic acid,6/257,62/8488,0.0967741935483871,3.1961842600728003,3.066699722679607,0.01082607629203112,0.10712117594220268,0.09176674086874025,LOC111320817/LOC111320871/LOC111320821/LOC111320842/LOC111333893/LOC111344472,6
GO:0007204,positive regulation of cytosolic calcium ion concentration,7/257,81/8488,0.08641975308641975,2.8542056972666567,2.962765363208721,0.01112096488193519,0.10967823726183952,0.09395728052106073,LOC111323945/LOC111328749/LOC111323527/LOC111327334/LOC111323636/LOC111333893/LOC111326058,7
GO:0002446,neutrophil mediated immunity,15/257,257/8488,0.058365758754863814,1.927659767748187,2.6683718139770938,0.01128622658519726,0.11058672914043535,0.09473555183923074,LOC111346891/LOC111327418/LOC111328749/LOC111333170/LOC111323527/LOC111327334/LOC111325560/LOC111329755/LOC111336425/LOC111323636/LOC111333695/LOC111344752/LOC111326942/LOC111329016/LOC111322259,15
GO:0070372,regulation of ERK1 and ERK2 cascade,8/257,101/8488,0.07920792079207921,2.6160188003236122,2.8868295106180533,0.011328307894570247,0.11058672914043535,0.09473555183923074,LOC111322288/LOC111328749/LOC111327625/LOC111333478/LOC111326819/LOC111323636/LOC111325220/LOC111338817,8
GO:0007354,"zygotic determination of anterior/posterior axis, embryo",3/257,16/8488,0.1875,6.192607003891051,3.6734136417930006,0.011470432011906858,0.11058672914043535,0.09473555183923074,LOC111327880/LOC111336934/LOC111343646,3
GO:0030669,clathrin-coated endocytic vesicle membrane,3/257,16/8488,0.1875,6.192607003891051,3.6734136417930006,0.011470432011906858,0.11058672914043535,0.09473555183923074,LOC111323862/LOC111325671/LOC111333893,3
GO:0040010,positive regulation of growth rate,3/257,16/8488,0.1875,6.192607003891051,3.6734136417930006,0.011470432011906858,0.11058672914043535,0.09473555183923074,LOC111342143/LOC111326058/LOC111342147,3
GO:0042744,hydrogen peroxide catabolic process,3/257,16/8488,0.1875,6.192607003891051,3.6734136417930006,0.011470432011906858,0.11058672914043535,0.09473555183923074,LOC111336303/LOC111333170/LOC111322400,3
GO:2001240,negative regulation of extrinsic apoptotic signaling pathway in absence of ligand,3/257,16/8488,0.1875,6.192607003891051,3.6734136417930006,0.011470432011906858,0.11058672914043535,0.09473555183923074,LOC111320817/LOC111320821/LOC111320842,3
GO:0048863,stem cell differentiation,9/257,122/8488,0.07377049180327869,2.436435542514512,2.8237385941553126,0.011582720145300497,0.11131253098103482,0.09535731937345086,LOC111324192/LOC111327252/LOC111326654/LOC111333478/LOC111338776/LOC111333893/LOC111325851/LOC111321502/LOC111344472,9
GO:0021510,spinal cord development,6/257,63/8488,0.09523809523809523,3.1454511765795807,3.020099961052463,0.01167109976810505,0.11180467548554138,0.09577892132859928,LOC111342023/LOC111340883/LOC111325851/LOC111331301/LOC111333767/LOC111331073,6
GO:0006820,monoatomic anion transport,13/257,211/8488,0.061611374407582936,2.034853486270677,2.6896822629627875,0.011726050357655953,0.11197447452644162,0.09592438187315547,LOC111345835/LOC111336828/LOC111343017/LOC111330589/LOC111331664/LOC111342077/LOC111330251/LOC111346320/LOC111331303/LOC111334900/LOC111333012/LOC111334761/LOC111328842,13
GO:0030855,epithelial cell differentiation,23/257,459/8488,0.05010893246187364,1.6549596059781457,2.549221025671902,0.011824494039631825,0.11248846771411015,0.09636470078532393,LOC111327880/LOC111329099/LOC111330856/LOC111342023/LOC111320816/LOC111320952/LOC111322288/LOC111326654/LOC111333478/LOC111338776/LOC111323777/LOC111340398/LOC111321759/LOC111340883/LOC111339275/LOC111326544/LOC111333893/LOC111333695/LOC111326058/LOC111334412/LOC111333767/LOC111343646/LOC111344472,23
GO:0048546,digestive tract morphogenesis,7/257,82/8488,0.08536585365853659,2.8193983107146248,2.9252122428698155,0.011854668971201104,0.11248846771411015,0.09636470078532393,LOC111324192/LOC111322288/LOC111335693/LOC111326654/LOC111339275/LOC111320751/LOC111333767,7
GO:0060538,skeletal muscle organ development,8/257,102/8488,0.0784313725490196,2.5903715571831847,2.855213699923306,0.011980990524153844,0.11332962105866277,0.09708528567735389,LOC111336303/LOC111330631/LOC111330205/LOC111335693/LOC111322400/LOC111320751/LOC111325851/LOC111333695,8
GO:0051961,negative regulation of nervous system development,15/257,259/8488,0.05791505791505792,1.912774364136232,2.636071264327638,0.01205711059276192,0.1134818962475091,0.09721573418739583,LOC111336303/LOC111332158/LOC111342023/LOC111320816/LOC111320822/LOC111336974/LOC111322400/LOC111333478/LOC111333901/LOC111331664/LOC111345144/LOC111327334/LOC111333767/LOC111340596/LOC111340622,15
GO:0002062,chondrocyte differentiation,4/257,30/8488,0.13333333333333333,4.403631647211414,3.2997930383997023,0.01211026884822155,0.1134818962475091,0.09721573418739583,LOC111328024/LOC111320817/LOC111320821/LOC111320842,4
GO:0097066,response to thyroid hormone,4/257,30/8488,0.13333333333333333,4.403631647211414,3.2997930383997023,0.01211026884822155,0.1134818962475091,0.09721573418739583,LOC111325642/LOC111320871/LOC111327334/LOC111333695,4
GO:0042632,cholesterol homeostasis,5/257,46/8488,0.10869565217391304,3.589917103704957,3.1121424507377067,0.012187295543947409,0.11349654797583221,0.09722828577996825,LOC111320024/LOC111323945/LOC111325671/LOC111342143/LOC111342147,5
GO:0055092,sterol homeostasis,5/257,46/8488,0.10869565217391304,3.589917103704957,3.1121424507377067,0.012187295543947409,0.11349654797583221,0.09722828577996825,LOC111320024/LOC111323945/LOC111325671/LOC111342143/LOC111342147,5
GO:0002165,instar larval or pupal development,18/257,333/8488,0.05405405405405406,1.7852560731938165,2.5830856092487013,0.01227319960738598,0.11394377907104021,0.09761141208213413,LOC111327880/LOC111332158/LOC111329099/LOC111336934/LOC111335693/LOC111327625/LOC111340398/LOC111329762/LOC111339275/LOC111342143/LOC111326819/LOC111333893/LOC111325220/LOC111331301/LOC111334412/LOC111343646/LOC111327558/LOC111342147,18
GO:0035220,wing disc development,14/257,236/8488,0.059322033898305086,1.9592428938864341,2.640719937267302,0.012398888064595407,0.11475647784093226,0.09830762099475161,LOC111327880/LOC111328024/LOC111329099/LOC111336934/LOC111335693/LOC111327625/LOC111340398/LOC111329762/LOC111326819/LOC111333893/LOC111325220/LOC111334412/LOC111333767/LOC111343646,14
GO:0048589,developmental growth,19/257,360/8488,0.05277777777777778,1.7431041936878513,2.5458128664478634,0.012945476515391805,0.11911085591610972,0.10203785529207608,LOC111320817/LOC111324192/LOC111336828/LOC111342023/LOC111320821/LOC111336974/LOC111327625/LOC111333478/LOC111320842/LOC111323777/LOC111321759/LOC111344634/LOC111326819/LOC111333893/LOC111325851/LOC111325220/LOC111334412/LOC111333767/LOC111340622,19
GO:0007369,gastrulation,11/257,168/8488,0.06547619047619048,2.1624976838984624,2.68907203278188,0.012992003995165091,0.11911085591610972,0.10203785529207608,LOC111327880/LOC111324192/LOC111336934/LOC111335693/LOC111326654/LOC111323127/LOC111321759/LOC111321489/LOC111333893/LOC111343646/LOC111330437,11
GO:0030424,axon,22/257,437/8488,0.05034324942791762,1.6626984480317692,2.513327716579743,0.013019802550128651,0.11911085591610972,0.10203785529207608,LOC111328393/LOC111332158/LOC111329099/LOC111323862/LOC111342023/LOC111343017/LOC111321843/LOC111336974/LOC111328749/LOC111335693/LOC111333478/LOC111333901/LOC111331664/LOC111342077/LOC111323777/LOC111345144/LOC111322311/LOC111341777/LOC111330961/LOC111323636/LOC111328517/LOC111343646,22
GO:0007507,heart development,19/257,361/8488,0.05263157894736842,1.7382756502150316,2.532936940163834,0.013300936524166074,0.11911085591610972,0.10203785529207608,LOC111320817/LOC111324192/LOC111320821/LOC111320822/LOC111322288/LOC111335321/LOC111326654/LOC111333478/LOC111320842/LOC111340366/LOC111321759/LOC111340883/LOC111333893/LOC111325851/LOC111332138/LOC111333767/LOC111321502/LOC111340596/LOC111344472,19
GO:0060976,coronary vasculature development,5/257,47/8488,0.10638297872340426,3.513535888732511,3.0531942181770457,0.01331037444012979,0.11911085591610972,0.10203785529207608,LOC111322288/LOC111333478/LOC111340366/LOC111340596/LOC111344472,5
GO:0051480,regulation of cytosolic calcium ion concentration,8/257,104/8488,0.07692307692307693,2.5405567195450462,2.793097456646467,0.013368841655586414,0.11911085591610972,0.10203785529207608,LOC111323945/LOC111328749/LOC111323527/LOC111327334/LOC111330961/LOC111323636/LOC111333893/LOC111326058,8
GO:0001704,formation of primary germ layer,7/257,84/8488,0.08333333333333333,2.752269779507133,2.85177300760212,0.013426062548863069,0.11911085591610972,0.10203785529207608,LOC111327880/LOC111324192/LOC111335693/LOC111326654/LOC111321759/LOC111321489/LOC111333893,7
GO:0045211,postsynaptic membrane,7/257,84/8488,0.08333333333333333,2.752269779507133,2.85177300760212,0.013426062548863069,0.11911085591610972,0.10203785529207608,LOC111332158/LOC111342023/LOC111343017/LOC111345144/LOC111330961/LOC111326058/LOC111338912,7
GO:0007157,heterophilic cell-cell adhesion via plasma membrane cell adhesion molecules,4/257,31/8488,0.12903225806451613,4.2615790134304,3.2145334366319345,0.013581251504600675,0.11911085591610972,0.10203785529207608,LOC111335693/LOC111323777/LOC111340617/LOC111334412,4
GO:0010955,negative regulation of protein processing,4/257,31/8488,0.12903225806451613,4.2615790134304,3.2145334366319345,0.013581251504600675,0.11911085591610972,0.10203785529207608,LOC111327252/LOC111338418/LOC111344634/LOC111326544,4
GO:0019955,cytokine binding,4/257,31/8488,0.12903225806451613,4.2615790134304,3.2145334366319345,0.013581251504600675,0.11911085591610972,0.10203785529207608,LOC111336303/LOC111327252/LOC111322400/LOC111333478,4
GO:0021515,cell differentiation in spinal cord,4/257,31/8488,0.12903225806451613,4.2615790134304,3.2145334366319345,0.013581251504600675,0.11911085591610972,0.10203785529207608,LOC111340883/LOC111325851/LOC111333767/LOC111331073,4
GO:0032809,neuronal cell body membrane,4/257,31/8488,0.12903225806451613,4.2615790134304,3.2145334366319345,0.013581251504600675,0.11911085591610972,0.10203785529207608,LOC111323862/LOC111343017/LOC111328517/LOC111326058,4
GO:0048641,regulation of skeletal muscle tissue development,4/257,31/8488,0.12903225806451613,4.2615790134304,3.2145334366319345,0.013581251504600675,0.11911085591610972,0.10203785529207608,LOC111327880/LOC111330631/LOC111336934/LOC111344472,4
GO:0032374,regulation of cholesterol transport,3/257,17/8488,0.17647058823529413,5.828336003662166,3.5210481718084794,0.013621720224448719,0.11911085591610972,0.10203785529207608,LOC111342143/LOC111340596/LOC111342147,3
GO:0033280,response to vitamin D,3/257,17/8488,0.17647058823529413,5.828336003662166,3.5210481718084794,0.013621720224448719,0.11911085591610972,0.10203785529207608,LOC111331303/LOC111333893/LOC111326058,3
GO:0038084,vascular endothelial growth factor signaling pathway,3/257,17/8488,0.17647058823529413,5.828336003662166,3.5210481718084794,0.013621720224448719,0.11911085591610972,0.10203785529207608,LOC111322288/LOC111333478/LOC111339275,3
GO:0046463,acylglycerol biosynthetic process,3/257,17/8488,0.17647058823529413,5.828336003662166,3.5210481718084794,0.013621720224448719,0.11911085591610972,0.10203785529207608,LOC111331664/LOC111323127/LOC111346320,3
GO:0097067,cellular response to thyroid hormone stimulus,3/257,17/8488,0.17647058823529413,5.828336003662166,3.5210481718084794,0.013621720224448719,0.11911085591610972,0.10203785529207608,LOC111325642/LOC111320871/LOC111333695,3
GO:0048640,negative regulation of developmental growth,8/257,105/8488,0.0761904761904762,2.5163609412636654,2.7625800270509813,0.014105268881806894,0.12298159071442069,0.1053537703208643,LOC111327880/LOC111342023/LOC111336934/LOC111333478/LOC111333901/LOC111331664/LOC111334412/LOC111340622,8
GO:0007517,muscle organ development,12/257,193/8488,0.06217616580310881,2.053506985746255,2.615924714486446,0.014193461676932646,0.12306834096290059,0.10542808604324633,LOC111336303/LOC111330631/LOC111324192/LOC111330205/LOC111320822/LOC111335693/LOC111322400/LOC111320751/LOC111333893/LOC111325851/LOC111333695/LOC111344472,12
GO:0010721,negative regulation of cell development,14/257,240/8488,0.058333333333333334,1.9265888456549936,2.572975936047891,0.01419704598208993,0.12306834096290059,0.10542808604324633,LOC111336303/LOC111332158/LOC111342023/LOC111320816/LOC111320822/LOC111336974/LOC111322400/LOC111333478/LOC111333901/LOC111345144/LOC111327334/LOC111333767/LOC111340596/LOC111340622,14
GO:0035051,cardiocyte differentiation,7/257,85/8488,0.08235294117647059,2.719890135042344,2.815855395752316,0.014265429745853144,0.12330578355036281,0.10563149430686176,LOC111324192/LOC111322288/LOC111326654/LOC111321759/LOC111325851/LOC111321502/LOC111344472,7
GO:0043202,lysosomal lumen,6/257,66/8488,0.09090909090909091,3.002476123098691,2.8856859007839537,0.014483890940250826,0.12411379349397007,0.10632368647579744,LOC111325671/LOC111322266/LOC111336425/LOC111322261/LOC111333695/LOC111329016,6
GO:0072006,nephron development,6/257,66/8488,0.09090909090909091,3.002476123098691,2.8856859007839537,0.014483890940250826,0.12411379349397007,0.10632368647579744,LOC111328024/LOC111322288/LOC111335693/LOC111321759/LOC111330961/LOC111333767,6
GO:0042246,tissue regeneration,5/257,48/8488,0.10416666666666667,3.440337224383917,2.995826112473501,0.01450127812672971,0.12411379349397007,0.10632368647579744,LOC111327625/LOC111326819/LOC111333893/LOC111325851/LOC111325220,5
GO:0099503,secretory vesicle,24/257,494/8488,0.048582995951417005,1.6045621386600293,2.446468960055682,0.01452395455780501,0.12411379349397007,0.10632368647579744,LOC111342023/LOC111346891/LOC111327418/LOC111327252/LOC111343017/LOC111322288/LOC111328749/LOC111333170/LOC111327625/LOC111323527/LOC111325560/LOC111329755/LOC111336425/LOC111326819/LOC111323636/LOC111331303/LOC111333695/LOC111325220/LOC111344752/LOC111326942/LOC111329016/LOC111343646/LOC111328842/LOC111322259,24
GO:0043434,response to peptide hormone,14/257,241/8488,0.058091286307053944,1.9185947010672135,2.5562411499481543,0.014676603809233277,0.1250629582384524,0.10713680073058912,LOC111320817/LOC111325642/LOC111320952/LOC111320821/LOC111322288/LOC111320842/LOC111329762/LOC111339275/LOC111346320/LOC111327334/LOC111325560/LOC111333893/LOC111333695/LOC111328842,14
GO:0097237,cellular response to toxic substance,9/257,127/8488,0.07086614173228346,2.340512883360397,2.6894353125980794,0.014786472619192817,0.12564324756647455,0.10763391308886118,LOC111320817/LOC111336303/LOC111320821/LOC111322288/LOC111333170/LOC111322400/LOC111320842/LOC111323527/LOC111336999,9
GO:0046890,regulation of lipid biosynthetic process,8/257,106/8488,0.07547169811320754,2.4926216871008,2.7324121871896194,0.014870861542729185,0.12600437048036447,0.10794327370378368,LOC111320024/LOC111322288/LOC111328749/LOC111325671/LOC111331664/LOC111346320/LOC111323636/LOC111331303,8
GO:0045321,leukocyte activation,20/257,392/8488,0.05102040816326531,1.68506313031049,2.4538936701394793,0.015356118402569086,0.12975057346889834,0.11115250694704058,LOC111329099/LOC111346891/LOC111327418/LOC111328749/LOC111333170/LOC111326654/LOC111340883/LOC111323527/LOC111325560/LOC111329755/LOC111336425/LOC111323636/LOC111328517/LOC111333893/LOC111333695/LOC111344752/LOC111326942/LOC111333767/LOC111329016/LOC111322259,20
GO:0010876,lipid localization,9/257,128/8488,0.0703125,2.322227626459144,2.6633327840672516,0.015498671971184135,0.13058825011014533,0.11187011347621632,LOC111325671/LOC111331664/LOC111323127/LOC111342143/LOC111346320/LOC111321178/LOC111331303/LOC111334900/LOC111342147,9
GO:0006638,neutral lipid metabolic process,5/257,49/8488,0.10204081632653061,3.37012626062098,2.9399597908460224,0.015761655470876195,0.13243312753183126,0.11345055158102006,LOC111325671/LOC111326654/LOC111331664/LOC111323127/LOC111346320,5
GO:0019991,septate junction assembly,3/257,18/8488,0.16666666666666666,5.504539559014266,3.3803550226023984,0.015986740482755554,0.1332080758230712,0.11411442105783816,LOC111335321/LOC111323127/LOC111332138,3
GO:0044409,symbiont entry into host,3/257,18/8488,0.16666666666666666,5.504539559014266,3.3803550226023984,0.015986740482755554,0.1332080758230712,0.11411442105783816,LOC111342143/LOC111333695/LOC111342147,3
GO:0071709,membrane assembly,3/257,18/8488,0.16666666666666666,5.504539559014266,3.3803550226023984,0.015986740482755554,0.1332080758230712,0.11411442105783816,LOC111336974/LOC111335321/LOC111323777,3
GO:0016323,basolateral plasma membrane,9/257,129/8488,0.06976744186046512,2.3042258619129488,2.6374720267429512,0.016235815338757148,0.13490975839497651,0.11557218944250508,LOC111336828/LOC111342023/LOC111322288/LOC111335693/LOC111330589/LOC111323777/LOC111331589/LOC111326058/LOC111340596,9
GO:0060485,mesenchyme development,8/257,108/8488,0.07407407407407407,2.4464620262285632,2.6730942209749506,0.016492001561280924,0.13644520360675294,0.11688754844251512,LOC111330631/LOC111324192/LOC111325642/LOC111326654/LOC111333478/LOC111325851/LOC111324368/LOC111344472,8
GO:0003007,heart morphogenesis,11/257,174/8488,0.06321839080459771,2.087928798246791,2.5620491029349135,0.016520344752577066,0.13644520360675294,0.11688754844251512,LOC111320817/LOC111320821/LOC111335321/LOC111333478/LOC111320842/LOC111321759/LOC111340883/LOC111333893/LOC111332138/LOC111333767/LOC111344472,11
GO:0003279,cardiac septum development,6/257,68/8488,0.08823529411764706,2.914168001831083,2.8002436726640982,0.016602042726087625,0.13644520360675294,0.11688754844251512,LOC111333478/LOC111340366/LOC111340883/LOC111333893/LOC111340596/LOC111344472,6
GO:0030326,embryonic limb morphogenesis,6/257,68/8488,0.08823529411764706,2.914168001831083,2.8002436726640982,0.016602042726087625,0.13644520360675294,0.11688754844251512,LOC111329099/LOC111323862/LOC111336974/LOC111321680/LOC111333767/LOC111338817,6
GO:0044297,cell body,23/257,474/8488,0.04852320675105485,1.6025874665484574,2.3856237957819757,0.016793486764788756,0.1370043291108656,0.11736653053730368,LOC111332158/LOC111323862/LOC111343017/LOC111322288/LOC111336974/LOC111328749/LOC111325671/LOC111333478/LOC111333901/LOC111331664/LOC111342077/LOC111340398/LOC111345144/LOC111322311/LOC111323527/LOC111330961/LOC111323636/LOC111326544/LOC111328517/LOC111324532/LOC111326058/LOC111325968/LOC111340596,23
GO:0001541,ovarian follicle development,4/257,33/8488,0.12121212121212122,4.003301497464922,3.0543335209178255,0.01685226122706791,0.1370043291108656,0.11736653053730368,LOC111325642/LOC111320816/LOC111329762/LOC111331303,4
GO:0004601,peroxidase activity,4/257,33/8488,0.12121212121212122,4.003301497464922,3.0543335209178255,0.01685226122706791,0.1370043291108656,0.11736653053730368,LOC111336303/LOC111333170/LOC111322400/LOC111338412,4
GO:0035987,endodermal cell differentiation,4/257,33/8488,0.12121212121212122,4.003301497464922,3.0543335209178255,0.01685226122706791,0.1370043291108656,0.11736653053730368,LOC111324192/LOC111335693/LOC111321759/LOC111321489,4
GO:0035023,regulation of Rho protein signal transduction,5/257,50/8488,0.1,3.3027237354085606,2.885522340262473,0.017093084303965535,0.13858759457231354,0.11872285537269864,LOC111320822/LOC111335693/LOC111333478/LOC111330877/LOC111327558,5
GO:0048514,blood vessel morphogenesis,11/257,175/8488,0.06285714285714286,2.0759977765425237,2.5413756819202646,0.017172075384122673,0.1388537708479597,0.11895087872193635,LOC111320822/LOC111322288/LOC111335693/LOC111325671/LOC111333478/LOC111340883/LOC111320751/LOC111324368/LOC111340596/LOC111344472/LOC111340622,11
GO:2000145,regulation of cell motility,21/257,423/8488,0.04964539007092199,1.6396500814085053,2.384667425162921,0.0174004671512611,0.1403233383136552,0.12020980269870798,LOC111328024/LOC111323862/LOC111333735/LOC111330856/LOC111320816/LOC111320822/LOC111322288/LOC111328749/LOC111335693/LOC111333478/LOC111333901/LOC111323127/LOC111345144/LOC111321759/LOC111323636/LOC111326544/LOC111328517/LOC111336999/LOC111340596/LOC111338817/LOC111340622,21
GO:1903825,organic acid transmembrane transport,6/257,69/8488,0.08695652173913043,2.8719336829639657,2.758684987092193,0.017737319008684818,0.14227694820833048,0.1218833878828363,LOC111336828/LOC111330589/LOC111342077/LOC111330251/LOC111334900/LOC111328842,6
GO:1905039,carboxylic acid transmembrane transport,6/257,69/8488,0.08695652173913043,2.8719336829639657,2.758684987092193,0.017737319008684818,0.14227694820833048,0.1218833878828363,LOC111336828/LOC111330589/LOC111342077/LOC111330251/LOC111334900/LOC111328842,6
GO:0008514,organic anion transmembrane transporter activity,7/257,89/8488,0.07865168539325842,2.597647881782014,2.6771927641960773,0.017999736285877407,0.14399789028701926,0.12335765517309041,LOC111345835/LOC111336828/LOC111330589/LOC111342077/LOC111334900/LOC111334761/LOC111328842,7
GO:0007223,"Wnt signaling pathway, calcium modulating pathway",3/257,19/8488,0.15789473684210525,5.214826950645095,3.249809054257021,0.018567600252239636,0.1461453523587417,0.12519730633195678,LOC111323862/LOC111333893/LOC111330060,3
GO:0010002,cardioblast differentiation,3/257,19/8488,0.15789473684210525,5.214826950645095,3.249809054257021,0.018567600252239636,0.1461453523587417,0.12519730633195678,LOC111324192/LOC111326654/LOC111321502,3
GO:0060384,innervation,3/257,19/8488,0.15789473684210525,5.214826950645095,3.249809054257021,0.018567600252239636,0.1461453523587417,0.12519730633195678,LOC111328024/LOC111324621/LOC111333478,3
GO:0072207,metanephric epithelium development,3/257,19/8488,0.15789473684210525,5.214826950645095,3.249809054257021,0.018567600252239636,0.1461453523587417,0.12519730633195678,LOC111322288/LOC111321759/LOC111330961,3
GO:0098659,inorganic cation import across plasma membrane,3/257,19/8488,0.15789473684210525,5.214826950645095,3.249809054257021,0.018567600252239636,0.1461453523587417,0.12519730633195678,LOC111323527/LOC111326058/LOC111329754,3
GO:0030168,platelet activation,4/257,34/8488,0.11764705882352941,3.885557335774777,2.9788964494943104,0.018656853492605326,0.1461453523587417,0.12519730633195678,LOC111320871/LOC111323911/LOC111320822/LOC111327334,4
GO:0034446,substrate adhesion-dependent cell spreading,4/257,34/8488,0.11764705882352941,3.885557335774777,2.9788964494943104,0.018656853492605326,0.1461453523587417,0.12519730633195678,LOC111335693/LOC111333478/LOC111321759/LOC111333893,4
GO:0048859,formation of anatomical boundary,4/257,34/8488,0.11764705882352941,3.885557335774777,2.9788964494943104,0.018656853492605326,0.1461453523587417,0.12519730633195678,LOC111335693/LOC111333901/LOC111333893/LOC111334412,4
GO:0030334,regulation of cell migration,20/257,400/8488,0.05,1.6513618677042803,2.3580288625563086,0.018719991767355913,0.14625905256157554,0.1252947090813049,LOC111328024/LOC111323862/LOC111333735/LOC111320816/LOC111320822/LOC111322288/LOC111328749/LOC111335693/LOC111333478/LOC111333901/LOC111323127/LOC111345144/LOC111321759/LOC111323636/LOC111326544/LOC111328517/LOC111336999/LOC111340596/LOC111338817/LOC111340622,20
GO:0043312,neutrophil degranulation,14/257,249/8488,0.05622489959839357,1.8569531042457768,2.4251401421711822,0.01897654576915399,0.14716363979322042,0.12606963543316196,LOC111346891/LOC111327418/LOC111328749/LOC111333170/LOC111323527/LOC111325560/LOC111329755/LOC111336425/LOC111323636/LOC111333695/LOC111344752/LOC111326942/LOC111329016/LOC111322259,14
GO:0009636,response to toxic substance,18/257,349/8488,0.05157593123209169,1.7034105225602891,2.371119334993509,0.01897972585984533,0.14716363979322042,0.12606963543316196,LOC111320817/LOC111336303/LOC111332158/LOC111325642/LOC111320821/LOC111322288/LOC111333170/LOC111322400/LOC111320842/LOC111338776/LOC111323527/LOC111324410/LOC111325560/LOC111331303/LOC111324532/LOC111336999/LOC111333695/LOC111329754,18
GO:0018108,peptidyl-tyrosine phosphorylation,7/257,90/8488,0.07777777777777778,2.5687851275399916,2.6437120158810976,0.0190314680450674,0.14716363979322042,0.12606963543316196,LOC111328393/LOC111324192/LOC111323862/LOC111322288/LOC111333478/LOC111339275/LOC111338817,7
GO:0018212,peptidyl-tyrosine modification,7/257,90/8488,0.07777777777777778,2.5687851275399916,2.6437120158810976,0.0190314680450674,0.14716363979322042,0.12606963543316196,LOC111328393/LOC111324192/LOC111323862/LOC111322288/LOC111333478/LOC111339275/LOC111338817,7
GO:2000146,negative regulation of cell motility,9/257,133/8488,0.06766917293233082,2.234925835990755,2.536359628812618,0.019443301912885604,0.1499626978306664,0.12846748470376237,LOC111328024/LOC111330856/LOC111320816/LOC111320822/LOC111322288/LOC111328749/LOC111323636/LOC111336999/LOC111340596,9
GO:0031960,response to corticosteroid,7/257,91/8488,0.07692307692307693,2.5405567195450462,2.6106801921706264,0.020103987485139918,0.15395379614097532,0.13188651069187696,LOC111320952/LOC111327252/LOC111328749/LOC111338776/LOC111323636/LOC111331303/LOC111326058,7
GO:0006887,exocytosis,20/257,403/8488,0.04962779156327544,1.639068851319385,2.322616586254292,0.020120262098183465,0.15395379614097532,0.13188651069187696,LOC111346891/LOC111327418/LOC111327252/LOC111322288/LOC111328749/LOC111333170/LOC111335321/LOC111327625/LOC111323527/LOC111325560/LOC111329755/LOC111336425/LOC111326819/LOC111323636/LOC111333695/LOC111325220/LOC111344752/LOC111326942/LOC111329016/LOC111322259,20
GO:0048675,axon extension,6/257,71/8488,0.08450704225352113,2.7910341425987837,2.6777605410447745,0.02016549058495488,0.15395379614097532,0.13188651069187696,LOC111342023/LOC111333478/LOC111323777/LOC111321759/LOC111333893/LOC111340622,6
GO:0050921,positive regulation of chemotaxis,6/257,71/8488,0.08450704225352113,2.7910341425987837,2.6777605410447745,0.02016549058495488,0.15395379614097532,0.13188651069187696,LOC111322288/LOC111328749/LOC111333478/LOC111323636/LOC111333893/LOC111340622,6
GO:0004857,enzyme inhibitor activity,9/257,134/8488,0.06716417910447761,2.2182472849758987,2.5116433939104574,0.020312231072360073,0.15468149636875722,0.13250990450403055,LOC111330856/LOC111327252/LOC111327625/LOC111322161/LOC111326819/LOC111321403/LOC111326544/LOC111325220/LOC111326058,9
GO:0007442,hindgut morphogenesis,4/257,35/8488,0.11428571428571428,3.7745414118954974,2.9062780438208957,0.020576851965436863,0.15572581229160848,0.1334045312464507,LOC111322288/LOC111339275/LOC111320751/LOC111333767,4
GO:0032589,neuron projection membrane,4/257,35/8488,0.11428571428571428,3.7745414118954974,2.9062780438208957,0.020576851965436863,0.15572581229160848,0.1334045312464507,LOC111329099/LOC111340635/LOC111343017/LOC111326058,4
GO:0002252,immune effector process,20/257,404/8488,0.04950495049504951,1.6350117502022576,2.3108760606210397,0.020604678621030645,0.15572581229160848,0.1334045312464507,LOC111346891/LOC111327418/LOC111328749/LOC111333170/LOC111326654/LOC111338418/LOC111323527/LOC111327334/LOC111325560/LOC111329755/LOC111336425/LOC111323636/LOC111328517/LOC111333695/LOC111344752/LOC111326942/LOC111329016/LOC111325968/LOC111340596/LOC111322259,20
GO:1901652,response to peptide,15/257,277/8488,0.05415162454873646,1.7884785570804478,2.3574859190238917,0.020993752408014182,0.15826868983284875,0.1355829201815558,LOC111320817/LOC111325642/LOC111320952/LOC111320821/LOC111322288/LOC111320842/LOC111329762/LOC111339275/LOC111346320/LOC111327334/LOC111325560/LOC111333893/LOC111333695/LOC111328842/LOC111340596,15
GO:0005918,septate junction,3/257,20/8488,0.15,4.954085603112841,3.1281531136452276,0.02136557971449936,0.15871875550173575,0.13596847475792595,LOC111335321/LOC111323127/LOC111332138,3
GO:0015909,long-chain fatty acid transport,3/257,20/8488,0.15,4.954085603112841,3.1281531136452276,0.02136557971449936,0.15871875550173575,0.13596847475792595,LOC111331664/LOC111346320/LOC111331303,3
GO:0035099,hemocyte migration,3/257,20/8488,0.15,4.954085603112841,3.1281531136452276,0.02136557971449936,0.15871875550173575,0.13596847475792595,LOC111322288/LOC111340398/LOC111339275,3
GO:0042287,MHC protein binding,3/257,20/8488,0.15,4.954085603112841,3.1281531136452276,0.02136557971449936,0.15871875550173575,0.13596847475792595,LOC111320817/LOC111320821/LOC111320842,3
GO:2001026,regulation of endothelial cell chemotaxis,3/257,20/8488,0.15,4.954085603112841,3.1281531136452276,0.02136557971449936,0.15871875550173575,0.13596847475792595,LOC111322288/LOC111338817/LOC111340622,3
GO:0007519,skeletal muscle tissue development,6/257,72/8488,0.08333333333333333,2.752269779507133,2.6383458066044905,0.02146037403574386,0.15871875550173575,0.13596847475792595,LOC111330631/LOC111330205/LOC111335693/LOC111320751/LOC111325851/LOC111333695,6
GO:0001676,long-chain fatty acid metabolic process,5/257,53/8488,0.09433962264150944,3.1157771088760002,2.7301258515686855,0.021528341836671606,0.15871875550173575,0.13596847475792595,LOC111326885/LOC111331664/LOC111346320/LOC111331622/LOC111331303,5
GO:0010771,negative regulation of cell morphogenesis,5/257,53/8488,0.09433962264150944,3.1157771088760002,2.7301258515686855,0.021528341836671606,0.15871875550173575,0.13596847475792595,LOC111342023/LOC111336974/LOC111333478/LOC111333901/LOC111340622,5
GO:0048645,animal organ formation,5/257,53/8488,0.09433962264150944,3.1157771088760002,2.7301258515686855,0.021528341836671606,0.15871875550173575,0.13596847475792595,LOC111335693/LOC111333901/LOC111333893/LOC111325851/LOC111333767,5
GO:0007186,G protein-coupled receptor signaling pathway,15/257,278/8488,0.0539568345323741,1.7820451809758417,2.342610176259417,0.021607365106416372,0.1589118685577028,0.13613390755503094,LOC111342654/LOC111343017/LOC111323945/LOC111328749/LOC111335314/LOC111325186/LOC111323127/LOC111327334/LOC111323636/LOC111339822/LOC111333893/LOC111324532/LOC111322245/LOC111320921/LOC111340596,15
GO:0043009,chordate embryonic development,19/257,381/8488,0.049868766404199474,1.647027584586946,2.283350382180884,0.022176690571876476,0.16270118351269375,0.1393800732219605,LOC111328024/LOC111343122/LOC111320817/LOC111330631/LOC111329099/LOC111323862/LOC111330856/LOC111320821/LOC111322288/LOC111328749/LOC111325671/LOC111320842/LOC111340883/LOC111323636/LOC111333893/LOC111325851/LOC111331301/LOC111333767/LOC111344472,19
GO:0048542,lymph gland development,4/257,36/8488,0.1111111111111111,3.6696930393428446,2.836287149329594,0.022613996920270468,0.16510413285479023,0.14143859085544738,LOC111324192/LOC111329099/LOC111326654/LOC111339275,4
GO:0061525,hindgut development,4/257,36/8488,0.1111111111111111,3.6696930393428446,2.836287149329594,0.022613996920270468,0.16510413285479023,0.14143859085544738,LOC111322288/LOC111339275/LOC111320751/LOC111333767,4
GO:0046660,female sex differentiation,6/257,73/8488,0.0821917808219178,2.7145674537604605,2.599598677910786,0.022810389789407477,0.16613475178338424,0.14232148389058114,LOC111325642/LOC111320816/LOC111327252/LOC111329762/LOC111331622/LOC111331303,6
GO:0098656,monoatomic anion transmembrane transport,9/257,137/8488,0.06569343065693431,2.169672526910733,2.43878038318987,0.023087222067725264,0.16774484053071884,0.14370078724076135,LOC111345835/LOC111336828/LOC111343017/LOC111330589/LOC111342077/LOC111330251/LOC111334900/LOC111334761/LOC111328842,9
GO:0000041,transition metal ion transport,5/257,54/8488,0.09259259259259259,3.058077532785704,2.6807676568455743,0.023158252166327904,0.1678554759429261,0.14379556449757946,LOC111322161/LOC111323527/LOC111329755/LOC111328120/LOC111329754,5
GO:0002283,neutrophil activation involved in immune response,14/257,256/8488,0.0546875,1.8061770428015564,2.314275674313293,0.02347073254052114,0.1697114506776144,0.14538550925909857,LOC111346891/LOC111327418/LOC111328749/LOC111333170/LOC111323527/LOC111325560/LOC111329755/LOC111336425/LOC111323636/LOC111333695/LOC111344752/LOC111326942/LOC111329016/LOC111322259,14
GO:0042119,neutrophil activation,14/257,257/8488,0.054474708171206226,1.7991491165649744,2.298716676031939,0.02417272053794719,0.1743682095399164,0.14937478196868537,LOC111346891/LOC111327418/LOC111328749/LOC111333170/LOC111323527/LOC111325560/LOC111329755/LOC111336425/LOC111323636/LOC111333695/LOC111344752/LOC111326942/LOC111329016/LOC111322259,14
GO:0001958,endochondral ossification,3/257,21/8488,0.14285714285714285,4.718176764869371,3.0143401760717112,0.024381194486845125,0.17503253703205282,0.14994388670718972,LOC111320817/LOC111320821/LOC111320842,3
GO:0034383,low-density lipoprotein particle clearance,3/257,21/8488,0.14285714285714285,4.718176764869371,3.0143401760717112,0.024381194486845125,0.17503253703205282,0.14994388670718972,LOC111325671/LOC111342143/LOC111342147,3
GO:0001706,endoderm formation,4/257,37/8488,0.10810810810810811,3.570512146387633,2.768750573099458,0.024769813916959385,0.17610106046946325,0.1508592511300553,LOC111324192/LOC111335693/LOC111321759/LOC111321489,4
GO:0008354,germ cell migration,4/257,37/8488,0.10810810810810811,3.570512146387633,2.768750573099458,0.024769813916959385,0.17610106046946325,0.1508592511300553,LOC111324192/LOC111326654/LOC111323127/LOC111331301,4
GO:0006637,acyl-CoA metabolic process,5/257,55/8488,0.09090909090909091,3.002476123098691,2.6325401461736138,0.024865959117078146,0.17610106046946325,0.1508592511300553,LOC111346087/LOC111331664/LOC111346320/LOC111331622/LOC111341830,5
GO:0016125,sterol metabolic process,5/257,55/8488,0.09090909090909091,3.002476123098691,2.6325401461736138,0.024865959117078146,0.17610106046946325,0.1508592511300553,LOC111325671/LOC111340366/LOC111342143/LOC111340596/LOC111342147,5
GO:0050866,negative regulation of cell activation,5/257,55/8488,0.09090909090909091,3.002476123098691,2.6325401461736138,0.024865959117078146,0.17610106046946325,0.1508592511300553,LOC111322288/LOC111327334/LOC111324532/LOC111333767/LOC111321308,5
GO:0019216,regulation of lipid metabolic process,12/257,209/8488,0.05741626794258373,1.8963007093254893,2.318223498925295,0.024881300099575093,0.17610106046946325,0.1508592511300553,LOC111320024/LOC111322288/LOC111323945/LOC111328749/LOC111325671/LOC111331664/LOC111323127/LOC111346320/LOC111327334/LOC111323636/LOC111331303/LOC111335313,12
GO:0030246,carbohydrate binding,6/257,75/8488,0.08,2.6421789883268483,2.5240214430828614,0.025679399740577504,0.1813230854921529,0.15533276640705146,LOC111328393/LOC111328749/LOC111324410/LOC111323636/LOC111324368/LOC111329016,6
GO:0060070,canonical Wnt signaling pathway,5/257,56/8488,0.08928571428571429,2.9488604780433576,2.58539452564381,0.026652570726987915,0.18775394085896874,0.16084184183327108,LOC111336974/LOC111323127/LOC111340883/LOC111333893/LOC111322245,5
GO:0050804,modulation of chemical synaptic transmission,13/257,236/8488,0.05508474576271186,1.8192969728945458,2.2554598680420552,0.027006540947973404,0.18919351918241364,0.16207507522345627,LOC111332158/LOC111323862/LOC111343017/LOC111335693/LOC111333875/LOC111322311/LOC111330961/LOC111324532/LOC111325851/LOC111333012/LOC111326058/LOC111343646/LOC111338912,13
GO:0002443,leukocyte mediated immunity,15/257,286/8488,0.05244755244755245,1.732197763326168,2.2257116236756262,0.027016449757121544,0.18919351918241364,0.16207507522345627,LOC111346891/LOC111327418/LOC111328749/LOC111333170/LOC111323527/LOC111327334/LOC111325560/LOC111329755/LOC111336425/LOC111323636/LOC111333695/LOC111344752/LOC111326942/LOC111329016/LOC111322259,15
GO:0006641,triglyceride metabolic process,4/257,38/8488,0.10526315789473684,3.476551300430063,2.703510958706507,0.027045616106528544,0.18919351918241364,0.16207507522345627,LOC111325671/LOC111326654/LOC111331664/LOC111346320,4
GO:0032103,positive regulation of response to external stimulus,10/257,164/8488,0.06097560975609756,2.0138559362247315,2.31659171337843,0.027119983883417114,0.18927357661558858,0.16214365745904286,LOC111328393/LOC111322288/LOC111328749/LOC111333478/LOC111320751/LOC111327334/LOC111323636/LOC111331303/LOC111333893/LOC111340622,10
GO:0017001,antibiotic catabolic process,3/257,22/8488,0.13636363636363635,4.503714184648036,2.9074900799561343,0.027614254892449466,0.1905130245791009,0.1632054465879196,LOC111336303/LOC111333170/LOC111322400,3
GO:0030301,cholesterol transport,3/257,22/8488,0.13636363636363635,4.503714184648036,2.9074900799561343,0.027614254892449466,0.1905130245791009,0.1632054465879196,LOC111325671/LOC111342143/LOC111342147,3
GO:0040009,regulation of growth rate,3/257,22/8488,0.13636363636363635,4.503714184648036,2.9074900799561343,0.027614254892449466,0.1905130245791009,0.1632054465879196,LOC111342143/LOC111326058/LOC111342147,3
GO:0042743,hydrogen peroxide metabolic process,3/257,22/8488,0.13636363636363635,4.503714184648036,2.9074900799561343,0.027614254892449466,0.1905130245791009,0.1632054465879196,LOC111336303/LOC111333170/LOC111322400,3
GO:0060443,mammary gland morphogenesis,3/257,22/8488,0.13636363636363635,4.503714184648036,2.9074900799561343,0.027614254892449466,0.1905130245791009,0.1632054465879196,LOC111336828/LOC111325851/LOC111333767,3
GO:0002275,myeloid cell activation involved in immune response,14/257,262/8488,0.05343511450381679,1.7648142097602995,2.2219260630780613,0.02792005233696744,0.1921819620814601,0.16463516348523738,LOC111346891/LOC111327418/LOC111328749/LOC111333170/LOC111323527/LOC111325560/LOC111329755/LOC111336425/LOC111323636/LOC111333695/LOC111344752/LOC111326942/LOC111329016/LOC111322259,14
GO:2001237,negative regulation of extrinsic apoptotic signaling pathway,5/257,57/8488,0.08771929824561403,2.897126083691719,2.5392849595959017,0.028519111757192166,0.1958572789169727,0.16778367118867202,LOC111320817/LOC111320821/LOC111335693/LOC111333478/LOC111320842,5
GO:0010951,negative regulation of endopeptidase activity,6/257,77/8488,0.07792207792207792,2.573550962656021,2.4508668688039745,0.028779298989492923,0.1971939210942932,0.16892872299791076,LOC111330856/LOC111327252/LOC111327625/LOC111326819/LOC111326544/LOC111325220,6
GO:0016358,dendrite development,10/257,166/8488,0.060240963855421686,1.9895926116919038,2.2751707430282404,0.029167337639562564,0.1993985264086459,0.17081732665466307,LOC111325642/LOC111340635/LOC111336974/LOC111333478/LOC111333901/LOC111331664/LOC111340398/LOC111326544/LOC111333767/LOC111330060,10
GO:0005796,Golgi lumen,4/257,39/8488,0.10256410256410256,3.387408959393395,2.6404249612885637,0.029442507132124984,0.1999166172763701,0.17126115589745033,LOC111322288/LOC111327334/LOC111326544/LOC111328207,4
GO:0006879,intracellular iron ion homeostasis,4/257,39/8488,0.10256410256410256,3.387408959393395,2.6404249612885637,0.029442507132124984,0.1999166172763701,0.17126115589745033,LOC111322161/LOC111329755/LOC111328120/LOC111329754,4
GO:0019199,transmembrane receptor protein kinase activity,4/257,39/8488,0.10256410256410256,3.387408959393395,2.6404249612885637,0.029442507132124984,0.1999166172763701,0.17126115589745033,LOC111324192/LOC111323862/LOC111333478/LOC111339275,4
GO:0007528,neuromuscular junction development,7/257,99/8488,0.0707070707070707,2.3352592068545377,2.3612688787406997,0.030236619510906917,0.20484628713695496,0.17548422134352806,LOC111332158/LOC111342023/LOC111336974/LOC111323777/LOC111321759/LOC111320751/LOC111343646,7
GO:0005178,integrin binding,5/257,58/8488,0.08620689655172414,2.847175633972897,2.4941683423133134,0.0304665228790052,0.2059400018428037,0.17642116619232345,LOC111323911/LOC111320822/LOC111335693/LOC111323127/LOC111321759,5
GO:0045861,negative regulation of proteolysis,9/257,144/8488,0.0625,2.0642023346303504,2.2758082507454906,0.030598578693578283,0.20636888948494053,0.17678857833816294,LOC111330856/LOC111327252/LOC111327625/LOC111338418/LOC111327334/LOC111344634/LOC111326819/LOC111326544/LOC111325220,9
GO:0007566,embryo implantation,3/257,23/8488,0.13043478260869565,4.307900524445948,2.806856691569481,0.03106392194370219,0.20846835308230913,0.17858711098316513,LOC111343122/LOC111321759/LOC111328842,3
GO:0045334,clathrin-coated endocytic vesicle,3/257,23/8488,0.13043478260869565,4.307900524445948,2.806856691569481,0.03106392194370219,0.20846835308230913,0.17858711098316513,LOC111323862/LOC111325671/LOC111333893,3
GO:0032870,cellular response to hormone stimulus,16/257,317/8488,0.050473186119873815,1.6669898979980116,2.1385954773801577,0.031117782757299466,0.20846835308230913,0.17858711098316513,LOC111320817/LOC111325642/LOC111320871/LOC111320821/LOC111322288/LOC111325671/LOC111320842/LOC111323127/LOC111339275/LOC111342143/LOC111346320/LOC111333893/LOC111336999/LOC111333695/LOC111326058/LOC111342147,16
GO:0061138,morphogenesis of a branching epithelium,8/257,122/8488,0.06557377049180328,2.165720482235122,2.2915681339397103,0.03156511501298474,0.2109952576867958,0.18075181649540736,LOC111330856/LOC111336828/LOC111322288/LOC111333478/LOC111320751/LOC111333767/LOC111344472/LOC111340622,8
GO:0008285,negative regulation of cell population proliferation,16/257,318/8488,0.050314465408805034,1.6617477914005334,2.125261594333007,0.03190395126225435,0.2127873290396033,0.18228701759831636,LOC111328024/LOC111323862/LOC111330856/LOC111332789/LOC111322266/LOC111323127/LOC111338776/LOC111345144/LOC111340883/LOC111329755/LOC111322261/LOC111336999/LOC111334412/LOC111333767/LOC111320928/LOC111333334,16
GO:0010466,negative regulation of peptidase activity,6/257,79/8488,0.0759493670886076,2.5083977737280208,2.3799871600883633,0.03211622905238861,0.2137292411274003,0.18309391877095324,LOC111330856/LOC111327252/LOC111327625/LOC111326819/LOC111326544/LOC111325220,6
GO:0007160,cell-matrix adhesion,5/257,59/8488,0.0847457627118644,2.7989184198377632,2.4500040909604066,0.032495660071885236,0.21482845164006767,0.18403557167374218,LOC111323911/LOC111320822/LOC111335693/LOC111338572/LOC111332138,5
GO:0007447,imaginal disc pattern formation,5/257,59/8488,0.0847457627118644,2.7989184198377632,2.4500040909604066,0.032495660071885236,0.21482845164006767,0.18403557167374218,LOC111328024/LOC111329099/LOC111334412/LOC111333767/LOC111343646,5
GO:0046943,carboxylic acid transmembrane transporter activity,5/257,59/8488,0.0847457627118644,2.7989184198377632,2.4500040909604066,0.032495660071885236,0.21482845164006767,0.18403557167374218,LOC111336828/LOC111330589/LOC111342077/LOC111334900/LOC111328842,5
GO:0008509,monoatomic anion transmembrane transporter activity,8/257,123/8488,0.06504065040650407,2.1481129986397143,2.266321813521983,0.032913821259934514,0.21616762958489744,0.18518279578101518,LOC111345835/LOC111336828/LOC111343017/LOC111330589/LOC111342077/LOC111334900/LOC111334761/LOC111328842,8
GO:0016055,Wnt signaling pathway,8/257,123/8488,0.06504065040650407,2.1481129986397143,2.266321813521983,0.032913821259934514,0.21616762958489744,0.18518279578101518,LOC111323862/LOC111336974/LOC111323127/LOC111340883/LOC111333893/LOC111325851/LOC111322245/LOC111330060,8
GO:0030336,negative regulation of cell migration,8/257,123/8488,0.06504065040650407,2.1481129986397143,2.266321813521983,0.032913821259934514,0.21616762958489744,0.18518279578101518,LOC111328024/LOC111320816/LOC111320822/LOC111322288/LOC111328749/LOC111323636/LOC111336999/LOC111340596,8
GO:0071396,cellular response to lipid,13/257,243/8488,0.053497942386831275,1.7668892411650734,2.143175883924072,0.033155933541399694,0.21681097411419628,0.18573392519301246,LOC111320817/LOC111325642/LOC111320871/LOC111320821/LOC111325671/LOC111320842/LOC111323127/LOC111342143/LOC111333893/LOC111336999/LOC111326058/LOC111344472/LOC111342147,13
GO:2001233,regulation of apoptotic signaling pathway,13/257,243/8488,0.053497942386831275,1.7668892411650734,2.143175883924072,0.033155933541399694,0.21681097411419628,0.18573392519301246,LOC111320817/LOC111325642/LOC111320821/LOC111335693/LOC111327625/LOC111333478/LOC111320842/LOC111338776/LOC111346320/LOC111326819/LOC111336999/LOC111325220/LOC111344752,13
GO:0001707,mesoderm formation,5/257,60/8488,0.08333333333333333,2.752269779507133,2.406753957460949,0.03460729422398919,0.2193679533758477,0.1879243945492984,LOC111327880/LOC111324192/LOC111335693/LOC111326654/LOC111333893,5
GO:0008585,female gonad development,5/257,60/8488,0.08333333333333333,2.752269779507133,2.406753957460949,0.03460729422398919,0.2193679533758477,0.1879243945492984,LOC111325642/LOC111320816/LOC111327252/LOC111329762/LOC111331303,5
GO:0016101,diterpenoid metabolic process,3/257,24/8488,0.125,4.128404669260701,2.7118026502671193,0.03472876019437147,0.2193679533758477,0.1879243945492984,LOC111336828/LOC111325671/LOC111340596,3
GO:0001935,endothelial cell proliferation,2/257,10/8488,0.2,6.605447470817121,3.133869754020889,0.035005524474869314,0.2193679533758477,0.1879243945492984,LOC111324368/LOC111340622,2
GO:0002686,negative regulation of leukocyte migration,2/257,10/8488,0.2,6.605447470817121,3.133869754020889,0.035005524474869314,0.2193679533758477,0.1879243945492984,LOC111328749/LOC111323636,2
GO:0005021,vascular endothelial growth factor receptor activity,2/257,10/8488,0.2,6.605447470817121,3.133869754020889,0.035005524474869314,0.2193679533758477,0.1879243945492984,LOC111333478/LOC111339275,2
GO:0009595,detection of biotic stimulus,2/257,10/8488,0.2,6.605447470817121,3.133869754020889,0.035005524474869314,0.2193679533758477,0.1879243945492984,LOC111328749/LOC111323636,2
GO:0018149,peptide cross-linking,2/257,10/8488,0.2,6.605447470817121,3.133869754020889,0.035005524474869314,0.2193679533758477,0.1879243945492984,LOC111320822/LOC111334412,2
GO:0032093,SAM domain binding,2/257,10/8488,0.2,6.605447470817121,3.133869754020889,0.035005524474869314,0.2193679533758477,0.1879243945492984,LOC111342023/LOC111323777,2
GO:0036156,inner dynein arm,2/257,10/8488,0.2,6.605447470817121,3.133869754020889,0.035005524474869314,0.2193679533758477,0.1879243945492984,LOC111331389/LOC111331219,2
GO:0045061,thymic T cell selection,2/257,10/8488,0.2,6.605447470817121,3.133869754020889,0.035005524474869314,0.2193679533758477,0.1879243945492984,LOC111329099/LOC111333767,2
GO:0051151,negative regulation of smooth muscle cell differentiation,2/257,10/8488,0.2,6.605447470817121,3.133869754020889,0.035005524474869314,0.2193679533758477,0.1879243945492984,LOC111322288/LOC111322526,2
GO:0060385,axonogenesis involved in innervation,2/257,10/8488,0.2,6.605447470817121,3.133869754020889,0.035005524474869314,0.2193679533758477,0.1879243945492984,LOC111324621/LOC111333478,2
GO:0060982,coronary artery morphogenesis,2/257,10/8488,0.2,6.605447470817121,3.133869754020889,0.035005524474869314,0.2193679533758477,0.1879243945492984,LOC111333478/LOC111344472,2
GO:0061320,pericardial nephrocyte differentiation,2/257,10/8488,0.2,6.605447470817121,3.133869754020889,0.035005524474869314,0.2193679533758477,0.1879243945492984,LOC111324192/LOC111326654,2
GO:0061551,trigeminal ganglion development,2/257,10/8488,0.2,6.605447470817121,3.133869754020889,0.035005524474869314,0.2193679533758477,0.1879243945492984,LOC111330631/LOC111333478,2
GO:0070492,oligosaccharide binding,2/257,10/8488,0.2,6.605447470817121,3.133869754020889,0.035005524474869314,0.2193679533758477,0.1879243945492984,LOC111328393/LOC111324368,2
GO:0070723,response to cholesterol,2/257,10/8488,0.2,6.605447470817121,3.133869754020889,0.035005524474869314,0.2193679533758477,0.1879243945492984,LOC111325642/LOC111346320,2
GO:0072202,cell differentiation involved in metanephros development,2/257,10/8488,0.2,6.605447470817121,3.133869754020889,0.035005524474869314,0.2193679533758477,0.1879243945492984,LOC111322288/LOC111321759,2
GO:1905521,regulation of macrophage migration,2/257,10/8488,0.2,6.605447470817121,3.133869754020889,0.035005524474869314,0.2193679533758477,0.1879243945492984,LOC111328749/LOC111323636,2
GO:0002520,immune system development,18/257,375/8488,0.048,1.585307392996109,2.0484542433446795,0.03552476644578027,0.22067790805733314,0.18904658417005585,LOC111327880/LOC111343122/LOC111330631/LOC111324192/LOC111329099/LOC111322288/LOC111328749/LOC111326654/LOC111333478/LOC111340398/LOC111345144/LOC111340883/LOC111339275/LOC111323527/LOC111323636/LOC111333893/LOC111333767/LOC111344472,18
GO:0030427,site of polarized growth,9/257,148/8488,0.060810810810810814,2.0084130823430435,2.1867728110883218,0.03558339170086368,0.22067790805733314,0.18904658417005585,LOC111332158/LOC111335693/LOC111333478/LOC111333901/LOC111345144/LOC111322311/LOC111328517/LOC111322259/LOC111330877,9
GO:0016202,regulation of striated muscle tissue development,6/257,81/8488,0.07407407407407407,2.4464620262285632,2.311247126909448,0.0356956671865509,0.22067790805733314,0.18904658417005585,LOC111327880/LOC111330631/LOC111332158/LOC111336934/LOC111333893/LOC111344472,6
GO:0020037,heme binding,6/257,81/8488,0.07407407407407407,2.4464620262285632,2.311247126909448,0.0356956671865509,0.22067790805733314,0.18904658417005585,LOC111336303/LOC111333170/LOC111326885/LOC111322400/LOC111338412/LOC111332887,6
GO:0031589,cell-substrate adhesion,6/257,81/8488,0.07407407407407407,2.4464620262285632,2.311247126909448,0.0356956671865509,0.22067790805733314,0.18904658417005585,LOC111323911/LOC111320822/LOC111335693/LOC111333478/LOC111321759/LOC111333893,6
GO:1990138,neuron projection extension,6/257,81/8488,0.07407407407407407,2.4464620262285632,2.311247126909448,0.0356956671865509,0.22067790805733314,0.18904658417005585,LOC111342023/LOC111333478/LOC111323777/LOC111321759/LOC111333893/LOC111340622,6
GO:0001763,morphogenesis of a branching structure,8/257,125/8488,0.064,2.1137431906614785,2.2165441278590086,0.0357281054600802,0.22067790805733314,0.18904658417005585,LOC111330856/LOC111336828/LOC111322288/LOC111333478/LOC111320751/LOC111333767/LOC111344472/LOC111340622,8
GO:0004930,G protein-coupled receptor activity,10/257,172/8488,0.05813953488372093,1.9201882182607908,2.1542743645512883,0.03596502650295755,0.22168606500183669,0.18991023485599673,LOC111342654/LOC111323945/LOC111335314/LOC111325186/LOC111334640/LOC111339822/LOC111333893/LOC111324532/LOC111322245/LOC111320921,10
GO:0048332,mesoderm morphogenesis,5/257,61/8488,0.08196721311475409,2.7071506027939014,2.3643818572999122,0.036802110926935375,0.2262887497518919,0.19385318427793655,LOC111327880/LOC111324192/LOC111335693/LOC111326654/LOC111333893,5
GO:0050954,sensory perception of mechanical stimulus,9/257,149/8488,0.06040268456375839,1.9949337999112111,2.1649491201348834,0.036911981237488525,0.2262887497518919,0.19385318427793655,LOC111320817/LOC111329099/LOC111323862/LOC111336828/LOC111320821/LOC111320842/LOC111325851/LOC111326058/LOC111344472,9
GO:0045927,positive regulation of growth,15/257,298/8488,0.050335570469798654,1.6624448332593424,2.056995114555866,0.03693742557452757,0.2262887497518919,0.19385318427793655,LOC111332158/LOC111328749/LOC111333478/LOC111333901/LOC111331664/LOC111342143/LOC111327334/LOC111323636/LOC111326544/LOC111328517/LOC111333893/LOC111326058/LOC111343646/LOC111340622/LOC111342147,15
GO:0021545,cranial nerve development,4/257,42/8488,0.09523809523809523,3.1454511765795807,2.462833795462021,0.037367682436501265,0.22845932676625166,0.19571263715138018,LOC111330631/LOC111333478/LOC111333767/LOC111344472,4
GO:0051384,response to glucocorticoid,6/257,82/8488,0.07317073170731707,2.416627123469678,2.277640349972236,0.03757785125618376,0.22927824863813537,0.19641417716480802,LOC111327252/LOC111328749/LOC111338776/LOC111323636/LOC111331303/LOC111326058,6
GO:0021522,spinal cord motor neuron differentiation,3/257,25/8488,0.12,3.963268482490272,2.6217797072360454,0.03860678760947648,0.23366039663844113,0.20016820092766793,LOC111340883/LOC111333767/LOC111331073,3
GO:0031103,axon regeneration,3/257,25/8488,0.12,3.963268482490272,2.6217797072360454,0.03860678760947648,0.23366039663844113,0.20016820092766793,LOC111332158/LOC111321759/LOC111328517,3
GO:0031638,zymogen activation,3/257,25/8488,0.12,3.963268482490272,2.6217797072360454,0.03860678760947648,0.23366039663844113,0.20016820092766793,LOC111326544/LOC111344752/LOC111328207,3
GO:0044091,membrane biogenesis,3/257,25/8488,0.12,3.963268482490272,2.6217797072360454,0.03860678760947648,0.23366039663844113,0.20016820092766793,LOC111336974/LOC111335321/LOC111323777,3
GO:0001890,placenta development,5/257,62/8488,0.08064516129032258,2.6634868833940004,2.3228537134750433,0.03908071045631293,0.23417286265456033,0.20060721156857633,LOC111330856/LOC111322288/LOC111331303/LOC111333695/LOC111328842,5
GO:0030217,T cell differentiation,5/257,62/8488,0.08064516129032258,2.6634868833940004,2.3228537134750433,0.03908071045631293,0.23417286265456033,0.20060721156857633,LOC111329099/LOC111326654/LOC111340883/LOC111333893/LOC111333767,5
GO:0046545,development of primary female sexual characteristics,5/257,62/8488,0.08064516129032258,2.6634868833940004,2.3228537134750433,0.03908071045631293,0.23417286265456033,0.20060721156857633,LOC111325642/LOC111320816/LOC111327252/LOC111329762/LOC111331303,5
GO:0048663,neuron fate commitment,5/257,62/8488,0.08064516129032258,2.6634868833940004,2.3228537134750433,0.03908071045631293,0.23417286265456033,0.20060721156857633,LOC111329099/LOC111333893/LOC111325851/LOC111333767/LOC111331073,5
GO:0051489,regulation of filopodium assembly,5/257,62/8488,0.08064516129032258,2.6634868833940004,2.3228537134750433,0.03908071045631293,0.23417286265456033,0.20060721156857633,LOC111342023/LOC111333478/LOC111323777/LOC111323527/LOC111325968,5
GO:0004713,protein tyrosine kinase activity,6/257,83/8488,0.07228915662650602,2.387511134030284,2.244522824023121,0.03952240432619903,0.23634869227277672,0.20247116415305058,LOC111328393/LOC111324192/LOC111323862/LOC111333478/LOC111339275/LOC111338817,6
GO:0006029,proteoglycan metabolic process,4/257,43/8488,0.09302325581395349,3.072301149217265,2.407158184797274,0.04025590490279427,0.23932517143493162,0.20502100352488545,LOC111328024/LOC111320817/LOC111320821/LOC111320842,4
GO:0007229,integrin-mediated signaling pathway,4/257,43/8488,0.09302325581395349,3.072301149217265,2.407158184797274,0.04025590490279427,0.23932517143493162,0.20502100352488545,LOC111323911/LOC111320822/LOC111335693/LOC111333478,4
GO:0000977,RNA polymerase II transcription regulatory region sequence-specific DNA binding,13/257,250/8488,0.052,1.7174163424124513,2.0344533592815472,0.04025882205654102,0.23932517143493162,0.20502100352488545,LOC111330631/LOC111328662/LOC111341087/LOC111326654/LOC111338776/LOC111340883/LOC111344195/LOC111325851/LOC111331301/LOC111333767/LOC111331073/LOC111344472/LOC111333334,13
GO:0060537,muscle tissue development,10/257,176/8488,0.056818181818181816,1.876547576936682,2.076330206309728,0.041067135169147596,0.24310096835208564,0.2082555887898606,LOC111330631/LOC111330205/LOC111320822/LOC111335693/LOC111326654/LOC111321759/LOC111320751/LOC111325851/LOC111333695/LOC111344472,10
GO:0002576,platelet degranulation,5/257,63/8488,0.07936507936507936,2.6212093138163177,2.28213731403593,0.041443607929434294,0.24310096835208564,0.2082555887898606,LOC111327252/LOC111322288/LOC111327625/LOC111326819/LOC111325220,5
GO:0060348,bone development,6/257,84/8488,0.07142857142857142,2.3590883824346855,2.2118806186699325,0.041529815232147944,0.24310096835208564,0.2082555887898606,LOC111328024/LOC111320817/LOC111320821/LOC111320842/LOC111333767/LOC111338817,6
GO:0046486,glycerolipid metabolic process,11/257,201/8488,0.05472636815920398,1.8074607507211027,2.047095682879321,0.041681727989530126,0.24310096835208564,0.2082555887898606,LOC111346087/LOC111335819/LOC111322288/LOC111325671/LOC111326654/LOC111331664/LOC111323127/LOC111329762/LOC111346320/LOC111331303/LOC111338817,11
GO:0005160,transforming growth factor beta receptor binding,2/257,11/8488,0.18181818181818182,6.004952246197382,2.9348948826955494,0.04194461521766371,0.24310096835208564,0.2082555887898606,LOC111325642/LOC111343646,2
GO:0015645,fatty acid ligase activity,2/257,11/8488,0.18181818181818182,6.004952246197382,2.9348948826955494,0.04194461521766371,0.24310096835208564,0.2082555887898606,LOC111331664/LOC111346320,2
GO:0035160,"maintenance of epithelial integrity, open tracheal system",2/257,11/8488,0.18181818181818182,6.004952246197382,2.9348948826955494,0.04194461521766371,0.24310096835208564,0.2082555887898606,LOC111335693/LOC111332138,2
GO:0043050,nematode pharyngeal pumping,2/257,11/8488,0.18181818181818182,6.004952246197382,2.9348948826955494,0.04194461521766371,0.24310096835208564,0.2082555887898606,LOC111333986/LOC111342546,2
GO:0047134,protein-disulfide reductase [NAD(P)H] activity,2/257,11/8488,0.18181818181818182,6.004952246197382,2.9348948826955494,0.04194461521766371,0.24310096835208564,0.2082555887898606,LOC111322266/LOC111322261,2
GO:0061343,cell adhesion involved in heart morphogenesis,2/257,11/8488,0.18181818181818182,6.004952246197382,2.9348948826955494,0.04194461521766371,0.24310096835208564,0.2082555887898606,LOC111335321/LOC111332138,2
GO:0071837,HMG box domain binding,2/257,11/8488,0.18181818181818182,6.004952246197382,2.9348948826955494,0.04194461521766371,0.24310096835208564,0.2082555887898606,LOC111341087/LOC111325851,2
GO:0097094,craniofacial suture morphogenesis,2/257,11/8488,0.18181818181818182,6.004952246197382,2.9348948826955494,0.04194461521766371,0.24310096835208564,0.2082555887898606,LOC111333767/LOC111338817,2
GO:2001014,regulation of skeletal muscle cell differentiation,2/257,11/8488,0.18181818181818182,6.004952246197382,2.9348948826955494,0.04194461521766371,0.24310096835208564,0.2082555887898606,LOC111330631/LOC111344472,2
GO:0032835,glomerulus development,3/257,26/8488,0.11538461538461539,3.81083507931757,2.536313248793958,0.042695522595348125,0.24509185489848692,0.2099611074998237,LOC111328024/LOC111322288/LOC111321759,3
GO:0042331,phototaxis,3/257,26/8488,0.11538461538461539,3.81083507931757,2.536313248793958,0.042695522595348125,0.24509185489848692,0.2099611074998237,LOC111327625/LOC111326819/LOC111325220,3
GO:0060395,SMAD protein signal transduction,3/257,26/8488,0.11538461538461539,3.81083507931757,2.536313248793958,0.042695522595348125,0.24509185489848692,0.2099611074998237,LOC111325642/LOC111323862/LOC111343646,3
GO:0061005,cell differentiation involved in kidney development,3/257,26/8488,0.11538461538461539,3.81083507931757,2.536313248793958,0.042695522595348125,0.24509185489848692,0.2099611074998237,LOC111322288/LOC111321759/LOC111333767,3
GO:1902669,positive regulation of axon guidance,3/257,26/8488,0.11538461538461539,3.81083507931757,2.536313248793958,0.042695522595348125,0.24509185489848692,0.2099611074998237,LOC111333478/LOC111333893/LOC111340622,3
GO:0003158,endothelium development,4/257,44/8488,0.09090909090909091,3.002476123098691,2.3530813093645113,0.043267727558467785,0.24696266507755427,0.21156376123665063,LOC111327880/LOC111342023/LOC111322288/LOC111333478,4
GO:0048010,vascular endothelial growth factor receptor signaling pathway,4/257,44/8488,0.09090909090909091,3.002476123098691,2.3530813093645113,0.043267727558467785,0.24696266507755427,0.21156376123665063,LOC111328024/LOC111322288/LOC111333478/LOC111339275,4
GO:0060415,muscle tissue morphogenesis,4/257,44/8488,0.09090909090909091,3.002476123098691,2.3530813093645113,0.043267727558467785,0.24696266507755427,0.21156376123665063,LOC111320822/LOC111333893/LOC111325851/LOC111344472,4
GO:0006643,membrane lipid metabolic process,6/257,85/8488,0.07058823529411765,2.331334401464866,2.1797003666302364,0.04360052805389187,0.24792133910417155,0.21238502174097565,LOC111335819/LOC111326885/LOC111323127/LOC111334156/LOC111336425/LOC111341830,6
GO:0050679,positive regulation of epithelial cell proliferation,6/257,85/8488,0.07058823529411765,2.331334401464866,2.1797003666302364,0.04360052805389187,0.24792133910417155,0.21238502174097565,LOC111322288/LOC111333478/LOC111321759/LOC111333893/LOC111344472/LOC111340622,6
GO:0045926,negative regulation of growth,10/257,178/8488,0.056179775280898875,1.8554627727014383,2.038111625371788,0.043795871934446506,0.24856223165814167,0.21293405063659393,LOC111327880/LOC111342023/LOC111332789/LOC111336934/LOC111333170/LOC111333478/LOC111333901/LOC111331664/LOC111334412/LOC111340622,10
GO:0009953,dorsal/ventral pattern formation,9/257,154/8488,0.05844155844155844,1.9301632219920157,2.058306938670137,0.044065528802762495,0.24962167728570542,0.2138416384362426,LOC111327880/LOC111328024/LOC111329099/LOC111336974/LOC111336934/LOC111333893/LOC111325851/LOC111333767/LOC111343646,9
GO:0030003,intracellular monoatomic cation homeostasis,13/257,254/8488,0.051181102362204724,1.6903704157602868,1.9738355258281086,0.04477043761178814,0.25313811341402015,0.21685403892690416,LOC111323945/LOC111328749/LOC111322161/LOC111323527/LOC111327334/LOC111329755/LOC111330961/LOC111323636/LOC111333893/LOC111328120/LOC111333012/LOC111326058/LOC111329754,13
GO:0051015,actin filament binding,7/257,108/8488,0.06481481481481481,2.140654272949993,2.10795464371991,0.045210596564263794,0.2551472316422242,0.21857517604289084,LOC111330205/LOC111328433/LOC111340398/LOC111330767/LOC111321894/LOC111325968/LOC111322259,7
GO:0006897,endocytosis,16/257,333/8488,0.04804804804804805,1.5868942872833924,1.9305781125207881,0.04552241078195454,0.2564258644796241,0.21967053340079779,LOC111336303/LOC111319860/LOC111328749/LOC111325671/LOC111322400/LOC111340366/LOC111329762/LOC111338418/LOC111342143/LOC111327210/LOC111323636/LOC111326058/LOC111325968/LOC111340596/LOC111330877/LOC111342147,16
GO:0021536,diencephalon development,4/257,45/8488,0.08888888888888889,2.935754431474276,2.3005172088292194,0.04640308397374709,0.2590782782556181,0.22194275796813867,LOC111332158/LOC111325642/LOC111333478/LOC111340622,4
GO:0035162,embryonic hemopoiesis,4/257,45/8488,0.08888888888888889,2.935754431474276,2.3005172088292194,0.04640308397374709,0.2590782782556181,0.22194275796813867,LOC111327880/LOC111322288/LOC111340398/LOC111339275,4
GO:0060411,cardiac septum morphogenesis,4/257,45/8488,0.08888888888888889,2.935754431474276,2.3005172088292194,0.04640308397374709,0.2590782782556181,0.22194275796813867,LOC111333478/LOC111340883/LOC111333893/LOC111344472,4
GO:0032355,response to estradiol,5/257,65/8488,0.07692307692307693,2.5405567195450462,2.2030194552460642,0.04642393350391561,0.2590782782556181,0.22194275796813867,LOC111322288/LOC111328749/LOC111332789/LOC111325671/LOC111323636,5
GO:0072593,reactive oxygen species metabolic process,5/257,65/8488,0.07692307692307693,2.5405567195450462,2.2030194552460642,0.04642393350391561,0.2590782782556181,0.22194275796813867,LOC111336303/LOC111335366/LOC111322288/LOC111333170/LOC111322400,5
GO:0001654,eye development,19/257,415/8488,0.04578313253012048,1.512090384885847,1.890038085300928,0.046879135559987656,0.260316797799585,0.22300375175440373,LOC111332158/LOC111325642/LOC111329099/LOC111342023/LOC111322288/LOC111333478/LOC111333901/LOC111323777/LOC111340398/LOC111321759/LOC111329762/LOC111320751/LOC111321680/LOC111330961/LOC111333893/LOC111326058/LOC111334412/LOC111333767/LOC111321308,19
GO:0002040,sprouting angiogenesis,3/257,27/8488,0.1111111111111111,3.6696930393428446,2.4549899897684533,0.04699202832618838,0.260316797799585,0.22300375175440373,LOC111333478/LOC111324368/LOC111340622,3
GO:0021602,cranial nerve morphogenesis,3/257,27/8488,0.1111111111111111,3.6696930393428446,2.4549899897684533,0.04699202832618838,0.260316797799585,0.22300375175440373,LOC111333478/LOC111333767/LOC111344472,3
GO:0098739,import across plasma membrane,3/257,27/8488,0.1111111111111111,3.6696930393428446,2.4549899897684533,0.04699202832618838,0.260316797799585,0.22300375175440373,LOC111323527/LOC111326058/LOC111329754,3
GO:0031594,neuromuscular junction,6/257,87/8488,0.06896551724137931,2.277740507178317,2.116674895577508,0.04793341044723374,0.26504356364941006,0.22705299685531768,LOC111332158/LOC111323862/LOC111343017/LOC111336974/LOC111335693/LOC111322311,6
GO:0001228,"DNA-binding transcription activator activity, RNA polymerase II-specific",9/257,157/8488,0.05732484076433121,1.893281122208729,1.996212528630486,0.04877656884434535,0.2655434619805534,0.22748124122634195,LOC111330631/LOC111328662/LOC111341087/LOC111338776/LOC111340883/LOC111331301/LOC111333767/LOC111344472/LOC111333334,9
GO:0070374,positive regulation of ERK1 and ERK2 cascade,5/257,66/8488,0.07575757575757576,2.502063435915576,2.1645617788427716,0.04904196977962581,0.2655434619805534,0.22748124122634195,LOC111322288/LOC111328749/LOC111333478/LOC111323636/LOC111338817,5
GO:0004622,lysophospholipase activity,2/257,12/8488,0.16666666666666666,5.504539559014266,2.7590712523478444,0.049348003739072256,0.2655434619805534,0.22748124122634195,LOC111335819/LOC111331303,2
GO:0005044,scavenger receptor activity,2/257,12/8488,0.16666666666666666,5.504539559014266,2.7590712523478444,0.049348003739072256,0.2655434619805534,0.22748124122634195,LOC111339975/LOC111340596,2
GO:0010715,regulation of extracellular matrix disassembly,2/257,12/8488,0.16666666666666666,5.504539559014266,2.7590712523478444,0.049348003739072256,0.2655434619805534,0.22748124122634195,LOC111340596/LOC111340622,2
GO:0014009,glial cell proliferation,2/257,12/8488,0.16666666666666666,5.504539559014266,2.7590712523478444,0.049348003739072256,0.2655434619805534,0.22748124122634195,LOC111329099/LOC111340883,2
GO:0031904,endosome lumen,2/257,12/8488,0.16666666666666666,5.504539559014266,2.7590712523478444,0.049348003739072256,0.2655434619805534,0.22748124122634195,LOC111325671/LOC111333695,2
GO:0042386,hemocyte differentiation,2/257,12/8488,0.16666666666666666,5.504539559014266,2.7590712523478444,0.049348003739072256,0.2655434619805534,0.22748124122634195,LOC111329099/LOC111339275,2
GO:0045117,azole transmembrane transport,2/257,12/8488,0.16666666666666666,5.504539559014266,2.7590712523478444,0.049348003739072256,0.2655434619805534,0.22748124122634195,LOC111342077/LOC111334761,2
GO:0046475,glycerophospholipid catabolic process,2/257,12/8488,0.16666666666666666,5.504539559014266,2.7590712523478444,0.049348003739072256,0.2655434619805534,0.22748124122634195,LOC111335819/LOC111331303,2
GO:0051953,negative regulation of amine transport,2/257,12/8488,0.16666666666666666,5.504539559014266,2.7590712523478444,0.049348003739072256,0.2655434619805534,0.22748124122634195,LOC111328749/LOC111323636,2
GO:0060269,centripetally migrating follicle cell migration,2/257,12/8488,0.16666666666666666,5.504539559014266,2.7590712523478444,0.049348003739072256,0.2655434619805534,0.22748124122634195,LOC111342023/LOC111323777,2
GO:0060561,apoptotic process involved in morphogenesis,2/257,12/8488,0.16666666666666666,5.504539559014266,2.7590712523478444,0.049348003739072256,0.2655434619805534,0.22748124122634195,LOC111329099/LOC111338817,2
GO:0060788,ectodermal placode formation,2/257,12/8488,0.16666666666666666,5.504539559014266,2.7590712523478444,0.049348003739072256,0.2655434619805534,0.22748124122634195,LOC111330631/LOC111344472,2
GO:0099634,postsynaptic specialization membrane,2/257,12/8488,0.16666666666666666,5.504539559014266,2.7590712523478444,0.049348003739072256,0.2655434619805534,0.22748124122634195,LOC111342023/LOC111326058,2
GO:0003700,DNA-binding transcription factor activity,18/257,391/8488,0.04603580562659847,1.5204354792162171,1.861703720519138,0.049962893339126895,0.2683721127930244,0.22990444153041847,LOC111330631/LOC111328662/LOC111328602/LOC111341087/LOC111326654/LOC111338776/LOC111340883/LOC111321709/LOC111335662/LOC111325851/LOC111322526/LOC111332020/LOC111331301/LOC111333767/LOC111331073/LOC111320928/LOC111344472/LOC111333334,18
GO:0042110,T cell activation,6/257,88/8488,0.06818181818181818,2.251857092324018,2.0858055038419803,0.050196242341263415,0.2691449143716941,0.23056647199814775,LOC111329099/LOC111326654/LOC111340883/LOC111328517/LOC111333893/LOC111333767,6
GO:0005509,calcium ion binding,13/257,259/8488,0.05019305019305019,1.6577377822514008,1.8995315111596738,0.05089330255239607,0.27031554472695213,0.23156930763283134,LOC111323911/LOC111338418/LOC111323527/LOC111321680/LOC111321403/LOC111330961/LOC111331303/LOC111326058/LOC111328207/LOC111334412/LOC111324368/LOC111340596/LOC111342215,13
GO:0008284,positive regulation of cell population proliferation,17/257,365/8488,0.04657534246575343,1.538254890464261,1.8573491523899017,0.05104320599869265,0.27031554472695213,0.23156930763283134,LOC111328024/LOC111332158/LOC111322288/LOC111333478/LOC111338776/LOC111345144/LOC111321759/LOC111340883/LOC111327334/LOC111321593/LOC111331303/LOC111333893/LOC111325851/LOC111333767/LOC111344472/LOC111338817/LOC111340622,17
GO:0043588,skin development,7/257,111/8488,0.06306306306306306,2.082798752059452,2.0290013694264206,0.051100174683491206,0.27031554472695213,0.23156930763283134,LOC111320871/LOC111320952/LOC111320822/LOC111336974/LOC111335693/LOC111326885/LOC111326544,7
GO:0015908,fatty acid transport,3/257,28/8488,0.10714285714285714,3.5386325736520283,2.377448096248193,0.051492954497521136,0.27031554472695213,0.23156930763283134,LOC111331664/LOC111346320/LOC111331303,3
GO:0021517,ventral spinal cord development,3/257,28/8488,0.10714285714285714,3.5386325736520283,2.377448096248193,0.051492954497521136,0.27031554472695213,0.23156930763283134,LOC111340883/LOC111333767/LOC111331073,3
GO:0030148,sphingolipid biosynthetic process,3/257,28/8488,0.10714285714285714,3.5386325736520283,2.377448096248193,0.051492954497521136,0.27031554472695213,0.23156930763283134,LOC111326885/LOC111323127/LOC111341830,3
GO:0032228,"regulation of synaptic transmission, GABAergic",3/257,28/8488,0.10714285714285714,3.5386325736520283,2.377448096248193,0.051492954497521136,0.27031554472695213,0.23156930763283134,LOC111335693/LOC111324532/LOC111333012,3
GO:0035159,"regulation of tube length, open tracheal system",3/257,28/8488,0.10714285714285714,3.5386325736520283,2.377448096248193,0.051492954497521136,0.27031554472695213,0.23156930763283134,LOC111332158/LOC111333893/LOC111334412,3
GO:0035215,genital disc development,3/257,28/8488,0.10714285714285714,3.5386325736520283,2.377448096248193,0.051492954497521136,0.27031554472695213,0.23156930763283134,LOC111332158/LOC111339275/LOC111333767,3
GO:0042698,ovulation cycle,3/257,28/8488,0.10714285714285714,3.5386325736520283,2.377448096248193,0.051492954497521136,0.27031554472695213,0.23156930763283134,LOC111327252/LOC111323527/LOC111331303,3
GO:0048483,autonomic nervous system development,3/257,28/8488,0.10714285714285714,3.5386325736520283,2.377448096248193,0.051492954497521136,0.27031554472695213,0.23156930763283134,LOC111333478/LOC111340883/LOC111344472,3
GO:0061035,regulation of cartilage development,3/257,28/8488,0.10714285714285714,3.5386325736520283,2.377448096248193,0.051492954497521136,0.27031554472695213,0.23156930763283134,LOC111327880/LOC111333767/LOC111324368,3
GO:0008277,regulation of G protein-coupled receptor signaling pathway,5/257,67/8488,0.07462686567164178,2.464719205528776,2.1268032029542527,0.051745521768250986,0.2706965730067808,0.23189572043693987,LOC111328749/LOC111327334/LOC111323636/LOC111333893/LOC111326058,5
GO:0098754,detoxification,5/257,67/8488,0.07462686567164178,2.464719205528776,2.1268032029542527,0.051745521768250986,0.2706965730067808,0.23189572043693987,LOC111336303/LOC111333170/LOC111322400/LOC111336999/LOC111329754,5
GO:0046661,male sex differentiation,8/257,135/8488,0.05925925925925926,1.9571696209828506,1.9808514686880248,0.052234088822217535,0.2727780194049138,0.23367881841518373,LOC111330631/LOC111332158/LOC111325642/LOC111329099/LOC111322288/LOC111335693/LOC111333901/LOC111339275,8
GO:0030178,negative regulation of Wnt signaling pathway,6/257,89/8488,0.06741573033707865,2.226555327241726,2.0553496702383756,0.0525237006103275,0.27381506314708,0.2345672153499621,LOC111328024/LOC111323862/LOC111336974/LOC111333893/LOC111333767/LOC111340596,6
GO:0006694,steroid biosynthetic process,4/257,47/8488,0.0851063829787234,2.8108287109860086,2.1996152015475947,0.053043251983963056,0.2750932792547601,0.23566221571096474,LOC111342143/LOC111331622/LOC111334900/LOC111342147,4
GO:0016209,antioxidant activity,4/257,47/8488,0.0851063829787234,2.8108287109860086,2.1996152015475947,0.053043251983963056,0.2750932792547601,0.23566221571096474,LOC111336303/LOC111333170/LOC111322400/LOC111336999,4
GO:0016798,"hydrolase activity, acting on glycosyl bonds",4/257,47/8488,0.0851063829787234,2.8108287109860086,2.1996152015475947,0.053043251983963056,0.2750932792547601,0.23566221571096474,LOC111334156/LOC111336425/LOC111337168/LOC111329016,4
GO:0008289,lipid binding,15/257,314/8488,0.04777070063694268,1.577734268507274,1.8432871600356169,0.05395112648617125,0.2793201178492309,0.23928319166255502,LOC111335366/LOC111335819/LOC111328749/LOC111325671/LOC111340366/LOC111333613/LOC111321759/LOC111342143/LOC111327334/LOC111323636/LOC111331303/LOC111321894/LOC111333893/LOC111325968/LOC111342147,15
GO:0007565,female pregnancy,6/257,90/8488,0.06666666666666667,2.201815823605707,2.025296439879368,0.05491600293641749,0.2824331658676749,0.241950024511502,LOC111343122/LOC111331664/LOC111321759/LOC111331303/LOC111333695/LOC111328842,6
GO:0010165,response to X-ray,3/257,29/8488,0.10344827586206896,3.416610760767476,2.3033691899047386,0.05619457663124914,0.2824331658676749,0.241950024511502,LOC111320817/LOC111320821/LOC111320842,3
GO:0033077,T cell differentiation in thymus,3/257,29/8488,0.10344827586206896,3.416610760767476,2.3033691899047386,0.05619457663124914,0.2824331658676749,0.241950024511502,LOC111329099/LOC111333893/LOC111333767,3
GO:0035214,eye-antennal disc development,3/257,29/8488,0.10344827586206896,3.416610760767476,2.3033691899047386,0.05619457663124914,0.2824331658676749,0.241950024511502,LOC111329099/LOC111340398/LOC111331301,3
GO:0048333,mesodermal cell differentiation,3/257,29/8488,0.10344827586206896,3.416610760767476,2.3033691899047386,0.05619457663124914,0.2824331658676749,0.241950024511502,LOC111324192/LOC111335693/LOC111326654,3
GO:0051124,synaptic assembly at neuromuscular junction,3/257,29/8488,0.10344827586206896,3.416610760767476,2.3033691899047386,0.05619457663124914,0.2824331658676749,0.241950024511502,LOC111342023/LOC111336974/LOC111323777,3
GO:1903078,positive regulation of protein localization to plasma membrane,3/257,29/8488,0.10344827586206896,3.416610760767476,2.3033691899047386,0.05619457663124914,0.2824331658676749,0.241950024511502,LOC111335693/LOC111331664/LOC111340596,3
GO:2001239,regulation of extrinsic apoptotic signaling pathway in absence of ligand,3/257,29/8488,0.10344827586206896,3.416610760767476,2.3033691899047386,0.05619457663124914,0.2824331658676749,0.241950024511502,LOC111320817/LOC111320821/LOC111320842,3
GO:0055082,intracellular chemical homeostasis,15/257,316/8488,0.04746835443037975,1.567748608580013,1.8174095372504129,0.056406288400386896,0.2824331658676749,0.241950024511502,LOC111324621/LOC111323945/LOC111328749/LOC111322161/LOC111340883/LOC111323527/LOC111327334/LOC111329755/LOC111330961/LOC111323636/LOC111333893/LOC111328120/LOC111333012/LOC111326058/LOC111329754,15
GO:0070542,response to fatty acid,4/257,48/8488,0.08333333333333333,2.752269779507133,2.1511353058473026,0.05654706778916615,0.2824331658676749,0.241950024511502,LOC111327252/LOC111325671/LOC111338776/LOC111346320,4
GO:0098869,cellular oxidant detoxification,4/257,48/8488,0.08333333333333333,2.752269779507133,2.1511353058473026,0.05654706778916615,0.2824331658676749,0.241950024511502,LOC111336303/LOC111333170/LOC111322400/LOC111336999,4
GO:0055080,monoatomic cation homeostasis,14/257,290/8488,0.04827586206896552,1.5944183550248223,1.8199297123763447,0.057137296152943155,0.2824331658676749,0.241950024511502,LOC111323945/LOC111328749/LOC111333901/LOC111322161/LOC111323527/LOC111327334/LOC111329755/LOC111330961/LOC111323636/LOC111333893/LOC111328120/LOC111333012/LOC111326058/LOC111329754,14
GO:0001968,fibronectin binding,2/257,13/8488,0.15384615384615385,5.0811134390900925,2.6019434367390653,0.057181448807650935,0.2824331658676749,0.241950024511502,LOC111335693/LOC111331622,2
GO:0006953,acute-phase response,2/257,13/8488,0.15384615384615385,5.0811134390900925,2.6019434367390653,0.057181448807650935,0.2824331658676749,0.241950024511502,LOC111327252/LOC111322161,2
GO:0007362,terminal region determination,2/257,13/8488,0.15384615384615385,5.0811134390900925,2.6019434367390653,0.057181448807650935,0.2824331658676749,0.241950024511502,LOC111327880/LOC111336934,2
GO:0016405,CoA-ligase activity,2/257,13/8488,0.15384615384615385,5.0811134390900925,2.6019434367390653,0.057181448807650935,0.2824331658676749,0.241950024511502,LOC111331664/LOC111346320,2
GO:0021783,preganglionic parasympathetic fiber development,2/257,13/8488,0.15384615384615385,5.0811134390900925,2.6019434367390653,0.057181448807650935,0.2824331658676749,0.241950024511502,LOC111333478/LOC111344472,2
GO:0021904,dorsal/ventral neural tube patterning,2/257,13/8488,0.15384615384615385,5.0811134390900925,2.6019434367390653,0.057181448807650935,0.2824331658676749,0.241950024511502,LOC111325851/LOC111333767,2
GO:0031527,filopodium membrane,2/257,13/8488,0.15384615384615385,5.0811134390900925,2.6019434367390653,0.057181448807650935,0.2824331658676749,0.241950024511502,LOC111335693/LOC111325968,2
GO:0034109,homotypic cell-cell adhesion,2/257,13/8488,0.15384615384615385,5.0811134390900925,2.6019434367390653,0.057181448807650935,0.2824331658676749,0.241950024511502,LOC111332158/LOC111323127,2
GO:0035277,"spiracle morphogenesis, open tracheal system",2/257,13/8488,0.15384615384615385,5.0811134390900925,2.6019434367390653,0.057181448807650935,0.2824331658676749,0.241950024511502,LOC111333767/LOC111327558,2
GO:0045198,establishment of epithelial cell apical/basal polarity,2/257,13/8488,0.15384615384615385,5.0811134390900925,2.6019434367390653,0.057181448807650935,0.2824331658676749,0.241950024511502,LOC111333893/LOC111334412,2
GO:0048486,parasympathetic nervous system development,2/257,13/8488,0.15384615384615385,5.0811134390900925,2.6019434367390653,0.057181448807650935,0.2824331658676749,0.241950024511502,LOC111333478/LOC111344472,2
GO:0051281,positive regulation of release of sequestered calcium ion into cytosol,2/257,13/8488,0.15384615384615385,5.0811134390900925,2.6019434367390653,0.057181448807650935,0.2824331658676749,0.241950024511502,LOC111323945/LOC111327334,2
GO:0061550,cranial ganglion development,2/257,13/8488,0.15384615384615385,5.0811134390900925,2.6019434367390653,0.057181448807650935,0.2824331658676749,0.241950024511502,LOC111330631/LOC111333478,2
GO:0071071,regulation of phospholipid biosynthetic process,2/257,13/8488,0.15384615384615385,5.0811134390900925,2.6019434367390653,0.057181448807650935,0.2824331658676749,0.241950024511502,LOC111322288/LOC111331664,2
GO:0097205,renal filtration,2/257,13/8488,0.15384615384615385,5.0811134390900925,2.6019434367390653,0.057181448807650935,0.2824331658676749,0.241950024511502,LOC111328024/LOC111335693,2
GO:0098839,postsynaptic density membrane,2/257,13/8488,0.15384615384615385,5.0811134390900925,2.6019434367390653,0.057181448807650935,0.2824331658676749,0.241950024511502,LOC111342023/LOC111326058,2
GO:0003205,cardiac chamber development,6/257,91/8488,0.06593406593406594,2.1776200453243253,1.9956352708254803,0.05737332167415475,0.28291631409156964,0.24236391968650703,LOC111333478/LOC111340366/LOC111340883/LOC111333893/LOC111340596/LOC111344472,6
GO:0001667,ameboidal-type cell migration,12/257,238/8488,0.05042016806722689,1.6652388581891902,1.839316537389725,0.057609467428112654,0.2829499489976665,0.24239273346384646,LOC111324192/LOC111342023/LOC111322288/LOC111335693/LOC111333478/LOC111323777/LOC111339275/LOC111328517/LOC111333893/LOC111325851/LOC111324368/LOC111344472,12
GO:0032787,monocarboxylic acid metabolic process,12/257,238/8488,0.05042016806722689,1.6652388581891902,1.839316537389725,0.057609467428112654,0.2829499489976665,0.24239273346384646,LOC111335819/LOC111326885/LOC111331664/LOC111334156/LOC111342143/LOC111346320/LOC111331622/LOC111331303/LOC111334900/LOC111341830/LOC111328842/LOC111342147,12
GO:0099080,supramolecular complex,15/257,317/8488,0.0473186119873817,1.5628030293731356,1.8045370955180922,0.057662340005176047,0.2829499489976665,0.24239273346384646,LOC111320817/LOC111330205/LOC111320871/LOC111323862/LOC111320781/LOC111320821/LOC111320822/LOC111333478/LOC111320842/LOC111340398/LOC111321489/LOC111320751/LOC111321680/LOC111326058/LOC111335667,15
GO:0043408,regulation of MAPK cascade,16/257,344/8488,0.046511627906976744,1.5361505746086326,1.7937605833830037,0.057846853889497146,0.2833930561882857,0.24277232696980802,LOC111325642/LOC111323862/LOC111322288/LOC111323945/LOC111328749/LOC111326885/LOC111327625/LOC111333478/LOC111339275/LOC111326819/LOC111323636/LOC111333893/LOC111325220/LOC111343646/LOC111344472/LOC111338817,16
GO:0040017,positive regulation of locomotion,15/257,318/8488,0.04716981132075472,1.5578885544380001,1.791708463666638,0.058937507764726636,0.28826670464438653,0.24694740095515755,LOC111323862/LOC111333735/LOC111322288/LOC111328749/LOC111335693/LOC111333478/LOC111333901/LOC111323127/LOC111345144/LOC111321759/LOC111323636/LOC111326544/LOC111333893/LOC111326058/LOC111340622,15
GO:0030054,cell junction,16/257,346/8488,0.046242774566473986,1.5272710915184093,1.769391038600721,0.060313686228342066,0.29383896902638207,0.2517209533092747,LOC111328393/LOC111332158/LOC111333735/LOC111342023/LOC111321843/LOC111335693/LOC111335321/LOC111322266/LOC111333478/LOC111323127/LOC111323777/LOC111330961/LOC111322256/LOC111322261/LOC111334900/LOC111332138,16
GO:0017015,regulation of transforming growth factor beta receptor signaling pathway,5/257,70/8488,0.07142857142857142,2.3590883824346855,2.0174817802455967,0.060369841375766,0.29383896902638207,0.2517209533092747,LOC111327880/LOC111336934/LOC111335693/LOC111321680/LOC111326544,5
GO:0071356,cellular response to tumor necrosis factor,5/257,70/8488,0.07142857142857142,2.3590883824346855,2.0174817802455967,0.060369841375766,0.29383896902638207,0.2517209533092747,LOC111320817/LOC111320821/LOC111325671/LOC111320842/LOC111334113,5
GO:0006721,terpenoid metabolic process,3/257,30/8488,0.1,3.3027237354085606,2.2324718239367547,0.06109283305158552,0.29449878496661736,0.2522861931684908,LOC111336828/LOC111325671/LOC111340596,3
GO:0007443,Malpighian tubule morphogenesis,3/257,30/8488,0.1,3.3027237354085606,2.2324718239367547,0.06109283305158552,0.29449878496661736,0.2522861931684908,LOC111322288/LOC111339275/LOC111320751,3
GO:0016684,"oxidoreductase activity, acting on peroxide as acceptor",3/257,30/8488,0.1,3.3027237354085606,2.2324718239367547,0.06109283305158552,0.29449878496661736,0.2522861931684908,LOC111336303/LOC111333170/LOC111322400,3
GO:0048619,embryonic hindgut morphogenesis,3/257,30/8488,0.1,3.3027237354085606,2.2324718239367547,0.06109283305158552,0.29449878496661736,0.2522861931684908,LOC111322288/LOC111339275/LOC111320751,3
GO:0060350,endochondral bone morphogenesis,3/257,30/8488,0.1,3.3027237354085606,2.2324718239367547,0.06109283305158552,0.29449878496661736,0.2522861931684908,LOC111320817/LOC111320821/LOC111320842,3
GO:0070373,negative regulation of ERK1 and ERK2 cascade,3/257,30/8488,0.1,3.3027237354085606,2.2324718239367547,0.06109283305158552,0.29449878496661736,0.2522861931684908,LOC111327625/LOC111326819/LOC111325220,3
GO:0006873,intracellular monoatomic ion homeostasis,13/257,267/8488,0.04868913857677903,1.6080677363412466,1.783867647535894,0.06184991207910155,0.2972004478621959,0.25460060763110853,LOC111323945/LOC111328749/LOC111322161/LOC111323527/LOC111327334/LOC111329755/LOC111330961/LOC111323636/LOC111333893/LOC111328120/LOC111333012/LOC111326058/LOC111329754,13
GO:0006898,receptor-mediated endocytosis,7/257,116/8488,0.0603448275862069,1.993022943781028,1.9027907418656786,0.06194969441808406,0.2972004478621959,0.25460060763110853,LOC111319860/LOC111336974/LOC111325671/LOC111340366/LOC111338418/LOC111340596/LOC111330877,7
GO:0048588,developmental cell growth,7/257,116/8488,0.0603448275862069,1.993022943781028,1.9027907418656786,0.06194969441808406,0.2972004478621959,0.25460060763110853,LOC111324192/LOC111342023/LOC111333478/LOC111323777/LOC111321759/LOC111333893/LOC111340622,7
GO:0045017,glycerolipid biosynthetic process,8/257,140/8488,0.05714285714285714,1.8872707059477487,1.8704508585656554,0.062071837487207536,0.29731224070305773,0.2546963764141536,LOC111324979/LOC111346087/LOC111331664/LOC111323127/LOC111329762/LOC111346320/LOC111331303/LOC111338817,8
GO:0030516,regulation of axon extension,6/257,93/8488,0.06451612903225806,2.1307895067152,1.937448894834754,0.06248347202950382,0.29880808245587837,0.2559778085988208,LOC111342023/LOC111333478/LOC111333901/LOC111323777/LOC111333893/LOC111340622,6
GO:0010565,regulation of ketone metabolic process,5/257,71/8488,0.07042253521126761,2.325861785498986,1.9822851433400517,0.06341562552658506,0.30230459838980644,0.25897314419731454,LOC111320024/LOC111331664/LOC111346320/LOC111331303/LOC111326058,5
GO:0048066,developmental pigmentation,5/257,71/8488,0.07042253521126761,2.325861785498986,1.9822851433400517,0.06341562552658506,0.30230459838980644,0.25897314419731454,LOC111330589/LOC111325851/LOC111331301/LOC111333767/LOC111334761,5
GO:0048644,muscle organ morphogenesis,4/257,50/8488,0.08,2.6421789883268483,2.0577996763845454,0.06391846850945312,0.30373894672422586,0.2602018972497568,LOC111320822/LOC111333893/LOC111325851/LOC111344472,4
GO:1990748,cellular detoxification,4/257,50/8488,0.08,2.6421789883268483,2.0577996763845454,0.06391846850945312,0.30373894672422586,0.2602018972497568,LOC111336303/LOC111333170/LOC111322400/LOC111336999,4
GO:0051604,protein maturation,8/257,141/8488,0.05673758865248227,1.8738858073240057,1.8489126658537751,0.06416963559847046,0.3044515203157715,0.2608123326333317,LOC111327880/LOC111323911/LOC111336934/LOC111326544/LOC111344752/LOC111328207/LOC111333767/LOC111321502,8
GO:0008361,regulation of cell size,10/257,191/8488,0.05235602094240838,1.7291747305803982,1.8009643262273305,0.06455802697036478,0.30458255071781853,0.2609245815219834,LOC111336828/LOC111342023/LOC111333478/LOC111333901/LOC111323777/LOC111321593/LOC111328517/LOC111333893/LOC111326058/LOC111340622,10
GO:0008484,sulfuric ester hydrolase activity,2/257,14/8488,0.14285714285714285,4.718176764869371,2.46018169341443,0.06541234300655278,0.30458255071781853,0.2609245815219834,LOC111328024/LOC111321463,2
GO:0010954,positive regulation of protein processing,2/257,14/8488,0.14285714285714285,4.718176764869371,2.46018169341443,0.06541234300655278,0.30458255071781853,0.2609245815219834,LOC111328749/LOC111323636,2
GO:0021801,cerebral cortex radial glia-guided migration,2/257,14/8488,0.14285714285714285,4.718176764869371,2.46018169341443,0.06541234300655278,0.30458255071781853,0.2609245815219834,LOC111321759/LOC111333767,2
GO:0032967,positive regulation of collagen biosynthetic process,2/257,14/8488,0.14285714285714285,4.718176764869371,2.46018169341443,0.06541234300655278,0.30458255071781853,0.2609245815219834,LOC111322288/LOC111327334,2
GO:0042590,antigen processing and presentation of exogenous peptide antigen via MHC class I,2/257,14/8488,0.14285714285714285,4.718176764869371,2.46018169341443,0.06541234300655278,0.30458255071781853,0.2609245815219834,LOC111322266/LOC111322261,2
GO:0048485,sympathetic nervous system development,2/257,14/8488,0.14285714285714285,4.718176764869371,2.46018169341443,0.06541234300655278,0.30458255071781853,0.2609245815219834,LOC111333478/LOC111340883,2
GO:0051014,actin filament severing,2/257,14/8488,0.14285714285714285,4.718176764869371,2.46018169341443,0.06541234300655278,0.30458255071781853,0.2609245815219834,LOC111330205/LOC111321894,2
GO:0051016,barbed-end actin filament capping,2/257,14/8488,0.14285714285714285,4.718176764869371,2.46018169341443,0.06541234300655278,0.30458255071781853,0.2609245815219834,LOC111330205/LOC111321894,2
GO:0060445,branching involved in salivary gland morphogenesis,2/257,14/8488,0.14285714285714285,4.718176764869371,2.46018169341443,0.06541234300655278,0.30458255071781853,0.2609245815219834,LOC111322288/LOC111333478,2
GO:0072148,epithelial cell fate commitment,2/257,14/8488,0.14285714285714285,4.718176764869371,2.46018169341443,0.06541234300655278,0.30458255071781853,0.2609245815219834,LOC111329099/LOC111333478,2
GO:0090103,cochlea morphogenesis,2/257,14/8488,0.14285714285714285,4.718176764869371,2.46018169341443,0.06541234300655278,0.30458255071781853,0.2609245815219834,LOC111333893/LOC111344472,2
GO:0008374,O-acyltransferase activity,3/257,31/8488,0.0967741935483871,3.1961842600728003,2.164506120482931,0.06618335964590537,0.30580575393991294,0.2619724543830162,LOC111324979/LOC111335819/LOC111330775,3
GO:0010004,gastrulation involving germ band extension,3/257,31/8488,0.0967741935483871,3.1961842600728003,2.164506120482931,0.06618335964590537,0.30580575393991294,0.2619724543830162,LOC111327880/LOC111336934/LOC111343646,3
GO:0030595,leukocyte chemotaxis,3/257,31/8488,0.0967741935483871,3.1961842600728003,2.164506120482931,0.06618335964590537,0.30580575393991294,0.2619724543830162,LOC111322288/LOC111323527/LOC111324532,3
GO:0090207,regulation of triglyceride metabolic process,3/257,31/8488,0.0967741935483871,3.1961842600728003,2.164506120482931,0.06618335964590537,0.30580575393991294,0.2619724543830162,LOC111328749/LOC111346320/LOC111323636,3
GO:0097529,myeloid leukocyte migration,3/257,31/8488,0.0967741935483871,3.1961842600728003,2.164506120482931,0.06618335964590537,0.30580575393991294,0.2619724543830162,LOC111323862/LOC111322288/LOC111333170,3
GO:0008610,lipid biosynthetic process,13/257,270/8488,0.04814814814814815,1.590200317048566,1.7414684627909354,0.06633769423099724,0.3060487488448462,0.26218061911120644,LOC111346087/LOC111326885/LOC111331664/LOC111323127/LOC111329762/LOC111342143/LOC111346320/LOC111331622/LOC111331303/LOC111334900/LOC111341830/LOC111338817/LOC111342147,13
GO:0030278,regulation of ossification,5/257,72/8488,0.06944444444444445,2.293558149589278,1.947675956911087,0.06654661444381198,0.30654244448236817,0.2626035498645148,LOC111336974/LOC111321680/LOC111331303/LOC111333893/LOC111333767,5
GO:0043679,axon terminus,7/257,118/8488,0.059322033898305086,1.9592428938864341,1.8540618901891837,0.06665549835288953,0.306574524534391,0.26263103165600127,LOC111332158/LOC111323862/LOC111336974/LOC111333478/LOC111322311/LOC111330961/LOC111343646,7
GO:0014706,striated muscle tissue development,9/257,167/8488,0.05389221556886228,1.7799109951303618,1.7985929199857895,0.06683986927690287,0.3067937089233682,0.2628187987977343,LOC111330631/LOC111330205/LOC111335693/LOC111326654/LOC111321759/LOC111320751/LOC111325851/LOC111333695/LOC111344472,9
GO:0034097,response to cytokine,18/257,406/8488,0.04433497536945813,1.4642617546146326,1.6938847733081297,0.06690713864818137,0.3067937089233682,0.2628187987977343,LOC111320817/LOC111332158/LOC111325642/LOC111320871/LOC111320821/LOC111320822/LOC111322288/LOC111325671/LOC111322266/LOC111320842/LOC111331664/LOC111338776/LOC111345144/LOC111346320/LOC111322261/LOC111333695/LOC111334113/LOC111338817,18
GO:0045197,establishment or maintenance of epithelial cell apical/basal polarity,4/257,51/8488,0.0784313725490196,2.5903715571831847,2.012829669689437,0.0677841195382027,0.3083183212445703,0.2641248776619219,LOC111340617/LOC111331622/LOC111333893/LOC111334412,4
GO:0051928,positive regulation of calcium ion transport,4/257,51/8488,0.0784313725490196,2.5903715571831847,2.012829669689437,0.0677841195382027,0.3083183212445703,0.2641248776619219,LOC111322288/LOC111323945/LOC111327334/LOC111326058,4
GO:0060563,neuroepithelial cell differentiation,4/257,51/8488,0.0784313725490196,2.5903715571831847,2.012829669689437,0.0677841195382027,0.3083183212445703,0.2641248776619219,LOC111329099/LOC111326654/LOC111340883/LOC111326058,4
GO:1904888,cranial skeletal system development,4/257,51/8488,0.0784313725490196,2.5903715571831847,2.012829669689437,0.0677841195382027,0.3083183212445703,0.2641248776619219,LOC111330631/LOC111333767/LOC111344472/LOC111338817,4
GO:0009897,external side of plasma membrane,6/257,95/8488,0.06315789473684211,2.085930780258038,1.880713734740557,0.06785463053986221,0.3083183212445703,0.2641248776619219,LOC111345835/LOC111332158/LOC111335693/LOC111323527/LOC111333695/LOC111328842,6
GO:0051048,negative regulation of secretion,6/257,95/8488,0.06315789473684211,2.085930780258038,1.880713734740557,0.06785463053986221,0.3083183212445703,0.2641248776619219,LOC111325642/LOC111323945/LOC111328749/LOC111333901/LOC111331664/LOC111323636,6
GO:0031667,response to nutrient levels,17/257,380/8488,0.04473684210526316,1.477534302682777,1.6828943946414183,0.06893823914767686,0.3127695676564283,0.26793809547275216,LOC111320817/LOC111325642/LOC111320821/LOC111327252/LOC111323945/LOC111327625/LOC111320842/LOC111331664/LOC111338776/LOC111346320/LOC111329755/LOC111326819/LOC111331303/LOC111333893/LOC111328120/LOC111325220/LOC111326058,17
GO:0090130,tissue migration,9/257,169/8488,0.05325443786982249,1.758846959685032,1.760675619675762,0.07089832579203954,0.32117795780490205,0.27514125164697656,LOC111324192/LOC111342023/LOC111322288/LOC111335693/LOC111333478/LOC111323777/LOC111339275/LOC111333893/LOC111324368,9
GO:0006672,ceramide metabolic process,3/257,32/8488,0.09375,3.0963035019455254,2.0992493324641224,0.0714615225195475,0.32130980528968445,0.2752542005001216,LOC111335819/LOC111326885/LOC111323127,3
GO:0007367,segment polarity determination,3/257,32/8488,0.09375,3.0963035019455254,2.0992493324641224,0.0714615225195475,0.32130980528968445,0.2752542005001216,LOC111333893/LOC111325851/LOC111333767,3
GO:0015171,amino acid transmembrane transporter activity,3/257,32/8488,0.09375,3.0963035019455254,2.0992493324641224,0.0714615225195475,0.32130980528968445,0.2752542005001216,LOC111336828/LOC111330589/LOC111342077,3
GO:0031102,neuron projection regeneration,3/257,32/8488,0.09375,3.0963035019455254,2.0992493324641224,0.0714615225195475,0.32130980528968445,0.2752542005001216,LOC111332158/LOC111321759/LOC111328517,3
GO:0051148,negative regulation of muscle cell differentiation,3/257,32/8488,0.09375,3.0963035019455254,2.0992493324641224,0.0714615225195475,0.32130980528968445,0.2752542005001216,LOC111322288/LOC111333893/LOC111322526,3
GO:0021766,hippocampus development,4/257,52/8488,0.07692307692307693,2.5405567195450462,1.9689216788263992,0.07176820967930635,0.3222071264408261,0.2760229022701366,LOC111342023/LOC111345144/LOC111326058/LOC111333767,4
GO:0030111,regulation of Wnt signaling pathway,10/257,195/8488,0.05128205128205128,1.6937044796966976,1.7316229533601035,0.07203830379397715,0.32293773146390947,0.2766487845127556,LOC111328024/LOC111323862/LOC111336974/LOC111335693/LOC111323127/LOC111340883/LOC111333893/LOC111333767/LOC111340596/LOC111340622,10
GO:0007432,salivary gland boundary specification,2/257,15/8488,0.13333333333333333,4.403631647211414,2.331239759065735,0.07400964581415281,0.3283044450846288,0.2812462491486462,LOC111335693/LOC111333901,2
GO:0042759,long-chain fatty acid biosynthetic process,2/257,15/8488,0.13333333333333333,4.403631647211414,2.331239759065735,0.07400964581415281,0.3283044450846288,0.2812462491486462,LOC111326885/LOC111331622,2
GO:0045467,R7 cell development,2/257,15/8488,0.13333333333333333,4.403631647211414,2.331239759065735,0.07400964581415281,0.3283044450846288,0.2812462491486462,LOC111342023/LOC111323777,2
GO:0046471,phosphatidylglycerol metabolic process,2/257,15/8488,0.13333333333333333,4.403631647211414,2.331239759065735,0.07400964581415281,0.3283044450846288,0.2812462491486462,LOC111331664/LOC111331303,2
GO:0072210,metanephric nephron development,2/257,15/8488,0.13333333333333333,4.403631647211414,2.331239759065735,0.07400964581415281,0.3283044450846288,0.2812462491486462,LOC111322288/LOC111321759,2
GO:1904036,negative regulation of epithelial cell apoptotic process,2/257,15/8488,0.13333333333333333,4.403631647211414,2.331239759065735,0.07400964581415281,0.3283044450846288,0.2812462491486462,LOC111338776/LOC111340622,2
GO:0006909,phagocytosis,7/257,121/8488,0.05785123966942149,1.9106666237900762,1.7827259341573873,0.0741086164270156,0.3283044450846288,0.2812462491486462,LOC111336303/LOC111328749/LOC111322400/LOC111327210/LOC111323636/LOC111325968/LOC111340596,7
GO:0009913,epidermal cell differentiation,7/257,121/8488,0.05785123966942149,1.9106666237900762,1.7827259341573873,0.0741086164270156,0.3283044450846288,0.2812462491486462,LOC111329099/LOC111320952/LOC111340398/LOC111326544/LOC111333893/LOC111326058/LOC111334412,7
GO:0005215,transporter activity,21/257,496/8488,0.04233870967741935,1.39833061378185,1.6153779410308673,0.07430860520682443,0.3287063006795999,0.2815905039416505,LOC111345835/LOC111336828/LOC111343017/LOC111330589/LOC111325671/LOC111323127/LOC111342077/LOC111330251/LOC111342143/LOC111323527/LOC111327414/LOC111327248/LOC111321178/LOC111331589/LOC111334900/LOC111326058/LOC111334761/LOC111328842/LOC111340596/LOC111341071/LOC111342147,21
GO:0061061,muscle structure development,16/257,357/8488,0.04481792717086835,1.4802123183903912,1.6379958073836185,0.07517511511456311,0.3320510224149865,0.2844558030766682,LOC111336303/LOC111330631/LOC111324192/LOC111330205/LOC111320822/LOC111322288/LOC111335693/LOC111322400/LOC111326654/LOC111333901/LOC111321759/LOC111320751/LOC111333893/LOC111325851/LOC111333695/LOC111344472,16
GO:0008347,glial cell migration,4/257,53/8488,0.07547169811320754,2.4926216871008,1.9260275751498297,0.0758694233807459,0.33364799053988836,0.2858238664759402,LOC111324192/LOC111333901/LOC111321759/LOC111333767,4
GO:0048678,response to axon injury,4/257,53/8488,0.07547169811320754,2.4926216871008,1.9260275751498297,0.0758694233807459,0.33364799053988836,0.2858238664759402,LOC111332158/LOC111322288/LOC111321759/LOC111328517,4
GO:1903036,positive regulation of response to wounding,4/257,53/8488,0.07547169811320754,2.4926216871008,1.9260275751498297,0.0758694233807459,0.33364799053988836,0.2858238664759402,LOC111328393/LOC111323127/LOC111320751/LOC111327334,4
GO:0001934,positive regulation of protein phosphorylation,19/257,441/8488,0.04308390022675737,1.4229421989288582,1.6117611187874699,0.07605499569416593,0.3339758059095637,0.28610469375231384,LOC111325642/LOC111323862/LOC111322288/LOC111323945/LOC111336974/LOC111328749/LOC111326885/LOC111333478/LOC111323127/LOC111345144/LOC111339275/LOC111346320/LOC111327334/LOC111323636/LOC111333893/LOC111326058/LOC111343646/LOC111344472/LOC111338817,19
GO:0061387,regulation of extent of cell growth,6/257,98/8488,0.061224489795918366,2.0220757563725877,1.798177281011802,0.07640006034765838,0.33423554969802205,0.28632720662820477,LOC111342023/LOC111333478/LOC111333901/LOC111323777/LOC111333893/LOC111340622,6
GO:0021761,limbic system development,5/257,75/8488,0.06666666666666667,2.201815823605707,1.847185313525242,0.07644749275007952,0.33423554969802205,0.28632720662820477,LOC111342023/LOC111333478/LOC111345144/LOC111326058/LOC111333767,5
GO:0090090,negative regulation of canonical Wnt signaling pathway,5/257,75/8488,0.06666666666666667,2.201815823605707,1.847185313525242,0.07644749275007952,0.33423554969802205,0.28632720662820477,LOC111328024/LOC111323862/LOC111336974/LOC111333893/LOC111333767,5
GO:0060135,maternal process involved in female pregnancy,3/257,33/8488,0.09090909090909091,3.002476123098691,2.036502146980779,0.07692244864879545,0.3358239848121578,0.28768796011343867,LOC111331303/LOC111333695/LOC111328842,3
GO:0045937,positive regulation of phosphate metabolic process,21/257,500/8488,0.042,1.3871439688715954,1.5767245653102653,0.07928886440686886,0.3456534842548718,0.29610852794510295,LOC111325642/LOC111323862/LOC111322288/LOC111323945/LOC111336974/LOC111328749/LOC111335693/LOC111326885/LOC111333478/LOC111331664/LOC111323127/LOC111345144/LOC111339275/LOC111346320/LOC111327334/LOC111323636/LOC111333893/LOC111326058/LOC111343646/LOC111344472/LOC111338817,21
GO:0004714,transmembrane receptor protein tyrosine kinase activity,4/257,54/8488,0.07407407407407407,2.4464620262285632,1.8841023017827203,0.08008631707789933,0.34700279304191517,0.2972644307693898,LOC111324192/LOC111323862/LOC111333478/LOC111339275,4
GO:0030879,mammary gland development,4/257,54/8488,0.07407407407407407,2.4464620262285632,1.8841023017827203,0.08008631707789933,0.34700279304191517,0.2972644307693898,LOC111336828/LOC111325851/LOC111326058/LOC111333767,4
GO:0051781,positive regulation of cell division,4/257,54/8488,0.07407407407407407,2.4464620262285632,1.8841023017827203,0.08008631707789933,0.34700279304191517,0.2972644307693898,LOC111330205/LOC111322288/LOC111341087/LOC111328517,4
GO:0072009,nephron epithelium development,4/257,54/8488,0.07407407407407407,2.4464620262285632,1.8841023017827203,0.08008631707789933,0.34700279304191517,0.2972644307693898,LOC111322288/LOC111321759/LOC111330961/LOC111333767,4
GO:0030900,forebrain development,11/257,226/8488,0.048672566371681415,1.6075204021900071,1.6356480245642793,0.08172623185247464,0.34700279304191517,0.2972644307693898,LOC111332158/LOC111325642/LOC111342023/LOC111320822/LOC111333478/LOC111345144/LOC111321759/LOC111331301/LOC111326058/LOC111333767/LOC111340622,11
GO:0150034,distal axon,11/257,226/8488,0.048672566371681415,1.6075204021900071,1.6356480245642793,0.08172623185247464,0.34700279304191517,0.2972644307693898,LOC111332158/LOC111323862/LOC111336974/LOC111335693/LOC111333478/LOC111333901/LOC111345144/LOC111322311/LOC111330961/LOC111328517/LOC111343646,11
GO:0044306,neuron projection terminus,7/257,124/8488,0.056451612903225805,1.8644408183758001,1.7133909088794808,0.08203502616836957,0.34700279304191517,0.2972644307693898,LOC111332158/LOC111323862/LOC111336974/LOC111333478/LOC111322311/LOC111330961/LOC111343646,7
GO:0016203,muscle attachment,3/257,34/8488,0.08823529411764706,2.914168001831083,1.9760855879369335,0.08256105463165263,0.34700279304191517,0.2972644307693898,LOC111336303/LOC111335693/LOC111322400,3
GO:0035112,genitalia morphogenesis,3/257,34/8488,0.08823529411764706,2.914168001831083,1.9760855879369335,0.08256105463165263,0.34700279304191517,0.2972644307693898,LOC111332158/LOC111323862/LOC111339275,3
GO:0046470,phosphatidylcholine metabolic process,3/257,34/8488,0.08823529411764706,2.914168001831083,1.9760855879369335,0.08256105463165263,0.34700279304191517,0.2972644307693898,LOC111335819/LOC111329762/LOC111331303,3
GO:0050728,negative regulation of inflammatory response,3/257,34/8488,0.08823529411764706,2.914168001831083,1.9760855879369335,0.08256105463165263,0.34700279304191517,0.2972644307693898,LOC111332789/LOC111327334/LOC111324532,3
GO:2001238,positive regulation of extrinsic apoptotic signaling pathway,3/257,34/8488,0.08823529411764706,2.914168001831083,1.9760855879369335,0.08256105463165263,0.34700279304191517,0.2972644307693898,LOC111327625/LOC111326819/LOC111325220,3
GO:0007412,axon target recognition,2/257,16/8488,0.125,4.128404669260701,2.2131319355575667,0.08294381921447375,0.34700279304191517,0.2972644307693898,LOC111342023/LOC111323777,2
GO:0008198,ferrous iron binding,2/257,16/8488,0.125,4.128404669260701,2.2131319355575667,0.08294381921447375,0.34700279304191517,0.2972644307693898,LOC111329755/LOC111329754,2
GO:0009395,phospholipid catabolic process,2/257,16/8488,0.125,4.128404669260701,2.2131319355575667,0.08294381921447375,0.34700279304191517,0.2972644307693898,LOC111335819/LOC111331303,2
GO:0014059,regulation of dopamine secretion,2/257,16/8488,0.125,4.128404669260701,2.2131319355575667,0.08294381921447375,0.34700279304191517,0.2972644307693898,LOC111328749/LOC111323636,2
GO:0016878,acid-thiol ligase activity,2/257,16/8488,0.125,4.128404669260701,2.2131319355575667,0.08294381921447375,0.34700279304191517,0.2972644307693898,LOC111331664/LOC111346320,2
GO:0030859,polarized epithelial cell differentiation,2/257,16/8488,0.125,4.128404669260701,2.2131319355575667,0.08294381921447375,0.34700279304191517,0.2972644307693898,LOC111333893/LOC111334412,2
GO:0032330,regulation of chondrocyte differentiation,2/257,16/8488,0.125,4.128404669260701,2.2131319355575667,0.08294381921447375,0.34700279304191517,0.2972644307693898,LOC111333767/LOC111324368,2
GO:0032965,regulation of collagen biosynthetic process,2/257,16/8488,0.125,4.128404669260701,2.2131319355575667,0.08294381921447375,0.34700279304191517,0.2972644307693898,LOC111322288/LOC111327334,2
GO:0043121,neurotrophin binding,2/257,16/8488,0.125,4.128404669260701,2.2131319355575667,0.08294381921447375,0.34700279304191517,0.2972644307693898,LOC111327252/LOC111326544,2
GO:0045503,dynein light chain binding,2/257,16/8488,0.125,4.128404669260701,2.2131319355575667,0.08294381921447375,0.34700279304191517,0.2972644307693898,LOC111331389/LOC111331219,2
GO:0045923,positive regulation of fatty acid metabolic process,2/257,16/8488,0.125,4.128404669260701,2.2131319355575667,0.08294381921447375,0.34700279304191517,0.2972644307693898,LOC111346320/LOC111331303,2
GO:0045992,negative regulation of embryonic development,2/257,16/8488,0.125,4.128404669260701,2.2131319355575667,0.08294381921447375,0.34700279304191517,0.2972644307693898,LOC111328024/LOC111333893,2
GO:0046847,filopodium assembly,2/257,16/8488,0.125,4.128404669260701,2.2131319355575667,0.08294381921447375,0.34700279304191517,0.2972644307693898,LOC111335693/LOC111340398,2
GO:0051354,negative regulation of oxidoreductase activity,2/257,16/8488,0.125,4.128404669260701,2.2131319355575667,0.08294381921447375,0.34700279304191517,0.2972644307693898,LOC111324532/LOC111326058,2
GO:0060037,pharyngeal system development,2/257,16/8488,0.125,4.128404669260701,2.2131319355575667,0.08294381921447375,0.34700279304191517,0.2972644307693898,LOC111330631/LOC111344472,2
GO:0071404,cellular response to low-density lipoprotein particle stimulus,2/257,16/8488,0.125,4.128404669260701,2.2131319355575667,0.08294381921447375,0.34700279304191517,0.2972644307693898,LOC111342143/LOC111342147,2
GO:2001028,positive regulation of endothelial cell chemotaxis,2/257,16/8488,0.125,4.128404669260701,2.2131319355575667,0.08294381921447375,0.34700279304191517,0.2972644307693898,LOC111322288/LOC111340622,2
GO:0001841,neural tube formation,5/257,77/8488,0.06493506493506493,2.144625802213351,1.782799237139241,0.08346675315634047,0.34822190498512084,0.2983087987834462,LOC111330856/LOC111340883/LOC111333893/LOC111325851/LOC111331301,5
GO:0010594,regulation of endothelial cell migration,5/257,77/8488,0.06493506493506493,2.144625802213351,1.782799237139241,0.08346675315634047,0.34822190498512084,0.2983087987834462,LOC111322288/LOC111333478/LOC111323127/LOC111338817/LOC111340622,5
GO:0042327,positive regulation of phosphorylation,20/257,475/8488,0.042105263157894736,1.3906205201720254,1.54818070083051,0.08377535798172969,0.34902531413994864,0.29899704962716767,LOC111325642/LOC111323862/LOC111322288/LOC111323945/LOC111336974/LOC111328749/LOC111335693/LOC111326885/LOC111333478/LOC111323127/LOC111345144/LOC111339275/LOC111346320/LOC111327334/LOC111323636/LOC111333893/LOC111326058/LOC111343646/LOC111344472/LOC111338817,20
GO:0098771,inorganic ion homeostasis,14/257,308/8488,0.045454545454545456,1.5012380615493455,1.583288692280172,0.08429788308405212,0.3505434468993435,0.300297577690927,LOC111323945/LOC111328749/LOC111333901/LOC111322161/LOC111323527/LOC111327334/LOC111329755/LOC111330961/LOC111323636/LOC111333893/LOC111328120/LOC111333012/LOC111326058/LOC111329754,14
GO:0035567,non-canonical Wnt signaling pathway,4/257,55/8488,0.07272727272727272,2.4019808984789526,1.8431036239788907,0.08441732554541474,0.3505434468993435,0.300297577690927,LOC111323862/LOC111333893/LOC111322245/LOC111330060,4
GO:0010975,regulation of neuron projection development,17/257,391/8488,0.043478260869565216,1.4359668414819828,1.5595421973004746,0.08448936137035375,0.3505434468993435,0.300297577690927,LOC111328393/LOC111336303/LOC111342023/LOC111336974/LOC111335693/LOC111322400/LOC111333478/LOC111333901/LOC111323777/LOC111345144/LOC111320751/LOC111346320/LOC111332747/LOC111326544/LOC111333893/LOC111340596/LOC111340622,17
GO:0051222,positive regulation of protein transport,11/257,228/8488,0.04824561403508772,1.5934193460304458,1.6049313571156125,0.0857084803017667,0.35500541382044004,0.3041199793646546,LOC111323945/LOC111328749/LOC111331664/LOC111338776/LOC111340883/LOC111320751/LOC111323527/LOC111323636/LOC111331301/LOC111333767/LOC111340596,11
GO:0048534,hematopoietic or lymphoid organ development,16/257,364/8488,0.04395604395604396,1.4517466968828838,1.556603784891971,0.0858008430343949,0.35500541382044004,0.3041199793646546,LOC111327880/LOC111343122/LOC111330631/LOC111324192/LOC111329099/LOC111322288/LOC111326654/LOC111333478/LOC111340398/LOC111345144/LOC111340883/LOC111339275/LOC111323527/LOC111333893/LOC111333767/LOC111344472,16
GO:0030425,dendrite,17/257,392/8488,0.04336734693877551,1.4323036607639164,1.5485101588314971,0.08600816777880584,0.35537440752561533,0.30443608259473204,LOC111323862/LOC111340635/LOC111343017/LOC111322288/LOC111336974/LOC111328749/LOC111327625/LOC111333901/LOC111345144/LOC111326819/LOC111330961/LOC111323636/LOC111324532/LOC111325220/LOC111326058/LOC111320921/LOC111340596,17
GO:0002683,negative regulation of immune system process,9/257,176/8488,0.05113636363636364,1.688892819243014,1.6318212577837754,0.08629213545781082,0.3558766437295853,0.3048663297347511,LOC111329099/LOC111342023/LOC111327252/LOC111320822/LOC111328749/LOC111338418/LOC111323636/LOC111324532/LOC111333767,9
GO:0048592,eye morphogenesis,12/257,255/8488,0.047058823529411764,1.5542229343099108,1.5877893616001149,0.086366339734906,0.3558766437295853,0.3048663297347511,LOC111332158/LOC111329099/LOC111342023/LOC111322288/LOC111323777/LOC111340398/LOC111329762/LOC111321680/LOC111330961/LOC111333893/LOC111334412/LOC111333767,12
GO:0030308,negative regulation of cell growth,5/257,78/8488,0.0641025641025641,2.117130599620872,1.7513405899061194,0.08710024467468247,0.35792013112219245,0.3066169096399521,LOC111342023/LOC111332789/LOC111333478/LOC111333901/LOC111340622,5
GO:1905330,regulation of morphogenesis of an epithelium,5/257,78/8488,0.0641025641025641,2.117130599620872,1.7513405899061194,0.08710024467468247,0.35792013112219245,0.3066169096399521,LOC111328024/LOC111330631/LOC111323862/LOC111323127/LOC111333893,5
GO:0030534,adult behavior,8/257,151/8488,0.052980132450331126,1.749787409487979,1.6426274582199243,0.08756337220551488,0.35891633921436084,0.30747032418699444,LOC111332158/LOC111323945/LOC111342143/LOC111322311/LOC111324410/LOC111331301/LOC111331073/LOC111342147,8
GO:0021543,pallium development,7/257,126/8488,0.05555555555555555,1.8348465196714223,1.6682233430111826,0.08758131415669576,0.35891633921436084,0.30747032418699444,LOC111342023/LOC111320822/LOC111333478/LOC111345144/LOC111321759/LOC111326058/LOC111333767,7
GO:0008078,mesodermal cell migration,3/257,35/8488,0.08571428571428572,2.8309060589216233,1.9178384062061278,0.08837207363161025,0.35922053714038327,0.3077309192747964,LOC111324192/LOC111335693/LOC111328517,3
GO:0042067,establishment of ommatidial planar polarity,3/257,35/8488,0.08571428571428572,2.8309060589216233,1.9178384062061278,0.08837207363161025,0.35922053714038327,0.3077309192747964,LOC111329762/LOC111333893/LOC111334412,3
GO:0048538,thymus development,3/257,35/8488,0.08571428571428572,2.8309060589216233,1.9178384062061278,0.08837207363161025,0.35922053714038327,0.3077309192747964,LOC111330631/LOC111333478/LOC111344472,3
GO:0071346,cellular response to type II interferon,3/257,35/8488,0.08571428571428572,2.8309060589216233,1.9178384062061278,0.08837207363161025,0.35922053714038327,0.3077309192747964,LOC111332158/LOC111322266/LOC111322261,3
GO:0090102,cochlea development,3/257,35/8488,0.08571428571428572,2.8309060589216233,1.9178384062061278,0.08837207363161025,0.35922053714038327,0.3077309192747964,LOC111333893/LOC111326058/LOC111344472,3
GO:1902041,regulation of extrinsic apoptotic signaling pathway via death domain receptors,3/257,35/8488,0.08571428571428572,2.8309060589216233,1.9178384062061278,0.08837207363161025,0.35922053714038327,0.3077309192747964,LOC111327625/LOC111326819/LOC111325220,3
GO:0007492,endoderm development,4/257,56/8488,0.07142857142857142,2.3590883824346855,1.8029919039358568,0.0888607682237553,0.36071955575851006,0.3090150729622174,LOC111324192/LOC111335693/LOC111321759/LOC111321489,4
GO:0005925,focal adhesion,5/257,79/8488,0.06329113924050633,2.090331478106684,1.720351861644934,0.09081538086537806,0.3670897988175524,0.3144722240710276,LOC111328393/LOC111342023/LOC111335693/LOC111333478/LOC111323777,5
GO:0010634,positive regulation of epithelial cell migration,5/257,79/8488,0.06329113924050633,2.090331478106684,1.720351861644934,0.09081538086537806,0.3670897988175524,0.3144722240710276,LOC111322288/LOC111335693/LOC111333478/LOC111323127/LOC111340622,5
GO:0035315,hair cell differentiation,5/257,79/8488,0.06329113924050633,2.090331478106684,1.720351861644934,0.09081538086537806,0.3670897988175524,0.3144722240710276,LOC111329099/LOC111340398/LOC111333893/LOC111326058/LOC111334412,5
GO:0005035,death receptor activity,2/257,17/8488,0.11764705882352941,3.885557335774777,2.1042832093856125,0.09218676574647702,0.3670897988175524,0.3144722240710276,LOC111320728/LOC111324497,2
GO:0016620,"oxidoreductase activity, acting on the aldehyde or oxo group of donors, NAD or NADP as acceptor",2/257,17/8488,0.11764705882352941,3.885557335774777,2.1042832093856125,0.09218676574647702,0.3670897988175524,0.3144722240710276,LOC111346087/LOC111331622,2
GO:0016668,"oxidoreductase activity, acting on a sulfur group of donors, NAD(P) as acceptor",2/257,17/8488,0.11764705882352941,3.885557335774777,2.1042832093856125,0.09218676574647702,0.3670897988175524,0.3144722240710276,LOC111322266/LOC111322261,2
GO:0032026,response to magnesium ion,2/257,17/8488,0.11764705882352941,3.885557335774777,2.1042832093856125,0.09218676574647702,0.3670897988175524,0.3144722240710276,LOC111328749/LOC111323636,2
GO:0032590,dendrite membrane,2/257,17/8488,0.11764705882352941,3.885557335774777,2.1042832093856125,0.09218676574647702,0.3670897988175524,0.3144722240710276,LOC111340635/LOC111326058,2
GO:0035035,histone acetyltransferase binding,2/257,17/8488,0.11764705882352941,3.885557335774777,2.1042832093856125,0.09218676574647702,0.3670897988175524,0.3144722240710276,LOC111331303/LOC111333767,2
GO:0035089,establishment of apical/basal cell polarity,2/257,17/8488,0.11764705882352941,3.885557335774777,2.1042832093856125,0.09218676574647702,0.3670897988175524,0.3144722240710276,LOC111333893/LOC111334412,2
GO:0046068,cGMP metabolic process,2/257,17/8488,0.11764705882352941,3.885557335774777,2.1042832093856125,0.09218676574647702,0.3670897988175524,0.3144722240710276,LOC111321593/LOC111326058,2
GO:0061548,ganglion development,2/257,17/8488,0.11764705882352941,3.885557335774777,2.1042832093856125,0.09218676574647702,0.3670897988175524,0.3144722240710276,LOC111330631/LOC111333478,2
GO:0071526,semaphorin-plexin signaling pathway,2/257,17/8488,0.11764705882352941,3.885557335774777,2.1042832093856125,0.09218676574647702,0.3670897988175524,0.3144722240710276,LOC111333478/LOC111340622,2
GO:0090482,vitamin transmembrane transporter activity,2/257,17/8488,0.11764705882352941,3.885557335774777,2.1042832093856125,0.09218676574647702,0.3670897988175524,0.3144722240710276,LOC111345835/LOC111330251,2
GO:0048638,regulation of developmental growth,17/257,396/8488,0.04292929292929293,1.4178359470188264,1.504675390690774,0.09226060103260293,0.3670897988175524,0.3144722240710276,LOC111327880/LOC111330631/LOC111332158/LOC111342023/LOC111328749/LOC111336934/LOC111333478/LOC111333901/LOC111331664/LOC111323777/LOC111323636/LOC111326544/LOC111328517/LOC111333893/LOC111334412/LOC111343646/LOC111340622,17
GO:0001936,regulation of endothelial cell proliferation,4/257,57/8488,0.07017543859649122,2.3177008669533756,1.7637298972717674,0.09341485550425058,0.36940672471055147,0.31645704860422386,LOC111328024/LOC111322288/LOC111333478/LOC111340622,4
GO:0003014,renal system process,4/257,57/8488,0.07017543859649122,2.3177008669533756,1.7637298972717674,0.09341485550425058,0.36940672471055147,0.31645704860422386,LOC111328024/LOC111336828/LOC111322288/LOC111335693,4
GO:0042048,olfactory behavior,4/257,57/8488,0.07017543859649122,2.3177008669533756,1.7637298972717674,0.09341485550425058,0.36940672471055147,0.31645704860422386,LOC111332158/LOC111343017/LOC111321502/LOC111340622,4
GO:0055007,cardiac muscle cell differentiation,4/257,57/8488,0.07017543859649122,2.3177008669533756,1.7637298972717674,0.09341485550425058,0.36940672471055147,0.31645704860422386,LOC111326654/LOC111321759/LOC111325851/LOC111344472,4
GO:0008544,epidermis development,9/257,179/8488,0.05027932960893855,1.6605873529987174,1.5783370552631732,0.0934569539576894,0.36940672471055147,0.31645704860422386,LOC111329099/LOC111320952/LOC111336974/LOC111340398/LOC111321489/LOC111326544/LOC111333893/LOC111326058/LOC111334412,9
GO:0007614,short-term memory,3/257,36/8488,0.08333333333333333,2.752269779507133,1.8616148690255623,0.09435008060536848,0.36953781570435984,0.31656934939959164,LOC111332158/LOC111322311/LOC111330961,3
GO:0008586,imaginal disc-derived wing vein morphogenesis,3/257,36/8488,0.08333333333333333,2.752269779507133,1.8616148690255623,0.09435008060536848,0.36953781570435984,0.31656934939959164,LOC111327880/LOC111336934/LOC111343646,3
GO:0034381,plasma lipoprotein particle clearance,3/257,36/8488,0.08333333333333333,2.752269779507133,1.8616148690255623,0.09435008060536848,0.36953781570435984,0.31656934939959164,LOC111325671/LOC111342143/LOC111342147,3
GO:0035316,non-sensory hair organization,3/257,36/8488,0.08333333333333333,2.752269779507133,1.8616148690255623,0.09435008060536848,0.36953781570435984,0.31656934939959164,LOC111340398/LOC111333893/LOC111334412,3
GO:0035317,imaginal disc-derived wing hair organization,3/257,36/8488,0.08333333333333333,2.752269779507133,1.8616148690255623,0.09435008060536848,0.36953781570435984,0.31656934939959164,LOC111340398/LOC111333893/LOC111334412,3
GO:0045778,positive regulation of ossification,3/257,36/8488,0.08333333333333333,2.752269779507133,1.8616148690255623,0.09435008060536848,0.36953781570435984,0.31656934939959164,LOC111321680/LOC111331303/LOC111333767,3
GO:0072002,Malpighian tubule development,3/257,36/8488,0.08333333333333333,2.752269779507133,1.8616148690255623,0.09435008060536848,0.36953781570435984,0.31656934939959164,LOC111322288/LOC111339275/LOC111320751,3
GO:0031256,leading edge membrane,5/257,80/8488,0.0625,2.0642023346303504,1.6898190867956988,0.09461138499855709,0.3695987611372204,0.3166215590929156,LOC111329099/LOC111340635/LOC111343017/LOC111345144/LOC111326058,5
GO:0061326,renal tubule development,5/257,80/8488,0.0625,2.0642023346303504,1.6898190867956988,0.09461138499855709,0.3695987611372204,0.3166215590929156,LOC111322288/LOC111339275/LOC111320751/LOC111330961/LOC111333767,5
GO:0030665,clathrin-coated vesicle membrane,4/257,58/8488,0.06896551724137931,2.277740507178317,1.7252825687404432,0.09807769495797258,0.3824315878860924,0.32761496610622703,LOC111323862/LOC111325671/LOC111326544/LOC111333893,4
GO:0006874,intracellular calcium ion homeostasis,8/257,155/8488,0.05161290322580645,1.70463160537216,1.564388587743055,0.09815066018885084,0.3824315878860924,0.32761496610622703,LOC111323945/LOC111328749/LOC111323527/LOC111327334/LOC111330961/LOC111323636/LOC111333893/LOC111326058,8
GO:0031253,cell projection membrane,9/257,181/8488,0.049723756906077346,1.6422383214738696,1.5432303644915668,0.09842208181772295,0.38275214024280474,0.3278895714286065,LOC111329099/LOC111340635/LOC111343017/LOC111335693/LOC111333901/LOC111345144/LOC111330251/LOC111326058/LOC111325968,9
GO:0050731,positive regulation of peptidyl-tyrosine phosphorylation,5/257,81/8488,0.06172839506172839,2.0387183551904693,1.6597288906101757,0.09848741906513658,0.38275214024280474,0.3278895714286065,LOC111322288/LOC111336974/LOC111333478/LOC111323127/LOC111345144,5
GO:0030426,growth cone,7/257,130/8488,0.05384615384615385,1.7783897036815326,1.5802832512753011,0.09929729457071387,0.3854016284757514,0.33015928979165715,LOC111332158/LOC111335693/LOC111333478/LOC111333901/LOC111345144/LOC111322311/LOC111328517,7
GO:0001755,neural crest cell migration,3/257,37/8488,0.08108108108108109,2.6778841097907247,1.807282878280156,0.10048951590140451,0.3867876117124679,0.3313466102576013,LOC111333478/LOC111325851/LOC111344472,3
GO:0003333,amino acid transmembrane transport,3/257,37/8488,0.08108108108108109,2.6778841097907247,1.807282878280156,0.10048951590140451,0.3867876117124679,0.3313466102576013,LOC111336828/LOC111330589/LOC111342077,3
GO:0009593,detection of chemical stimulus,3/257,37/8488,0.08108108108108109,2.6778841097907247,1.807282878280156,0.10048951590140451,0.3867876117124679,0.3313466102576013,LOC111328749/LOC111338776/LOC111323636,3
GO:0019730,antimicrobial humoral response,3/257,37/8488,0.08108108108108109,2.6778841097907247,1.807282878280156,0.10048951590140451,0.3867876117124679,0.3313466102576013,LOC111322161/LOC111339275/LOC111327334,3
GO:0042733,embryonic digit morphogenesis,3/257,37/8488,0.08108108108108109,2.6778841097907247,1.807282878280156,0.10048951590140451,0.3867876117124679,0.3313466102576013,LOC111323862/LOC111336974/LOC111333767,3
GO:0001710,mesodermal cell fate commitment,2/257,18/8488,0.1111111111111111,3.6696930393428446,2.0034256900441316,0.1017117689044422,0.3867876117124679,0.3313466102576013,LOC111324192/LOC111326654,2
GO:0001737,establishment of imaginal disc-derived wing hair orientation,2/257,18/8488,0.1111111111111111,3.6696930393428446,2.0034256900441316,0.1017117689044422,0.3867876117124679,0.3313466102576013,LOC111333893/LOC111334412,2
GO:0004623,phospholipase A2 activity,2/257,18/8488,0.1111111111111111,3.6696930393428446,2.0034256900441316,0.1017117689044422,0.3867876117124679,0.3313466102576013,LOC111335819/LOC111331303,2
GO:0006727,ommochrome biosynthetic process,2/257,18/8488,0.1111111111111111,3.6696930393428446,2.0034256900441316,0.1017117689044422,0.3867876117124679,0.3313466102576013,LOC111330589/LOC111334761,2
GO:0006801,superoxide metabolic process,2/257,18/8488,0.1111111111111111,3.6696930393428446,2.0034256900441316,0.1017117689044422,0.3867876117124679,0.3313466102576013,LOC111335366/LOC111333170,2
GO:0008055,ocellus pigment biosynthetic process,2/257,18/8488,0.1111111111111111,3.6696930393428446,2.0034256900441316,0.1017117689044422,0.3867876117124679,0.3313466102576013,LOC111330589/LOC111334761,2
GO:0015485,cholesterol binding,2/257,18/8488,0.1111111111111111,3.6696930393428446,2.0034256900441316,0.1017117689044422,0.3867876117124679,0.3313466102576013,LOC111342143/LOC111342147,2
GO:0035025,positive regulation of Rho protein signal transduction,2/257,18/8488,0.1111111111111111,3.6696930393428446,2.0034256900441316,0.1017117689044422,0.3867876117124679,0.3313466102576013,LOC111320822/LOC111327558,2
GO:0070633,transepithelial transport,2/257,18/8488,0.1111111111111111,3.6696930393428446,2.0034256900441316,0.1017117689044422,0.3867876117124679,0.3313466102576013,LOC111336828/LOC111320952,2
GO:0071679,commissural neuron axon guidance,2/257,18/8488,0.1111111111111111,3.6696930393428446,2.0034256900441316,0.1017117689044422,0.3867876117124679,0.3313466102576013,LOC111332158/LOC111333478,2
GO:0090184,positive regulation of kidney development,2/257,18/8488,0.1111111111111111,3.6696930393428446,2.0034256900441316,0.1017117689044422,0.3867876117124679,0.3313466102576013,LOC111330631/LOC111322288,2
GO:0050714,positive regulation of protein secretion,7/257,131/8488,0.05343511450381679,1.7648142097602995,1.5587761666812772,0.10235489902651264,0.3876750261471035,0.33210682531078856,LOC111323945/LOC111328749/LOC111338776/LOC111340883/LOC111320751/LOC111323527/LOC111323636,7
GO:0031252,cell leading edge,10/257,209/8488,0.04784688995215311,1.5802505911045743,1.5007804206427657,0.10238319010170198,0.3876750261471035,0.33210682531078856,LOC111329099/LOC111340635/LOC111342023/LOC111343017/LOC111333613/LOC111323777/LOC111345144/LOC111328517/LOC111326058/LOC111325968,10
GO:0045834,positive regulation of lipid metabolic process,5/257,82/8488,0.06097560975609756,2.0138559362247315,1.6300684570746564,0.10244258580597765,0.3876750261471035,0.33210682531078856,LOC111322288/LOC111331664/LOC111346320/LOC111327334/LOC111331303,5
GO:0043410,positive regulation of MAPK cascade,11/257,236/8488,0.046610169491525424,1.5394051309107697,1.4849397295915616,0.10281881488622097,0.3876750261471035,0.33210682531078856,LOC111323862/LOC111322288/LOC111323945/LOC111328749/LOC111326885/LOC111333478/LOC111339275/LOC111323636/LOC111333893/LOC111344472/LOC111338817,11
GO:0007266,Rho protein signal transduction,4/257,59/8488,0.06779661016949153,2.23913473587021,1.6876169250670925,0.10284729749514249,0.3876750261471035,0.33210682531078856,LOC111320871/LOC111320728/LOC111324497/LOC111330877,4
GO:0009950,dorsal/ventral axis specification,4/257,59/8488,0.06779661016949153,2.23913473587021,1.6876169250670925,0.10284729749514249,0.3876750261471035,0.33210682531078856,LOC111327880/LOC111336974/LOC111336934/LOC111333893,4
GO:0032024,positive regulation of insulin secretion,4/257,59/8488,0.06779661016949153,2.23913473587021,1.6876169250670925,0.10284729749514249,0.3876750261471035,0.33210682531078856,LOC111323945/LOC111338776/LOC111340883/LOC111323527,4
GO:0010631,epithelial cell migration,8/257,157/8488,0.050955414012738856,1.6829165530744257,1.5261114842386327,0.10370524778190908,0.3904197563554224,0.3344581339438949,LOC111342023/LOC111322288/LOC111335693/LOC111333478/LOC111323777/LOC111339275/LOC111333893/LOC111324368,8
GO:0071496,cellular response to external stimulus,11/257,237/8488,0.046413502109704644,1.532909750611568,1.4702524369708219,0.10509028912739894,0.39513948711901997,0.3385013523472008,LOC111320817/LOC111325642/LOC111320821/LOC111322288/LOC111335693/LOC111320842/LOC111327334/LOC111329755/LOC111333893/LOC111333695/LOC111326058,11
GO:0034612,response to tumor necrosis factor,5/257,83/8488,0.060240963855421686,1.9895926116919038,1.6008254989459765,0.1064759307726302,0.39802775662414003,0.3409756257754391,LOC111320817/LOC111320821/LOC111325671/LOC111320842/LOC111334113,5
GO:0045121,membrane raft,8/257,158/8488,0.05063291139240506,1.6722651824853472,1.5071761872316911,0.10654721846601023,0.39802775662414003,0.3409756257754391,LOC111328024/LOC111320952/LOC111342143/LOC111323527/LOC111326544/LOC111326058/LOC111328842/LOC111342147,8
GO:0098857,membrane microdomain,8/257,158/8488,0.05063291139240506,1.6722651824853472,1.5071761872316911,0.10654721846601023,0.39802775662414003,0.3409756257754391,LOC111328024/LOC111320952/LOC111342143/LOC111323527/LOC111326544/LOC111326058/LOC111328842/LOC111342147,8
GO:0002449,lymphocyte mediated immunity,3/257,38/8488,0.07894736842105263,2.6074134753225473,1.7547223612740739,0.10678470731239395,0.39802775662414003,0.3409756257754391,LOC111328749/LOC111323636/LOC111344752,3
GO:0019217,regulation of fatty acid metabolic process,3/257,38/8488,0.07894736842105263,2.6074134753225473,1.7547223612740739,0.10678470731239395,0.39802775662414003,0.3409756257754391,LOC111331664/LOC111346320/LOC111331303,3
GO:0045446,endothelial cell differentiation,3/257,38/8488,0.07894736842105263,2.6074134753225473,1.7547223612740739,0.10678470731239395,0.39802775662414003,0.3409756257754391,LOC111327880/LOC111342023/LOC111333478,3
GO:0050729,positive regulation of inflammatory response,3/257,38/8488,0.07894736842105263,2.6074134753225473,1.7547223612740739,0.10678470731239395,0.39802775662414003,0.3409756257754391,LOC111328749/LOC111323636/LOC111331303,3
GO:0090066,regulation of anatomical structure size,17/257,405/8488,0.04197530864197531,1.3863284815295192,1.4077168570219292,0.10737129019531919,0.3997188625093071,0.34242433350461354,LOC111332158/LOC111336828/LOC111342023/LOC111322288/LOC111335321/LOC111333478/LOC111333901/LOC111323777/LOC111321593/LOC111321894/LOC111328517/LOC111333893/LOC111332138/LOC111326058/LOC111334412/LOC111330877/LOC111340622,17
GO:1905477,positive regulation of protein localization to membrane,4/257,60/8488,0.06666666666666667,2.201815823605707,1.6507018630520467,0.10772158344308194,0.40052722249294254,0.3431168255398668,LOC111336974/LOC111335693/LOC111331664/LOC111340596,4
GO:0043270,positive regulation of monoatomic ion transport,7/257,133/8488,0.05263157894736842,1.7382756502150316,1.5163117489063611,0.1086225135556002,0.4033784207101795,0.3455593413698626,LOC111320952/LOC111322288/LOC111323945/LOC111333875/LOC111346320/LOC111327334/LOC111326058,7
GO:0060041,retina development in camera-type eye,6/257,108/8488,0.05555555555555555,1.8348465196714223,1.542815066464869,0.10904839211225836,0.4044606208060088,0.3464864220790557,LOC111322288/LOC111333478/LOC111321759/LOC111320751/LOC111330961/LOC111326058,6
GO:0035282,segmentation,10/257,212/8488,0.04716981132075472,1.5578885544380001,1.4535249903203666,0.10972881553274014,0.4064830999045349,0.3482190049574123,LOC111327880/LOC111329099/LOC111323862/LOC111336934/LOC111333478/LOC111331664/LOC111333893/LOC111325851/LOC111333767/LOC111343646,10
GO:0050776,regulation of immune response,15/257,350/8488,0.04285714285714286,1.4154530294608116,1.4025374663148549,0.11026921888725709,0.40749970218777826,0.34908989045201605,LOC111320817/LOC111320871/LOC111342023/LOC111320821/LOC111327252/LOC111320822/LOC111328749/LOC111325671/LOC111320842/LOC111323777/LOC111338418/LOC111327334/LOC111323636/LOC111334113/LOC111325968,15
GO:0071560,cellular response to transforming growth factor beta stimulus,5/257,84/8488,0.05952380952380952,1.9659069853622382,1.5719882297377448,0.11058644441443276,0.40749970218777826,0.34908989045201605,LOC111320871/LOC111320822/LOC111333901/LOC111326544/LOC111343646,5
GO:0001941,postsynaptic membrane organization,2/257,19/8488,0.10526315789473684,3.476551300430063,1.9095253337121691,0.1114934358047013,0.40749970218777826,0.34908989045201605,LOC111336974/LOC111326544,2
GO:0005109,frizzled binding,2/257,19/8488,0.10526315789473684,3.476551300430063,1.9095253337121691,0.1114934358047013,0.40749970218777826,0.34908989045201605,LOC111323862/LOC111333893,2
GO:0009954,proximal/distal pattern formation,2/257,19/8488,0.10526315789473684,3.476551300430063,1.9095253337121691,0.1114934358047013,0.40749970218777826,0.34908989045201605,LOC111336974/LOC111333767,2
GO:0010092,specification of animal organ identity,2/257,19/8488,0.10526315789473684,3.476551300430063,1.9095253337121691,0.1114934358047013,0.40749970218777826,0.34908989045201605,LOC111325851/LOC111333767,2
GO:0015370,solute:sodium symporter activity,2/257,19/8488,0.10526315789473684,3.476551300430063,1.9095253337121691,0.1114934358047013,0.40749970218777826,0.34908989045201605,LOC111336828/LOC111330251,2
GO:0016064,immunoglobulin mediated immune response,2/257,19/8488,0.10526315789473684,3.476551300430063,1.9095253337121691,0.1114934358047013,0.40749970218777826,0.34908989045201605,LOC111328749/LOC111323636,2
GO:0019724,B cell mediated immunity,2/257,19/8488,0.10526315789473684,3.476551300430063,1.9095253337121691,0.1114934358047013,0.40749970218777826,0.34908989045201605,LOC111328749/LOC111323636,2
GO:0035914,skeletal muscle cell differentiation,2/257,19/8488,0.10526315789473684,3.476551300430063,1.9095253337121691,0.1114934358047013,0.40749970218777826,0.34908989045201605,LOC111330631/LOC111325851,2
GO:0050433,regulation of catecholamine secretion,2/257,19/8488,0.10526315789473684,3.476551300430063,1.9095253337121691,0.1114934358047013,0.40749970218777826,0.34908989045201605,LOC111328749/LOC111323636,2
GO:0045165,cell fate commitment,13/257,295/8488,0.04406779661016949,1.4554375783156368,1.4068109953564436,0.11209378266534624,0.40919672118611833,0.35054366372607004,LOC111324192/LOC111329099/LOC111323862/LOC111326654/LOC111333478/LOC111335662/LOC111344634/LOC111333893/LOC111325851/LOC111333767/LOC111343646/LOC111331073/LOC111344472,13
GO:0061333,renal tubule morphogenesis,4/257,61/8488,0.06557377049180328,2.165720482235122,1.614508031317711,0.11269838853193428,0.4093696046965565,0.3506917666213502,LOC111322288/LOC111339275/LOC111320751/LOC111333767,4
GO:0007591,"molting cycle, chitin-based cuticle",3/257,39/8488,0.07692307692307693,2.5405567195450462,1.7038238884724273,0.11322989066074966,0.4093696046965565,0.3506917666213502,LOC111342143/LOC111333893/LOC111342147,3
GO:0008203,cholesterol metabolic process,3/257,39/8488,0.07692307692307693,2.5405567195450462,1.7038238884724273,0.11322989066074966,0.4093696046965565,0.3506917666213502,LOC111325671/LOC111340366/LOC111340596,3
GO:0009925,basal plasma membrane,3/257,39/8488,0.07692307692307693,2.5405567195450462,1.7038238884724273,0.11322989066074966,0.4093696046965565,0.3506917666213502,LOC111342023/LOC111335693/LOC111323777,3
GO:0033559,unsaturated fatty acid metabolic process,3/257,39/8488,0.07692307692307693,2.5405567195450462,1.7038238884724273,0.11322989066074966,0.4093696046965565,0.3506917666213502,LOC111326885/LOC111346320/LOC111331303,3
GO:0035335,peptidyl-tyrosine dephosphorylation,3/257,39/8488,0.07692307692307693,2.5405567195450462,1.7038238884724273,0.11322989066074966,0.4093696046965565,0.3506917666213502,LOC111342023/LOC111323777/LOC111345144,3
GO:0038024,cargo receptor activity,3/257,39/8488,0.07692307692307693,2.5405567195450462,1.7038238884724273,0.11322989066074966,0.4093696046965565,0.3506917666213502,LOC111319860/LOC111340596/LOC111330877,3
GO:0046662,regulation of egg-laying behavior,3/257,39/8488,0.07692307692307693,2.5405567195450462,1.7038238884724273,0.11322989066074966,0.4093696046965565,0.3506917666213502,LOC111342143/LOC111320921/LOC111342147,3
GO:0097435,supramolecular fiber organization,12/257,268/8488,0.04477611940298507,1.4788315233172658,1.4074454911875567,0.1135113425796312,0.409894499975427,0.3511414249509537,LOC111320817/LOC111330631/LOC111320871/LOC111320821/LOC111320822/LOC111335693/LOC111320842/LOC111340398/LOC111321894/LOC111328517/LOC111324368/LOC111330877,12
GO:0055074,calcium ion homeostasis,8/257,161/8488,0.049689440993788817,1.6411049616936944,1.451159521179572,0.1153293811546805,0.41596016608306824,0.35633765627496894,LOC111323945/LOC111328749/LOC111323527/LOC111327334/LOC111330961/LOC111323636/LOC111333893/LOC111326058,8
GO:0021915,neural tube development,6/257,110/8488,0.05454545454545454,1.8014856738592147,1.494993451902369,0.11632321117996848,0.4185409320925182,0.35854850285641254,LOC111330856/LOC111340883/LOC111333893/LOC111325851/LOC111331301/LOC111333767,6
GO:2001235,positive regulation of apoptotic signaling pathway,6/257,110/8488,0.05454545454545454,1.8014856738592147,1.494993451902369,0.11632321117996848,0.4185409320925182,0.35854850285641254,LOC111325642/LOC111327625/LOC111326819/LOC111336999/LOC111325220/LOC111344752,6
GO:0008283,cell population proliferation,18/257,439/8488,0.04100227790432802,1.3541919644044211,1.346534119626478,0.11695968068298847,0.4192527965607281,0.35915833076031023,LOC111329099/LOC111323862/LOC111322288/LOC111340883/LOC111339275/LOC111346320/LOC111335662/LOC111326544/LOC111325851/LOC111326942/LOC111334412/LOC111333767/LOC111324368/LOC111329754/LOC111340596/LOC111344472/LOC111338817/LOC111340622,18
GO:0007267,cell-cell signaling,19/257,468/8488,0.0405982905982906,1.3408493797598855,1.340341956216273,0.11724171562737651,0.4192527965607281,0.35915833076031023,LOC111329099/LOC111323862/LOC111324621/LOC111322288/LOC111336974/LOC111335321/LOC111333478/LOC111331664/LOC111323127/LOC111338776/LOC111340883/LOC111322311/LOC111333893/LOC111325851/LOC111322245/LOC111343646/LOC111330060/LOC111338817/LOC111340622,19
GO:0031344,regulation of cell projection organization,20/257,497/8488,0.04024144869215292,1.3290638774279921,1.33590385080009,0.11728161696661067,0.4192527965607281,0.35915833076031023,LOC111328393/LOC111336303/LOC111324192/LOC111342023/LOC111336974/LOC111335693/LOC111322400/LOC111333478/LOC111333901/LOC111323777/LOC111345144/LOC111320751/LOC111323527/LOC111346320/LOC111332747/LOC111326544/LOC111333893/LOC111325968/LOC111340596/LOC111340622,20
GO:0097447,dendritic tree,16/257,382/8488,0.041884816753926704,1.3833397844643185,1.3546579123648343,0.11740249062856406,0.4192527965607281,0.35915833076031023,LOC111323862/LOC111340635/LOC111343017/LOC111322288/LOC111336974/LOC111328749/LOC111327625/LOC111333901/LOC111345144/LOC111326819/LOC111330961/LOC111323636/LOC111324532/LOC111325220/LOC111326058/LOC111340596,16
GO:0006633,fatty acid biosynthetic process,4/257,62/8488,0.06451612903225806,2.1307895067152,1.5790077042704795,0.11777546977852901,0.4192527965607281,0.35915833076031023,LOC111326885/LOC111331664/LOC111331622/LOC111341830,4
GO:0008584,male gonad development,4/257,62/8488,0.06451612903225806,2.1307895067152,1.5790077042704795,0.11777546977852901,0.4192527965607281,0.35915833076031023,LOC111330631/LOC111325642/LOC111329099/LOC111322288,4
GO:0010595,positive regulation of endothelial cell migration,4/257,62/8488,0.06451612903225806,2.1307895067152,1.5790077042704795,0.11777546977852901,0.4192527965607281,0.35915833076031023,LOC111322288/LOC111333478/LOC111323127/LOC111340622,4
GO:0034767,positive regulation of monoatomic ion transmembrane transport,4/257,62/8488,0.06451612903225806,2.1307895067152,1.5790077042704795,0.11777546977852901,0.4192527965607281,0.35915833076031023,LOC111320952/LOC111323945/LOC111346320/LOC111327334,4
GO:0045766,positive regulation of angiogenesis,4/257,62/8488,0.06451612903225806,2.1307895067152,1.5790077042704795,0.11777546977852901,0.4192527965607281,0.35915833076031023,LOC111328749/LOC111333478/LOC111323636/LOC111340622,4
GO:1904951,positive regulation of establishment of protein localization,11/257,243/8488,0.04526748971193416,1.4950601271396777,1.3835125968989317,0.1193332599290501,0.4215628457291045,0.3611372642584154,LOC111323945/LOC111328749/LOC111331664/LOC111338776/LOC111340883/LOC111320751/LOC111323527/LOC111323636/LOC111331301/LOC111333767/LOC111340596,11
GO:0062012,regulation of small molecule metabolic process,9/257,189/8488,0.047619047619047616,1.5727255882897904,1.4069607066377132,0.11977440456699945,0.4215628457291045,0.3611372642584154,LOC111320024/LOC111322288/LOC111325671/LOC111331664/LOC111321709/LOC111324410/LOC111346320/LOC111331303/LOC111326058,9
GO:0006720,isoprenoid metabolic process,3/257,40/8488,0.075,2.4770428015564203,1.6544874812583805,0.11981922899297273,0.4215628457291045,0.3611372642584154,LOC111336828/LOC111325671/LOC111340596,3
GO:0034341,response to type II interferon,3/257,40/8488,0.075,2.4770428015564203,1.6544874812583805,0.11981922899297273,0.4215628457291045,0.3611372642584154,LOC111332158/LOC111322266/LOC111322261,3
GO:0042446,hormone biosynthetic process,3/257,40/8488,0.075,2.4770428015564203,1.6544874812583805,0.11981922899297273,0.4215628457291045,0.3611372642584154,LOC111342143/LOC111332887/LOC111342147,3
GO:0048786,presynaptic active zone,3/257,40/8488,0.075,2.4770428015564203,1.6544874812583805,0.11981922899297273,0.4215628457291045,0.3611372642584154,LOC111332158/LOC111335321/LOC111322311,3
GO:0050673,epithelial cell proliferation,3/257,40/8488,0.075,2.4770428015564203,1.6544874812583805,0.11981922899297273,0.4215628457291045,0.3611372642584154,LOC111322288/LOC111324368/LOC111340622,3
GO:0002922,positive regulation of humoral immune response,2/257,20/8488,0.1,3.3027237354085606,1.821729002809728,0.12150764203694601,0.4215628457291045,0.3611372642584154,LOC111328749/LOC111323636,2
GO:0007214,gamma-aminobutyric acid signaling pathway,2/257,20/8488,0.1,3.3027237354085606,1.821729002809728,0.12150764203694601,0.4215628457291045,0.3611372642584154,LOC111343017/LOC111325186,2
GO:0008594,photoreceptor cell morphogenesis,2/257,20/8488,0.1,3.3027237354085606,1.821729002809728,0.12150764203694601,0.4215628457291045,0.3611372642584154,LOC111342023/LOC111323777,2
GO:0030501,positive regulation of bone mineralization,2/257,20/8488,0.1,3.3027237354085606,1.821729002809728,0.12150764203694601,0.4215628457291045,0.3611372642584154,LOC111321680/LOC111331303,2
GO:0030834,regulation of actin filament depolymerization,2/257,20/8488,0.1,3.3027237354085606,1.821729002809728,0.12150764203694601,0.4215628457291045,0.3611372642584154,LOC111321894/LOC111340622,2
GO:0032963,collagen metabolic process,2/257,20/8488,0.1,3.3027237354085606,1.821729002809728,0.12150764203694601,0.4215628457291045,0.3611372642584154,LOC111326544/LOC111333695,2
GO:0035461,vitamin transmembrane transport,2/257,20/8488,0.1,3.3027237354085606,1.821729002809728,0.12150764203694601,0.4215628457291045,0.3611372642584154,LOC111345835/LOC111330251,2
GO:0042755,eating behavior,2/257,20/8488,0.1,3.3027237354085606,1.821729002809728,0.12150764203694601,0.4215628457291045,0.3611372642584154,LOC111333986/LOC111342546,2
GO:0043403,skeletal muscle tissue regeneration,2/257,20/8488,0.1,3.3027237354085606,1.821729002809728,0.12150764203694601,0.4215628457291045,0.3611372642584154,LOC111333893/LOC111325851,2
GO:0048803,imaginal disc-derived male genitalia morphogenesis,2/257,20/8488,0.1,3.3027237354085606,1.821729002809728,0.12150764203694601,0.4215628457291045,0.3611372642584154,LOC111332158/LOC111339275,2
GO:0048805,imaginal disc-derived genitalia morphogenesis,2/257,20/8488,0.1,3.3027237354085606,1.821729002809728,0.12150764203694601,0.4215628457291045,0.3611372642584154,LOC111332158/LOC111339275,2
GO:0061162,establishment of monopolar cell polarity,2/257,20/8488,0.1,3.3027237354085606,1.821729002809728,0.12150764203694601,0.4215628457291045,0.3611372642584154,LOC111333893/LOC111334412,2
GO:0070268,cornification,2/257,20/8488,0.1,3.3027237354085606,1.821729002809728,0.12150764203694601,0.4215628457291045,0.3611372642584154,LOC111320952/LOC111326544,2
GO:0070884,regulation of calcineurin-NFAT signaling cascade,2/257,20/8488,0.1,3.3027237354085606,1.821729002809728,0.12150764203694601,0.4215628457291045,0.3611372642584154,LOC111336828/LOC111326058,2
GO:0072553,terminal button organization,2/257,20/8488,0.1,3.3027237354085606,1.821729002809728,0.12150764203694601,0.4215628457291045,0.3611372642584154,LOC111332158/LOC111335321,2
GO:0001843,neural tube closure,4/257,63/8488,0.06349206349206349,2.0969674510530543,1.544174667019397,0.12295051125982348,0.42509785962017127,0.36416557962982204,LOC111330856/LOC111333893/LOC111325851/LOC111331301,4
GO:0046546,development of primary male sexual characteristics,4/257,63/8488,0.06349206349206349,2.0969674510530543,1.544174667019397,0.12295051125982348,0.42509785962017127,0.36416557962982204,LOC111330631/LOC111325642/LOC111329099/LOC111322288,4
GO:0048806,genitalia development,4/257,63/8488,0.06349206349206349,2.0969674510530543,1.544174667019397,0.12295051125982348,0.42509785962017127,0.36416557962982204,LOC111332158/LOC111323862/LOC111339275/LOC111331622,4
GO:0071559,response to transforming growth factor beta,5/257,87/8488,0.05747126436781609,1.8981170893152643,1.48779966320459,0.12337011973986817,0.42605892098452747,0.3649888852778987,LOC111320871/LOC111320822/LOC111333901/LOC111326544/LOC111343646,5
GO:0048754,branching morphogenesis of an epithelial tube,6/257,112/8488,0.05357142857142857,1.7693162868260142,1.4481480562755733,0.1238361352356501,0.427177860996371,0.3659474397113368,LOC111336828/LOC111333478/LOC111320751/LOC111333767/LOC111344472/LOC111340622,6
GO:0006644,phospholipid metabolic process,9/257,191/8488,0.04712041884816754,1.5562572575223583,1.3738812317390903,0.12547954362502955,0.43136281968467305,0.36953253869963587,LOC111346087/LOC111335819/LOC111322288/LOC111331664/LOC111323127/LOC111329762/LOC111346320/LOC111331303/LOC111338817,9
GO:0045087,innate immune response,9/257,191/8488,0.04712041884816754,1.5562572575223583,1.3738812317390903,0.12547954362502955,0.43136281968467305,0.36953253869963587,LOC111332158/LOC111328749/LOC111322266/LOC111338418/LOC111339275/LOC111331589/LOC111323636/LOC111322261/LOC111334472,9
GO:1901653,cellular response to peptide,9/257,191/8488,0.04712041884816754,1.5562572575223583,1.3738812317390903,0.12547954362502955,0.43136281968467305,0.36953253869963587,LOC111320817/LOC111325642/LOC111320821/LOC111322288/LOC111320842/LOC111339275/LOC111346320/LOC111333893/LOC111340596,9
GO:0046889,positive regulation of lipid biosynthetic process,3/257,41/8488,0.07317073170731707,2.416627123469678,1.6066215795312853,0.12654683045507337,0.43403975599642036,0.3718257708144027,LOC111331664/LOC111346320/LOC111331303,3
GO:0071230,cellular response to amino acid stimulus,3/257,41/8488,0.07317073170731707,2.416627123469678,1.6066215795312853,0.12654683045507337,0.43403975599642036,0.3718257708144027,LOC111320871/LOC111320822/LOC111320751,3
GO:0002164,larval development,12/257,274/8488,0.043795620437956206,1.446448351273822,1.3273532500038232,0.1275454866304375,0.4369667696860547,0.3743332349494197,LOC111324192/LOC111329099/LOC111335693/LOC111333478/LOC111339275/LOC111342143/LOC111320751/LOC111328517/LOC111333893/LOC111326058/LOC111334412/LOC111342147,12
GO:0030055,cell-substrate junction,5/257,88/8488,0.056818181818181816,1.876547576936682,1.4604764166488915,0.1277781846433985,0.43726596064544104,0.3745895407544932,LOC111328393/LOC111342023/LOC111335693/LOC111333478/LOC111323777,5
GO:0006814,sodium ion transport,4/257,64/8488,0.0625,2.0642023346303504,1.5099841101407558,0.12822112976835712,0.43828313448092976,0.37546091587672037,LOC111336828/LOC111342077/LOC111330251/LOC111334900,4
GO:0002793,positive regulation of peptide secretion,7/257,139/8488,0.050359712230215826,1.6632421689107857,1.3930915641154507,0.12861902829193578,0.4391441964837035,0.3761985557783127,LOC111323945/LOC111328749/LOC111338776/LOC111340883/LOC111320751/LOC111323527/LOC111323636,7
GO:0007455,eye-antennal disc morphogenesis,2/257,21/8488,0.09523809523809523,3.1454511765795807,1.7393255044966536,0.13173147862116716,0.4440631697111949,0.3804124578153014,LOC111340398/LOC111331301,2
GO:0008569,minus-end-directed microtubule motor activity,2/257,21/8488,0.09523809523809523,3.1454511765795807,1.7393255044966536,0.13173147862116716,0.4440631697111949,0.3804124578153014,LOC111331389/LOC111331219,2
GO:0009311,oligosaccharide metabolic process,2/257,21/8488,0.09523809523809523,3.1454511765795807,1.7393255044966536,0.13173147862116716,0.4440631697111949,0.3804124578153014,LOC111337168/LOC111329016,2
GO:0010039,response to iron ion,2/257,21/8488,0.09523809523809523,3.1454511765795807,1.7393255044966536,0.13173147862116716,0.4440631697111949,0.3804124578153014,LOC111338776/LOC111329754,2
GO:0021799,cerebral cortex radially oriented cell migration,2/257,21/8488,0.09523809523809523,3.1454511765795807,1.7393255044966536,0.13173147862116716,0.4440631697111949,0.3804124578153014,LOC111321759/LOC111333767,2
GO:0022600,digestive system process,2/257,21/8488,0.09523809523809523,3.1454511765795807,1.7393255044966536,0.13173147862116716,0.4440631697111949,0.3804124578153014,LOC111323945/LOC111342147,2
GO:0046934,"1-phosphatidylinositol-4,5-bisphosphate 3-kinase activity",2/257,21/8488,0.09523809523809523,3.1454511765795807,1.7393255044966536,0.13173147862116716,0.4440631697111949,0.3804124578153014,LOC111322288/LOC111338817,2
GO:0048008,platelet-derived growth factor receptor signaling pathway,2/257,21/8488,0.09523809523809523,3.1454511765795807,1.7393255044966536,0.13173147862116716,0.4440631697111949,0.3804124578153014,LOC111322288/LOC111333478,2
GO:0051385,response to mineralocorticoid,2/257,21/8488,0.09523809523809523,3.1454511765795807,1.7393255044966536,0.13173147862116716,0.4440631697111949,0.3804124578153014,LOC111320952/LOC111326058,2
GO:0098703,calcium ion import across plasma membrane,2/257,21/8488,0.09523809523809523,3.1454511765795807,1.7393255044966536,0.13173147862116716,0.4440631697111949,0.3804124578153014,LOC111323527/LOC111326058,2
GO:2000272,negative regulation of signaling receptor activity,2/257,21/8488,0.09523809523809523,3.1454511765795807,1.7393255044966536,0.13173147862116716,0.4440631697111949,0.3804124578153014,LOC111336303/LOC111322400,2
GO:0003002,regionalization,18/257,447/8488,0.040268456375838924,1.329955866607474,1.2664030474379626,0.131831253508011,0.4440631697111949,0.3804124578153014,LOC111327880/LOC111328024/LOC111329099/LOC111323862/LOC111336974/LOC111336934/LOC111335693/LOC111341087/LOC111333478/LOC111333901/LOC111331664/LOC111340398/LOC111333893/LOC111325851/LOC111334412/LOC111333767/LOC111343646/LOC111344472,18
GO:0048813,dendrite morphogenesis,7/257,140/8488,0.05,1.6513618677042803,1.373132637556218,0.1321215120185003,0.44450381630851526,0.38078994342218836,LOC111325642/LOC111336974/LOC111333478/LOC111333901/LOC111326544/LOC111333767/LOC111330060,7
GO:0008344,adult locomotory behavior,5/257,89/8488,0.056179775280898875,1.8554627727014383,1.4335065762806734,0.1322576182167956,0.44450381630851526,0.38078994342218836,LOC111342143/LOC111322311/LOC111331301/LOC111331073/LOC111342147,5
GO:0004725,protein tyrosine phosphatase activity,3/257,42/8488,0.07142857142857142,2.3590883824346855,1.560142144374637,0.13340676491804063,0.4459748280487998,0.3820501046554668,LOC111342023/LOC111323777/LOC111345144,3
GO:0005507,copper ion binding,3/257,42/8488,0.07142857142857142,2.3590883824346855,1.560142144374637,0.13340676491804063,0.4459748280487998,0.3820501046554668,LOC111328120/LOC111324368/LOC111324400,3
GO:0051491,positive regulation of filopodium assembly,3/257,42/8488,0.07142857142857142,2.3590883824346855,1.560142144374637,0.13340676491804063,0.4459748280487998,0.3820501046554668,LOC111342023/LOC111333478/LOC111323777,3
GO:0070160,tight junction,3/257,42/8488,0.07142857142857142,2.3590883824346855,1.560142144374637,0.13340676491804063,0.4459748280487998,0.3820501046554668,LOC111335321/LOC111323127/LOC111332138,3
GO:0010883,regulation of lipid storage,4/257,65/8488,0.06153846153846154,2.0324453756360374,1.4764125333059595,0.13358488034307467,0.4459748280487998,0.3820501046554668,LOC111328749/LOC111325671/LOC111331664/LOC111323636,4
GO:0045178,basal part of cell,4/257,65/8488,0.06153846153846154,2.0324453756360374,1.4764125333059595,0.13358488034307467,0.4459748280487998,0.3820501046554668,LOC111342023/LOC111335693/LOC111323777/LOC111321178,4
GO:0051606,detection of stimulus,8/257,167/8488,0.04790419161676647,1.582143106782544,1.3425102054146612,0.13402371734908453,0.44694383790027303,0.3828802194778375,LOC111336828/LOC111328749/LOC111323127/LOC111338776/LOC111340883/LOC111323636/LOC111326058/LOC111340622,8
GO:0048639,positive regulation of developmental growth,10/257,222/8488,0.04504504504504504,1.4877133943281802,1.3011004637816754,0.13631772854336824,0.45409050659850686,0.38900250565269623,LOC111332158/LOC111328749/LOC111333478/LOC111333901/LOC111323636/LOC111326544/LOC111328517/LOC111333893/LOC111343646/LOC111340622,10
GO:0001838,embryonic epithelial tube formation,5/257,90/8488,0.05555555555555555,1.8348465196714223,1.4068808638776387,0.13680712499799427,0.4547136265126705,0.38953630938655426,LOC111330856/LOC111340883/LOC111333893/LOC111325851/LOC111331301,5
GO:0004721,phosphoprotein phosphatase activity,5/257,90/8488,0.05555555555555555,1.8348465196714223,1.4068808638776387,0.13680712499799427,0.4547136265126705,0.38953630938655426,LOC111342023/LOC111323127/LOC111323777/LOC111345144/LOC111324410,5
GO:0071375,cellular response to peptide hormone stimulus,8/257,168/8488,0.047619047619047616,1.5727255882897904,1.3248201551368808,0.13728238831194164,0.4553426502556648,0.3900751707117397,LOC111320817/LOC111325642/LOC111320821/LOC111322288/LOC111320842/LOC111339275/LOC111346320/LOC111333893,8
GO:1902533,positive regulation of intracellular signal transduction,19/257,479/8488,0.03966597077244259,1.3100574315816838,1.2343494189381736,0.1373173484991601,0.4553426502556648,0.3900751707117397,LOC111332158/LOC111323862/LOC111336828/LOC111320822/LOC111322288/LOC111323945/LOC111328749/LOC111326885/LOC111333478/LOC111339275/LOC111327334/LOC111323636/LOC111333893/LOC111334412/LOC111333767/LOC111344472/LOC111338817/LOC111327558/LOC111340622,19
GO:0008270,zinc ion binding,16/257,392/8488,0.04081632653061224,1.3480505042483917,1.2467156550621696,0.13762425448270618,0.4553426502556648,0.3900751707117397,LOC111323911/LOC111340822/LOC111320816/LOC111324935/LOC111324993/LOC111327625/LOC111324983/LOC111328588/LOC111326819/LOC111330961/LOC111333012/LOC111325220/LOC111334113/LOC111324945/LOC111321502/LOC111324943,16
GO:0019725,cellular homeostasis,17/257,421/8488,0.040380047505938245,1.3336414133478747,1.240744428253521,0.13780098800418727,0.4553426502556648,0.3900751707117397,LOC111324192/LOC111336828/LOC111324621/LOC111323945/LOC111328749/LOC111322161/LOC111340883/LOC111323527/LOC111327334/LOC111329755/LOC111330961/LOC111323636/LOC111333893/LOC111328120/LOC111333012/LOC111326058/LOC111329754,17
GO:0003206,cardiac chamber morphogenesis,4/257,66/8488,0.06060606060606061,2.001650748732461,1.4434376569015892,0.1390392616697488,0.4553426502556648,0.3900751707117397,LOC111333478/LOC111340883/LOC111333893/LOC111344472,4
GO:0051047,positive regulation of secretion,10/257,223/8488,0.04484304932735426,1.481042033815498,1.2862677813429637,0.1391507742066934,0.4553426502556648,0.3900751707117397,LOC111325642/LOC111323945/LOC111328749/LOC111326885/LOC111331664/LOC111338776/LOC111340883/LOC111320751/LOC111323527/LOC111323636,10
GO:0045664,regulation of neuron differentiation,19/257,480/8488,0.03958333333333333,1.3073281452658883,1.2248369612107157,0.13923630185956673,0.4553426502556648,0.3900751707117397,LOC111328393/LOC111336303/LOC111332158/LOC111342023/LOC111336974/LOC111335693/LOC111322400/LOC111333478/LOC111333901/LOC111323777/LOC111345144/LOC111320751/LOC111346320/LOC111332747/LOC111326544/LOC111333893/LOC111333767/LOC111340596/LOC111340622,19
GO:1901342,regulation of vasculature development,6/257,116/8488,0.05172413793103448,1.708305380383738,1.3572263648573055,0.13955380971008616,0.4553426502556648,0.3900751707117397,LOC111328024/LOC111322288/LOC111328749/LOC111333478/LOC111323636/LOC111340622,6
GO:0043269,regulation of monoatomic ion transport,11/257,251/8488,0.043824701195219126,1.4474088083463812,1.271376616952256,0.1399349832611385,0.4553426502556648,0.3900751707117397,LOC111320952/LOC111322288/LOC111323945/LOC111328749/LOC111331664/LOC111333875/LOC111346320/LOC111327334/LOC111323636/LOC111333012/LOC111326058,11
GO:0021795,cerebral cortex cell migration,3/257,43/8488,0.06976744186046512,2.3042258619129488,1.5149718753540502,0.14039307941918402,0.4553426502556648,0.3900751707117397,LOC111333478/LOC111321759/LOC111333767,3
GO:0040025,vulval development,3/257,43/8488,0.06976744186046512,2.3042258619129488,1.5149718753540502,0.14039307941918402,0.4553426502556648,0.3900751707117397,LOC111342143/LOC111328517/LOC111342147,3
GO:0021987,cerebral cortex development,5/257,91/8488,0.054945054945054944,1.8146833711036046,1.380590349480334,0.14142536937728722,0.4553426502556648,0.3900751707117397,LOC111342023/LOC111320822/LOC111333478/LOC111321759/LOC111333767,5
GO:0042445,hormone metabolic process,5/257,91/8488,0.054945054945054944,1.8146833711036046,1.380590349480334,0.14142536937728722,0.4553426502556648,0.3900751707117397,LOC111342143/LOC111331622/LOC111326544/LOC111321502/LOC111342147,5
GO:0001523,retinoid metabolic process,2/257,22/8488,0.09090909090909091,3.002476123098691,1.661716440447418,0.14214320099403896,0.4553426502556648,0.3900751707117397,LOC111325671/LOC111340596,2
GO:0002526,acute inflammatory response,2/257,22/8488,0.09090909090909091,3.002476123098691,1.661716440447418,0.14214320099403896,0.4553426502556648,0.3900751707117397,LOC111327252/LOC111322161,2
GO:0008293,torso signaling pathway,2/257,22/8488,0.09090909090909091,3.002476123098691,1.661716440447418,0.14214320099403896,0.4553426502556648,0.3900751707117397,LOC111327880/LOC111336934,2
GO:0010524,positive regulation of calcium ion transport into cytosol,2/257,22/8488,0.09090909090909091,3.002476123098691,1.661716440447418,0.14214320099403896,0.4553426502556648,0.3900751707117397,LOC111323945/LOC111327334,2
GO:0016903,"oxidoreductase activity, acting on the aldehyde or oxo group of donors",2/257,22/8488,0.09090909090909091,3.002476123098691,1.661716440447418,0.14214320099403896,0.4553426502556648,0.3900751707117397,LOC111346087/LOC111331622,2
GO:0022602,ovulation cycle process,2/257,22/8488,0.09090909090909091,3.002476123098691,1.661716440447418,0.14214320099403896,0.4553426502556648,0.3900751707117397,LOC111327252/LOC111331303,2
GO:0030867,rough endoplasmic reticulum membrane,2/257,22/8488,0.09090909090909091,3.002476123098691,1.661716440447418,0.14214320099403896,0.4553426502556648,0.3900751707117397,LOC111327082/LOC111333875,2
GO:0031093,platelet alpha granule lumen,2/257,22/8488,0.09090909090909091,3.002476123098691,1.661716440447418,0.14214320099403896,0.4553426502556648,0.3900751707117397,LOC111327252/LOC111322288,2
GO:0031424,keratinization,2/257,22/8488,0.09090909090909091,3.002476123098691,1.661716440447418,0.14214320099403896,0.4553426502556648,0.3900751707117397,LOC111320952/LOC111326544,2
GO:0031581,hemidesmosome assembly,2/257,22/8488,0.09090909090909091,3.002476123098691,1.661716440447418,0.14214320099403896,0.4553426502556648,0.3900751707117397,LOC111335693/LOC111325851,2
GO:0032570,response to progesterone,2/257,22/8488,0.09090909090909091,3.002476123098691,1.661716440447418,0.14214320099403896,0.4553426502556648,0.3900751707117397,LOC111328749/LOC111323636,2
GO:0035167,larval lymph gland hemopoiesis,2/257,22/8488,0.09090909090909091,3.002476123098691,1.661716440447418,0.14214320099403896,0.4553426502556648,0.3900751707117397,LOC111329099/LOC111339275,2
GO:0042181,ketone biosynthetic process,2/257,22/8488,0.09090909090909091,3.002476123098691,1.661716440447418,0.14214320099403896,0.4553426502556648,0.3900751707117397,LOC111342143/LOC111342147,2
GO:0045610,regulation of hemocyte differentiation,2/257,22/8488,0.09090909090909091,3.002476123098691,1.661716440447418,0.14214320099403896,0.4553426502556648,0.3900751707117397,LOC111329099/LOC111339275,2
GO:0051150,regulation of smooth muscle cell differentiation,2/257,22/8488,0.09090909090909091,3.002476123098691,1.661716440447418,0.14214320099403896,0.4553426502556648,0.3900751707117397,LOC111322288/LOC111322526,2
GO:0060026,convergent extension,2/257,22/8488,0.09090909090909091,3.002476123098691,1.661716440447418,0.14214320099403896,0.4553426502556648,0.3900751707117397,LOC111333893/LOC111330437,2
GO:0060027,convergent extension involved in gastrulation,2/257,22/8488,0.09090909090909091,3.002476123098691,1.661716440447418,0.14214320099403896,0.4553426502556648,0.3900751707117397,LOC111333893/LOC111330437,2
GO:0072348,sulfur compound transport,2/257,22/8488,0.09090909090909091,3.002476123098691,1.661716440447418,0.14214320099403896,0.4553426502556648,0.3900751707117397,LOC111342077/LOC111330251,2
GO:0090183,regulation of kidney development,2/257,22/8488,0.09090909090909091,3.002476123098691,1.661716440447418,0.14214320099403896,0.4553426502556648,0.3900751707117397,LOC111330631/LOC111322288,2
GO:1904724,tertiary granule lumen,2/257,22/8488,0.09090909090909091,3.002476123098691,1.661716440447418,0.14214320099403896,0.4553426502556648,0.3900751707117397,LOC111325560/LOC111329755,2
GO:2001024,negative regulation of response to drug,2/257,22/8488,0.09090909090909091,3.002476123098691,1.661716440447418,0.14214320099403896,0.4553426502556648,0.3900751707117397,LOC111328749/LOC111323636,2
GO:0009100,glycoprotein metabolic process,8/257,170/8488,0.047058823529411764,1.5542229343099108,1.2897836222853543,0.1439190959854258,0.46054110715336255,0.3945284960496331,LOC111328024/LOC111320817/LOC111323911/LOC111320821/LOC111320842/LOC111342143/LOC111329016/LOC111342147,8
GO:0050801,monoatomic ion homeostasis,14/257,338/8488,0.04142011834319527,1.3679920797550251,1.219931313951546,0.1454051544132437,0.46480202388420516,0.3981786654775106,LOC111323945/LOC111328749/LOC111333901/LOC111322161/LOC111323527/LOC111327334/LOC111329755/LOC111330961/LOC111323636/LOC111333893/LOC111328120/LOC111333012/LOC111326058/LOC111329754,14
GO:0010632,regulation of epithelial cell migration,6/257,118/8488,0.05084745762711865,1.679351051902658,1.3130760763725529,0.14774611405604107,0.47128346880230276,0.4037310790971575,LOC111322288/LOC111335693/LOC111333478/LOC111323127/LOC111338817/LOC111340622,6
GO:0042593,glucose homeostasis,6/257,118/8488,0.05084745762711865,1.679351051902658,1.3130760763725529,0.14774611405604107,0.47128346880230276,0.4037310790971575,LOC111324621/LOC111323945/LOC111328749/LOC111338776/LOC111340883/LOC111323636,6
GO:0035270,endocrine system development,4/257,68/8488,0.058823529411764705,1.9427786678873884,1.3791945100685663,0.1502096610069367,0.4770387510833347,0.40866141610162493,LOC111325642/LOC111338776/LOC111340883/LOC111344472,4
GO:0090277,positive regulation of peptide hormone secretion,4/257,68/8488,0.058823529411764705,1.9427786678873884,1.3791945100685663,0.1502096610069367,0.4770387510833347,0.40866141610162493,LOC111323945/LOC111338776/LOC111340883/LOC111323527,4
GO:0007350,blastoderm segmentation,7/257,145/8488,0.04827586206896552,1.5944183550248223,1.2756527004831808,0.15033188122411884,0.4770387510833347,0.40866141610162493,LOC111327880/LOC111336934/LOC111333478/LOC111333893/LOC111325851/LOC111333767/LOC111343646,7
GO:0030335,positive regulation of cell migration,10/257,227/8488,0.04405286343612335,1.454944376831965,1.227643534435028,0.1507899465818441,0.4770387510833347,0.40866141610162493,LOC111323862/LOC111333735/LOC111322288/LOC111335693/LOC111333478/LOC111323127/LOC111345144/LOC111321759/LOC111326544/LOC111340622,10
GO:0030098,lymphocyte differentiation,5/257,93/8488,0.053763440860215055,1.775657922262667,1.3289808362504718,0.15086254055725914,0.4770387510833347,0.40866141610162493,LOC111329099/LOC111326654/LOC111340883/LOC111333893/LOC111333767,5
GO:0120035,regulation of plasma membrane bounded cell projection organization,19/257,486/8488,0.03909465020576132,1.2911882916206305,1.1681809815656325,0.15107426283737355,0.4770387510833347,0.40866141610162493,LOC111328393/LOC111336303/LOC111342023/LOC111336974/LOC111335693/LOC111322400/LOC111333478/LOC111333901/LOC111323777/LOC111345144/LOC111320751/LOC111323527/LOC111346320/LOC111332747/LOC111326544/LOC111333893/LOC111325968/LOC111340596/LOC111340622,19
GO:0002474,antigen processing and presentation of peptide antigen via MHC class I,2/257,23/8488,0.08695652173913043,2.8719336829639657,1.5883940721227592,0.15272217995121387,0.4770387510833347,0.40866141610162493,LOC111322266/LOC111322261,2
GO:0002688,regulation of leukocyte chemotaxis,2/257,23/8488,0.08695652173913043,2.8719336829639657,1.5883940721227592,0.15272217995121387,0.4770387510833347,0.40866141610162493,LOC111328749/LOC111323636,2
GO:0006687,glycosphingolipid metabolic process,2/257,23/8488,0.08695652173913043,2.8719336829639657,1.5883940721227592,0.15272217995121387,0.4770387510833347,0.40866141610162493,LOC111334156/LOC111336425,2
GO:0032722,positive regulation of chemokine production,2/257,23/8488,0.08695652173913043,2.8719336829639657,1.5883940721227592,0.15272217995121387,0.4770387510833347,0.40866141610162493,LOC111328749/LOC111323636,2
GO:0033627,cell adhesion mediated by integrin,2/257,23/8488,0.08695652173913043,2.8719336829639657,1.5883940721227592,0.15272217995121387,0.4770387510833347,0.40866141610162493,LOC111335693/LOC111321759,2
GO:0034698,response to gonadotropin,2/257,23/8488,0.08695652173913043,2.8719336829639657,1.5883940721227592,0.15272217995121387,0.4770387510833347,0.40866141610162493,LOC111325642/LOC111322288,2
GO:0036010,protein localization to endosome,2/257,23/8488,0.08695652173913043,2.8719336829639657,1.5883940721227592,0.15272217995121387,0.4770387510833347,0.40866141610162493,LOC111333478/LOC111326544,2
GO:0042953,lipoprotein transport,2/257,23/8488,0.08695652173913043,2.8719336829639657,1.5883940721227592,0.15272217995121387,0.4770387510833347,0.40866141610162493,LOC111325671/LOC111340596,2
GO:0045669,positive regulation of osteoblast differentiation,2/257,23/8488,0.08695652173913043,2.8719336829639657,1.5883940721227592,0.15272217995121387,0.4770387510833347,0.40866141610162493,LOC111321680/LOC111333767,2
GO:0050750,low-density lipoprotein particle receptor binding,2/257,23/8488,0.08695652173913043,2.8719336829639657,1.5883940721227592,0.15272217995121387,0.4770387510833347,0.40866141610162493,LOC111325671/LOC111340366,2
GO:0060412,ventricular septum morphogenesis,2/257,23/8488,0.08695652173913043,2.8719336829639657,1.5883940721227592,0.15272217995121387,0.4770387510833347,0.40866141610162493,LOC111340883/LOC111333893,2
GO:0060581,cell fate commitment involved in pattern specification,2/257,23/8488,0.08695652173913043,2.8719336829639657,1.5883940721227592,0.15272217995121387,0.4770387510833347,0.40866141610162493,LOC111333893/LOC111333767,2
GO:0060977,coronary vasculature morphogenesis,2/257,23/8488,0.08695652173913043,2.8719336829639657,1.5883940721227592,0.15272217995121387,0.4770387510833347,0.40866141610162493,LOC111333478/LOC111344472,2
GO:2000380,regulation of mesoderm development,2/257,23/8488,0.08695652173913043,2.8719336829639657,1.5883940721227592,0.15272217995121387,0.4770387510833347,0.40866141610162493,LOC111333901/LOC111331301,2
GO:0035222,wing disc pattern formation,3/257,45/8488,0.06666666666666667,2.201815823605707,1.428279299839966,0.15472100737562147,0.4822806115915745,0.4131519237038684,LOC111328024/LOC111333767/LOC111343646,3
GO:0051952,regulation of amine transport,3/257,45/8488,0.06666666666666667,2.201815823605707,1.428279299839966,0.15472100737562147,0.4822806115915745,0.4131519237038684,LOC111328749/LOC111333875/LOC111323636,3
GO:0009749,response to glucose,5/257,94/8488,0.05319148936170213,1.7567679443662556,1.3036455723082048,0.15567861456480453,0.4842619158334354,0.41484923360871007,LOC111324621/LOC111338776/LOC111340883/LOC111346320/LOC111333695,5
GO:0071383,cellular response to steroid hormone stimulus,5/257,94/8488,0.05319148936170213,1.7567679443662556,1.3036455723082048,0.15567861456480453,0.4842619158334354,0.41484923360871007,LOC111323127/LOC111342143/LOC111336999/LOC111326058/LOC111342147,5
GO:0044344,cellular response to fibroblast growth factor stimulus,4/257,69/8488,0.057971014492753624,1.9146224553093103,1.347887085574583,0.15592044130717428,0.4845131068718804,0.4150644196606814,LOC111324192/LOC111325851/LOC111344472/LOC111338817,4
GO:0097305,response to alcohol,9/257,201/8488,0.04477611940298507,1.4788315233172658,1.213946242382585,0.1561204784003284,0.48463405472465204,0.4151680312030893,LOC111332158/LOC111325642/LOC111327252/LOC111324410/LOC111346320/LOC111325560/LOC111336999/LOC111333695/LOC111326058,9
GO:0030001,metal ion transport,11/257,257/8488,0.042801556420233464,1.4136171630153371,1.189751262196475,0.15655643240938566,0.4854863388530228,0.4158981514250419,LOC111336828/LOC111322161/LOC111342077/LOC111330251/LOC111323527/LOC111329755/LOC111330961/LOC111328120/LOC111334900/LOC111326058/LOC111329754,11
GO:0002237,response to molecule of bacterial origin,7/257,147/8488,0.047619047619047616,1.5727255882897904,1.2376947696942335,0.15793123368761605,0.4892452635760547,0.4191182829066986,LOC111332158/LOC111328749/LOC111325671/LOC111322161/LOC111323636/LOC111331303/LOC111324532,7
GO:0009617,response to bacterium,13/257,315/8488,0.04126984126984127,1.363028843184485,1.160173713049662,0.1594602144003866,0.4934735853049001,0.4227405294045337,LOC111332158/LOC111321843/LOC111328749/LOC111333170/LOC111325671/LOC111322161/LOC111327334/LOC111329755/LOC111331589/LOC111323636/LOC111322256/LOC111331303/LOC111324532,13
GO:0009743,response to carbohydrate,6/257,121/8488,0.049586776859504134,1.6377142489629224,1.2483928811142748,0.16043220327331306,0.49584972912068215,0.42477608373720255,LOC111324621/LOC111325671/LOC111338776/LOC111340883/LOC111346320/LOC111333695,6
GO:0046887,positive regulation of hormone secretion,5/257,95/8488,0.05263157894736842,1.7382756502150316,1.278612947184345,0.16055772478841238,0.49584972912068215,0.42477608373720255,LOC111325642/LOC111323945/LOC111338776/LOC111340883/LOC111323527,5
GO:0035265,organ growth,4/257,70/8488,0.05714285714285714,1.8872707059477487,1.3170979213202543,0.1617113867575627,0.4964522654490003,0.42529225427601924,LOC111320817/LOC111320821/LOC111320842/LOC111334412,4
GO:0001938,positive regulation of endothelial cell proliferation,3/257,46/8488,0.06521739130434782,2.153950262222974,1.386630325722248,0.16205072436758083,0.4964522654490003,0.42529225427601924,LOC111322288/LOC111333478/LOC111340622,3
GO:0045138,nematode male tail tip morphogenesis,3/257,46/8488,0.06521739130434782,2.153950262222974,1.386630325722248,0.16205072436758083,0.4964522654490003,0.42529225427601924,LOC111322288/LOC111335693/LOC111333901,3
GO:0090175,regulation of establishment of planar polarity,3/257,46/8488,0.06521739130434782,2.153950262222974,1.386630325722248,0.16205072436758083,0.4964522654490003,0.42529225427601924,LOC111323862/LOC111323127/LOC111333893,3
GO:0099173,postsynapse organization,3/257,46/8488,0.06521739130434782,2.153950262222974,1.386630325722248,0.16205072436758083,0.4964522654490003,0.42529225427601924,LOC111336974/LOC111335693/LOC111326544,3
GO:0050803,regulation of synapse structure or activity,10/257,231/8488,0.04329004329004329,1.4297505348089006,1.1701152388974432,0.16290892176219113,0.4964522654490003,0.42529225427601924,LOC111330631/LOC111332158/LOC111336974/LOC111326654/LOC111331664/LOC111323777/LOC111326544/LOC111321894/LOC111325851/LOC111343646,10
GO:2000147,positive regulation of cell motility,10/257,231/8488,0.04329004329004329,1.4297505348089006,1.1701152388974432,0.16290892176219113,0.4964522654490003,0.42529225427601924,LOC111323862/LOC111333735/LOC111322288/LOC111335693/LOC111333478/LOC111323127/LOC111345144/LOC111321759/LOC111326544/LOC111340622,10
GO:0009629,response to gravity,2/257,24/8488,0.08333333333333333,2.752269779507133,1.5189242871106459,0.16344885447456323,0.4964522654490003,0.42529225427601924,LOC111346320/LOC111334761,2
GO:0010712,regulation of collagen metabolic process,2/257,24/8488,0.08333333333333333,2.752269779507133,1.5189242871106459,0.16344885447456323,0.4964522654490003,0.42529225427601924,LOC111322288/LOC111327334,2
GO:0030594,neurotransmitter receptor activity,2/257,24/8488,0.08333333333333333,2.752269779507133,1.5189242871106459,0.16344885447456323,0.4964522654490003,0.42529225427601924,LOC111343017/LOC111320921,2
GO:0048557,embryonic digestive tract morphogenesis,2/257,24/8488,0.08333333333333333,2.752269779507133,1.5189242871106459,0.16344885447456323,0.4964522654490003,0.42529225427601924,LOC111326654/LOC111333767,2
GO:0048680,positive regulation of axon regeneration,2/257,24/8488,0.08333333333333333,2.752269779507133,1.5189242871106459,0.16344885447456323,0.4964522654490003,0.42529225427601924,LOC111328393/LOC111320751,2
GO:0050999,regulation of nitric-oxide synthase activity,2/257,24/8488,0.08333333333333333,2.752269779507133,1.5189242871106459,0.16344885447456323,0.4964522654490003,0.42529225427601924,LOC111324532/LOC111326058,2
GO:0060688,regulation of morphogenesis of a branching structure,2/257,24/8488,0.08333333333333333,2.752269779507133,1.5189242871106459,0.16344885447456323,0.4964522654490003,0.42529225427601924,LOC111328024/LOC111330631,2
GO:0070572,positive regulation of neuron projection regeneration,2/257,24/8488,0.08333333333333333,2.752269779507133,1.5189242871106459,0.16344885447456323,0.4964522654490003,0.42529225427601924,LOC111328393/LOC111320751,2
GO:0090218,positive regulation of lipid kinase activity,2/257,24/8488,0.08333333333333333,2.752269779507133,1.5189242871106459,0.16344885447456323,0.4964522654490003,0.42529225427601924,LOC111322288/LOC111327334,2
GO:0022857,transmembrane transporter activity,17/257,433/8488,0.03926096997690531,1.2966813741788805,1.119744194970732,0.1635585754853588,0.4964522654490003,0.42529225427601924,LOC111345835/LOC111336828/LOC111343017/LOC111330589/LOC111342077/LOC111330251/LOC111323527/LOC111340820/LOC111345133/LOC111336930/LOC111337259/LOC111331589/LOC111334900/LOC111326058/LOC111340840/LOC111334761/LOC111328842,17
GO:0019902,phosphatase binding,6/257,122/8488,0.04918032786885246,1.624290361676341,1.2272272135085058,0.16476327132912696,0.49960475822380435,0.4279928779856778,LOC111332158/LOC111324410/LOC111328517/LOC111344752/LOC111334113/LOC111326058,6
GO:0009746,response to hexose,5/257,96/8488,0.052083333333333336,1.7201686121919586,1.2538755387045295,0.16549836665164377,0.5013283855872552,0.42946944565985473,LOC111324621/LOC111338776/LOC111340883/LOC111346320/LOC111333695,5
GO:0030666,endocytic vesicle membrane,4/257,71/8488,0.056338028169014086,1.8606894283991888,1.286809745635329,0.1675797904131433,0.5071227460389689,0.43443325948467104,LOC111323862/LOC111325671/LOC111333893/LOC111340596,4
GO:0002250,adaptive immune response,3/257,47/8488,0.06382978723404255,2.1081215332395065,1.3460361849181435,0.16948305203010017,0.5123668547804435,0.4389256930649936,LOC111328749/LOC111323636/LOC111344752,3
GO:0000976,transcription cis-regulatory region binding,11/257,262/8488,0.04198473282442748,1.3866397362402354,1.1232596047647334,0.1711418453664867,0.5168621193397509,0.4427766195911641,LOC111330631/LOC111328662/LOC111341087/LOC111326654/LOC111338776/LOC111340883/LOC111325851/LOC111331301/LOC111333767/LOC111344472/LOC111333334,11
GO:0042335,cuticle development,4/257,72/8488,0.05555555555555555,1.8348465196714223,1.2570061072176835,0.17352291841133938,0.5222196181460477,0.44736619023709584,LOC111329099/LOC111340398/LOC111333893/LOC111333767,4
GO:0072073,kidney epithelium development,4/257,72/8488,0.05555555555555555,1.8348465196714223,1.2570061072176835,0.17352291841133938,0.5222196181460477,0.44736619023709584,LOC111322288/LOC111321759/LOC111330961/LOC111333767,4
GO:0033500,carbohydrate homeostasis,6/257,124/8488,0.04838709677419355,1.5980921300364002,1.185466484799002,0.17357319868605914,0.5222196181460477,0.44736619023709584,LOC111324621/LOC111323945/LOC111328749/LOC111338776/LOC111340883/LOC111323636,6
GO:0060828,regulation of canonical Wnt signaling pathway,7/257,151/8488,0.046357615894039736,1.5310639833019817,1.1634501593447577,0.1736430798576921,0.5222196181460477,0.44736619023709584,LOC111328024/LOC111323862/LOC111336974/LOC111340883/LOC111333893/LOC111333767/LOC111340622,7
GO:0005858,axonemal dynein complex,2/257,25/8488,0.08,2.6421789883268483,1.4529333311123227,0.17430468637587496,0.5222196181460477,0.44736619023709584,LOC111331389/LOC111331219,2
GO:0007586,digestion,2/257,25/8488,0.08,2.6421789883268483,1.4529333311123227,0.17430468637587496,0.5222196181460477,0.44736619023709584,LOC111323945/LOC111342147,2
GO:0008157,protein phosphatase 1 binding,2/257,25/8488,0.08,2.6421789883268483,1.4529333311123227,0.17430468637587496,0.5222196181460477,0.44736619023709584,LOC111324410/LOC111328517,2
GO:0060285,cilium-dependent cell motility,2/257,25/8488,0.08,2.6421789883268483,1.4529333311123227,0.17430468637587496,0.5222196181460477,0.44736619023709584,LOC111331389/LOC111331219,2
GO:0001818,negative regulation of cytokine production,5/257,98/8488,0.05102040816326531,1.68506313031049,1.2052579755488164,0.17555809122844288,0.5252667976927742,0.4499765960078076,LOC111325642/LOC111342023/LOC111333170/LOC111327334/LOC111326544,5
GO:0009880,embryonic pattern specification,8/257,179/8488,0.0446927374301676,1.4760776471099712,1.1374892180499114,0.17567101013262326,0.5252667976927742,0.4499765960078076,LOC111327880/LOC111336934/LOC111333478/LOC111323127/LOC111333893/LOC111325851/LOC111333767/LOC111343646,8
GO:0021885,forebrain cell migration,3/257,48/8488,0.0625,2.0642023346303504,1.3064444992211042,0.17701211764616256,0.5277031217836046,0.45206370455146416,LOC111333478/LOC111321759/LOC111333767,3
GO:0022029,telencephalon cell migration,3/257,48/8488,0.0625,2.0642023346303504,1.3064444992211042,0.17701211764616256,0.5277031217836046,0.45206370455146416,LOC111333478/LOC111321759/LOC111333767,3
GO:0060993,kidney morphogenesis,3/257,48/8488,0.0625,2.0642023346303504,1.3064444992211042,0.17701211764616256,0.5277031217836046,0.45206370455146416,LOC111340883/LOC111330961/LOC111333767,3
GO:0019221,cytokine-mediated signaling pathway,8/257,180/8488,0.044444444444444446,1.467877215737138,1.1210817101796324,0.17938032669197176,0.5342231474533222,0.4576491688709871,LOC111332158/LOC111320871/LOC111322288/LOC111322266/LOC111345144/LOC111346320/LOC111322261/LOC111334113,8
GO:0050807,regulation of synapse organization,9/257,208/8488,0.04326923076923077,1.4290631547440886,1.1070190199148555,0.17955438898780213,0.5342231474533222,0.4576491688709871,LOC111330631/LOC111332158/LOC111336974/LOC111326654/LOC111331664/LOC111323777/LOC111326544/LOC111321894/LOC111343646,9
GO:0034329,cell junction assembly,5/257,99/8488,0.050505050505050504,1.668042290610384,1.181364234302407,0.18067403507818705,0.5370232188885243,0.4600478862818826,LOC111335693/LOC111335321/LOC111323127/LOC111325851/LOC111332138,5
GO:0016053,organic acid biosynthetic process,8/257,181/8488,0.04419889502762431,1.459767396865662,1.1047721441131761,0.18312406055898905,0.542119189694829,0.46441341558403604,LOC111326885/LOC111331664/LOC111333875/LOC111327210/LOC111331622/LOC111331303/LOC111334900/LOC111341830,8
GO:0046394,carboxylic acid biosynthetic process,8/257,181/8488,0.04419889502762431,1.459767396865662,1.1047721441131761,0.18312406055898905,0.542119189694829,0.46441341558403604,LOC111326885/LOC111331664/LOC111333875/LOC111327210/LOC111331622/LOC111331303/LOC111334900/LOC111341830,8
GO:0002244,hematopoietic progenitor cell differentiation,3/257,49/8488,0.061224489795918366,2.0220757563725877,1.267806562400883,0.1846320967683244,0.542119189694829,0.46441341558403604,LOC111343122/LOC111345144/LOC111340883,3
GO:0003151,outflow tract morphogenesis,3/257,49/8488,0.061224489795918366,2.0220757563725877,1.267806562400883,0.1846320967683244,0.542119189694829,0.46441341558403604,LOC111333478/LOC111333893/LOC111344472,3
GO:0014910,regulation of smooth muscle cell migration,3/257,49/8488,0.061224489795918366,2.0220757563725877,1.267806562400883,0.1846320967683244,0.542119189694829,0.46441341558403604,LOC111322288/LOC111333478/LOC111340596,3
GO:0015081,sodium ion transmembrane transporter activity,3/257,49/8488,0.061224489795918366,2.0220757563725877,1.267806562400883,0.1846320967683244,0.542119189694829,0.46441341558403604,LOC111336828/LOC111330251/LOC111334900,3
GO:0043297,apical junction assembly,3/257,49/8488,0.061224489795918366,2.0220757563725877,1.267806562400883,0.1846320967683244,0.542119189694829,0.46441341558403604,LOC111335321/LOC111323127/LOC111332138,3
GO:0045667,regulation of osteoblast differentiation,3/257,49/8488,0.061224489795918366,2.0220757563725877,1.267806562400883,0.1846320967683244,0.542119189694829,0.46441341558403604,LOC111321680/LOC111333893/LOC111333767,3
GO:1903076,regulation of protein localization to plasma membrane,3/257,49/8488,0.061224489795918366,2.0220757563725877,1.267806562400883,0.1846320967683244,0.542119189694829,0.46441341558403604,LOC111335693/LOC111331664/LOC111340596,3
GO:0003148,outflow tract septum morphogenesis,2/257,26/8488,0.07692307692307693,2.5405567195450462,1.3900973582730807,0.18527211669091895,0.542119189694829,0.46441341558403604,LOC111333478/LOC111344472,2
GO:0009187,cyclic nucleotide metabolic process,2/257,26/8488,0.07692307692307693,2.5405567195450462,1.3900973582730807,0.18527211669091895,0.542119189694829,0.46441341558403604,LOC111321593/LOC111326058,2
GO:0030500,regulation of bone mineralization,2/257,26/8488,0.07692307692307693,2.5405567195450462,1.3900973582730807,0.18527211669091895,0.542119189694829,0.46441341558403604,LOC111321680/LOC111331303,2
GO:0031214,biomineral tissue development,2/257,26/8488,0.07692307692307693,2.5405567195450462,1.3900973582730807,0.18527211669091895,0.542119189694829,0.46441341558403604,LOC111326058/LOC111344472,2
GO:0070509,calcium ion import,2/257,26/8488,0.07692307692307693,2.5405567195450462,1.3900973582730807,0.18527211669091895,0.542119189694829,0.46441341558403604,LOC111323527/LOC111326058,2
GO:0090162,establishment of epithelial cell polarity,2/257,26/8488,0.07692307692307693,2.5405567195450462,1.3900973582730807,0.18527211669091895,0.542119189694829,0.46441341558403604,LOC111333893/LOC111334412,2
GO:1903053,regulation of extracellular matrix organization,2/257,26/8488,0.07692307692307693,2.5405567195450462,1.3900973582730807,0.18527211669091895,0.542119189694829,0.46441341558403604,LOC111340596/LOC111340622,2
GO:0005506,iron ion binding,4/257,74/8488,0.05405405405405406,1.7852560731938165,1.198790442615725,0.18562230356708756,0.5426160244215738,0.4648390354787278,LOC111322161/LOC111329755/LOC111329754/LOC111332887,4
GO:0045785,positive regulation of cell adhesion,7/257,154/8488,0.045454545454545456,1.5012380615493455,1.1091620864165312,0.18585462596731492,0.5427676843783332,0.46496895694224516,LOC111335693/LOC111333478/LOC111323127/LOC111331622/LOC111328517/LOC111333767/LOC111325968,7
GO:0048871,multicellular organismal-level homeostasis,8/257,183/8488,0.04371584699453552,1.4438136548234142,1.0724418383280772,0.19071261265043543,0.555840215380801,0.47616770970471745,LOC111320817/LOC111320821/LOC111335693/LOC111326885/LOC111320842/LOC111323527/LOC111331303/LOC111332138,8
GO:0009152,purine ribonucleotide biosynthetic process,5/257,101/8488,0.04950495049504951,1.6350117502022576,1.1343745875394515,0.19107007403715032,0.555840215380801,0.47616770970471745,LOC111331664/LOC111346320/LOC111321593/LOC111331622/LOC111341830,5
GO:0010810,regulation of cell-substrate adhesion,5/257,101/8488,0.04950495049504951,1.6350117502022576,1.1343745875394515,0.19107007403715032,0.555840215380801,0.47616770970471745,LOC111335693/LOC111333478/LOC111345144/LOC111331622/LOC111333893,5
GO:0034284,response to monosaccharide,5/257,101/8488,0.04950495049504951,1.6350117502022576,1.1343745875394515,0.19107007403715032,0.555840215380801,0.47616770970471745,LOC111324621/LOC111338776/LOC111340883/LOC111346320/LOC111333695,5
GO:0022804,active transmembrane transporter activity,6/257,128/8488,0.046875,1.5481517509727627,1.1041295006966314,0.19175590402692136,0.5572963858096419,0.4774151569365914,LOC111336828/LOC111330589/LOC111330251/LOC111334900/LOC111326058/LOC111334761,6
GO:0090101,negative regulation of transmembrane receptor protein serine/threonine kinase signaling pathway,3/257,50/8488,0.06,1.981634241245136,1.2300770125066183,0.19233722197633746,0.5579077759930792,0.4779389122449111,LOC111331664/LOC111321680/LOC111333893,3
GO:1900182,positive regulation of protein localization to nucleus,3/257,50/8488,0.06,1.981634241245136,1.2300770125066183,0.19233722197633746,0.5579077759930792,0.4779389122449111,LOC111327334/LOC111331301/LOC111333767,3
GO:0032535,regulation of cellular component size,12/257,298/8488,0.040268456375838924,1.329955866607474,1.0245647207952604,0.1926802003792892,0.5583642030259172,0.4783299163659872,LOC111336828/LOC111342023/LOC111333478/LOC111333901/LOC111323777/LOC111321593/LOC111321894/LOC111328517/LOC111333893/LOC111326058/LOC111330877/LOC111340622,12
GO:0050770,regulation of axonogenesis,7/257,156/8488,0.04487179487179487,1.4819914197346105,1.073604535620364,0.19418852588094412,0.5608846108604069,0.48048905633618283,LOC111342023/LOC111336974/LOC111333478/LOC111333901/LOC111323777/LOC111333893/LOC111340622,7
GO:0001885,endothelial cell development,2/257,27/8488,0.07407407407407407,2.4464620262285632,1.3301341175333854,0.19633452376009733,0.5608846108604069,0.48048905633618283,LOC111327880/LOC111342023,2
GO:0005778,peroxisomal membrane,2/257,27/8488,0.07407407407407407,2.4464620262285632,1.3301341175333854,0.19633452376009733,0.5608846108604069,0.48048905633618283,LOC111346087/LOC111346320,2
GO:0006726,eye pigment biosynthetic process,2/257,27/8488,0.07407407407407407,2.4464620262285632,1.3301341175333854,0.19633452376009733,0.5608846108604069,0.48048905633618283,LOC111330589/LOC111334761,2
GO:0010828,positive regulation of D-glucose transmembrane transport,2/257,27/8488,0.07407407407407407,2.4464620262285632,1.3301341175333854,0.19633452376009733,0.5608846108604069,0.48048905633618283,LOC111328749/LOC111323636,2
GO:0019369,arachidonate metabolic process,2/257,27/8488,0.07407407407407407,2.4464620262285632,1.3301341175333854,0.19633452376009733,0.5608846108604069,0.48048905633618283,LOC111326885/LOC111331303,2
GO:0031018,endocrine pancreas development,2/257,27/8488,0.07407407407407407,2.4464620262285632,1.3301341175333854,0.19633452376009733,0.5608846108604069,0.48048905633618283,LOC111338776/LOC111340883,2
GO:0032642,regulation of chemokine production,2/257,27/8488,0.07407407407407407,2.4464620262285632,1.3301341175333854,0.19633452376009733,0.5608846108604069,0.48048905633618283,LOC111328749/LOC111323636,2
GO:0032648,regulation of interferon-beta production,2/257,27/8488,0.07407407407407407,2.4464620262285632,1.3301341175333854,0.19633452376009733,0.5608846108604069,0.48048905633618283,LOC111342023/LOC111334113,2
GO:0032934,sterol binding,2/257,27/8488,0.07407407407407407,2.4464620262285632,1.3301341175333854,0.19633452376009733,0.5608846108604069,0.48048905633618283,LOC111342143/LOC111342147,2
GO:0051959,dynein light intermediate chain binding,2/257,27/8488,0.07407407407407407,2.4464620262285632,1.3301341175333854,0.19633452376009733,0.5608846108604069,0.48048905633618283,LOC111331389/LOC111331219,2
GO:1904427,positive regulation of calcium ion transmembrane transport,2/257,27/8488,0.07407407407407407,2.4464620262285632,1.3301341175333854,0.19633452376009733,0.5608846108604069,0.48048905633618283,LOC111323945/LOC111327334,2
GO:2000171,negative regulation of dendrite development,2/257,27/8488,0.07407407407407407,2.4464620262285632,1.3301341175333854,0.19633452376009733,0.5608846108604069,0.48048905633618283,LOC111342023/LOC111345144,2
GO:0007297,follicle cell of egg chamber migration,5/257,102/8488,0.049019607843137254,1.6189822232394904,1.111266430677754,0.19634690666090704,0.5608846108604069,0.48048905633618283,LOC111342023/LOC111322288/LOC111323777/LOC111339275/LOC111333893,5
GO:0045765,regulation of angiogenesis,5/257,102/8488,0.049019607843137254,1.6189822232394904,1.111266430677754,0.19634690666090704,0.5608846108604069,0.48048905633618283,LOC111328024/LOC111328749/LOC111333478/LOC111323636/LOC111340622,5
GO:0019058,viral life cycle,4/257,76/8488,0.05263157894736842,1.7382756502150316,1.142333914907974,0.1979872958767628,0.5639638124974456,0.48312689424473226,LOC111342143/LOC111326544/LOC111333695/LOC111342147,4
GO:0042462,eye photoreceptor cell development,4/257,76/8488,0.05263157894736842,1.7382756502150316,1.142333914907974,0.1979872958767628,0.5639638124974456,0.48312689424473226,LOC111342023/LOC111322288/LOC111323777/LOC111340398,4
GO:0090288,negative regulation of cellular response to growth factor stimulus,4/257,76/8488,0.05263157894736842,1.7382756502150316,1.142333914907974,0.1979872958767628,0.5639638124974456,0.48312689424473226,LOC111328024/LOC111331664/LOC111321680/LOC111333893,4
GO:1990837,sequence-specific double-stranded DNA binding,11/257,271/8488,0.04059040590405904,1.3405889700920355,1.0068758935369124,0.19897991970827228,0.5662550600591135,0.485089721103272,LOC111330631/LOC111328662/LOC111341087/LOC111326654/LOC111338776/LOC111340883/LOC111325851/LOC111331301/LOC111333767/LOC111344472/LOC111333334,11
GO:0002168,instar larval development,3/257,51/8488,0.058823529411764705,1.9427786678873884,1.1932135393788619,0.20012179087872092,0.5678927801539552,0.48649269520467614,LOC111329099/LOC111333893/LOC111334412,3
GO:0005546,"phosphatidylinositol-4,5-bisphosphate binding",3/257,51/8488,0.058823529411764705,1.9427786678873884,1.1932135393788619,0.20012179087872092,0.5678927801539552,0.48649269520467614,LOC111330205/LOC111321894/LOC111333893,3
GO:0014032,neural crest cell development,3/257,51/8488,0.058823529411764705,1.9427786678873884,1.1932135393788619,0.20012179087872092,0.5678927801539552,0.48649269520467614,LOC111333478/LOC111325851/LOC111344472,3
GO:0006952,defense response,16/257,419/8488,0.03818615751789976,1.2611832879841758,0.9688574887626239,0.20127846915949174,0.5706367909818578,0.4888433875712444,LOC111332158/LOC111325642/LOC111327252/LOC111328749/LOC111333170/LOC111322266/LOC111322161/LOC111338418/LOC111339275/LOC111327334/LOC111329755/LOC111331589/LOC111323636/LOC111331303/LOC111322261/LOC111322259,16
GO:0021537,telencephalon development,7/257,158/8488,0.04430379746835443,1.4632320346746788,1.0385370386778559,0.20266966841353612,0.5740398894424826,0.49175869588297794,LOC111342023/LOC111320822/LOC111333478/LOC111345144/LOC111321759/LOC111326058/LOC111333767,7
GO:0010171,body morphogenesis,4/257,77/8488,0.05194805194805195,1.7157006417706808,1.1147316054745076,0.20426239410801886,0.5776586902960398,0.4948587884394966,LOC111336303/LOC111335693/LOC111322400/LOC111344472,4
GO:0007169,cell surface receptor protein tyrosine kinase signaling pathway,12/257,302/8488,0.039735099337748346,1.3123405571159843,0.9765924081582378,0.20482717395747027,0.5776586902960398,0.4948587884394966,LOC111327880/LOC111328024/LOC111328393/LOC111324192/LOC111323862/LOC111322288/LOC111336934/LOC111333478/LOC111339275/LOC111320751/LOC111325851/LOC111338817,12
GO:0001708,cell fate specification,5/257,104/8488,0.04807692307692308,1.5878479497156541,1.0657943277353141,0.20704992029333208,0.5776586902960398,0.4948587884394966,LOC111326654/LOC111333478/LOC111333767/LOC111343646/LOC111344472,5
GO:0072330,monocarboxylic acid biosynthetic process,5/257,104/8488,0.04807692307692308,1.5878479497156541,1.0657943277353141,0.20704992029333208,0.5776586902960398,0.4948587884394966,LOC111326885/LOC111331664/LOC111331622/LOC111334900/LOC111341830,5
GO:0007310,oocyte dorsal/ventral axis specification,2/257,28/8488,0.07142857142857142,2.3590883824346855,1.2727962766207208,0.20747618293414166,0.5776586902960398,0.4948587884394966,LOC111327880/LOC111336934,2
GO:0010669,epithelial structure maintenance,2/257,28/8488,0.07142857142857142,2.3590883824346855,1.2727962766207208,0.20747618293414166,0.5776586902960398,0.4948587884394966,LOC111335693/LOC111332138,2
GO:0021532,neural tube patterning,2/257,28/8488,0.07142857142857142,2.3590883824346855,1.2727962766207208,0.20747618293414166,0.5776586902960398,0.4948587884394966,LOC111325851/LOC111333767,2
GO:0030514,negative regulation of BMP signaling pathway,2/257,28/8488,0.07142857142857142,2.3590883824346855,1.2727962766207208,0.20747618293414166,0.5776586902960398,0.4948587884394966,LOC111331664/LOC111333893,2
GO:0035166,post-embryonic hemopoiesis,2/257,28/8488,0.07142857142857142,2.3590883824346855,1.2727962766207208,0.20747618293414166,0.5776586902960398,0.4948587884394966,LOC111329099/LOC111339275,2
GO:0035774,positive regulation of insulin secretion involved in cellular response to glucose stimulus,2/257,28/8488,0.07142857142857142,2.3590883824346855,1.2727962766207208,0.20747618293414166,0.5776586902960398,0.4948587884394966,LOC111323945/LOC111338776,2
GO:0042441,eye pigment metabolic process,2/257,28/8488,0.07142857142857142,2.3590883824346855,1.2727962766207208,0.20747618293414166,0.5776586902960398,0.4948587884394966,LOC111330589/LOC111334761,2
GO:0043474,pigment metabolic process involved in pigmentation,2/257,28/8488,0.07142857142857142,2.3590883824346855,1.2727962766207208,0.20747618293414166,0.5776586902960398,0.4948587884394966,LOC111330589/LOC111334761,2
GO:0043542,endothelial cell migration,2/257,28/8488,0.07142857142857142,2.3590883824346855,1.2727962766207208,0.20747618293414166,0.5776586902960398,0.4948587884394966,LOC111333478/LOC111324368,2
GO:0048306,calcium-dependent protein binding,2/257,28/8488,0.07142857142857142,2.3590883824346855,1.2727962766207208,0.20747618293414166,0.5776586902960398,0.4948587884394966,LOC111327252/LOC111338418,2
GO:0051055,negative regulation of lipid biosynthetic process,2/257,28/8488,0.07142857142857142,2.3590883824346855,1.2727962766207208,0.20747618293414166,0.5776586902960398,0.4948587884394966,LOC111320024/LOC111322288,2
GO:0071869,response to catecholamine,2/257,28/8488,0.07142857142857142,2.3590883824346855,1.2727962766207208,0.20747618293414166,0.5776586902960398,0.4948587884394966,LOC111320871/LOC111326058,2
GO:0090303,positive regulation of wound healing,2/257,28/8488,0.07142857142857142,2.3590883824346855,1.2727962766207208,0.20747618293414166,0.5776586902960398,0.4948587884394966,LOC111323127/LOC111327334,2
GO:1902305,regulation of sodium ion transmembrane transport,2/257,28/8488,0.07142857142857142,2.3590883824346855,1.2727962766207208,0.20747618293414166,0.5776586902960398,0.4948587884394966,LOC111320952/LOC111326058,2
GO:0007187,"G protein-coupled receptor signaling pathway, coupled to cyclic nucleotide second messenger",3/257,52/8488,0.057692307692307696,1.905417539658785,1.1571766229745206,0.207980173401134,0.5776586902960398,0.4948587884394966,LOC111333893/LOC111324532/LOC111320921,3
GO:0014031,mesenchymal cell development,3/257,52/8488,0.057692307692307696,1.905417539658785,1.1571766229745206,0.207980173401134,0.5776586902960398,0.4948587884394966,LOC111333478/LOC111325851/LOC111344472,3
GO:0050805,negative regulation of synaptic transmission,3/257,52/8488,0.057692307692307696,1.905417539658785,1.1571766229745206,0.207980173401134,0.5776586902960398,0.4948587884394966,LOC111343017/LOC111324532/LOC111338912,3
GO:0042383,sarcolemma,4/257,78/8488,0.05128205128205128,1.6937044796966976,1.0875297956253682,0.21059548326657743,0.5839473973112935,0.5002460906418136,LOC111335693/LOC111333695/LOC111326058/LOC111328842,4
GO:0046649,lymphocyte activation,6/257,132/8488,0.045454545454545456,1.5012380615493455,1.0255318518764034,0.21063262170304303,0.5839473973112935,0.5002460906418136,LOC111329099/LOC111326654/LOC111340883/LOC111328517/LOC111333893/LOC111333767,6
GO:0002064,epithelial cell development,12/257,304/8488,0.039473684210526314,1.3037067376612737,0.9528527025889909,0.2110257576575934,0.5844985994788591,0.5007182851078692,LOC111327880/LOC111330856/LOC111342023/LOC111320816/LOC111322288/LOC111323777/LOC111321759/LOC111339275/LOC111333893/LOC111326058/LOC111333767/LOC111343646,12
GO:0006164,purine nucleotide biosynthetic process,5/257,105/8488,0.047619047619047616,1.5727255882897904,1.0434192995447817,0.212472749171582,0.5874246594743737,0.5032249322484836,LOC111331664/LOC111346320/LOC111321593/LOC111331622/LOC111341830,5
GO:0006954,inflammatory response,5/257,105/8488,0.047619047619047616,1.5727255882897904,1.0434192995447817,0.212472749171582,0.5874246594743737,0.5032249322484836,LOC111327252/LOC111328749/LOC111322161/LOC111323636/LOC111331303,5
GO:0071345,cellular response to cytokine stimulus,14/257,364/8488,0.038461538461538464,1.2702783597725231,0.931310224732811,0.2136564217233826,0.5901547443011339,0.5055636947260553,LOC111320817/LOC111332158/LOC111325642/LOC111320871/LOC111320821/LOC111322288/LOC111325671/LOC111322266/LOC111320842/LOC111345144/LOC111346320/LOC111322261/LOC111334113/LOC111338817,14
GO:0006631,fatty acid metabolic process,7/257,161/8488,0.043478260869565216,1.4359668414819828,0.9868234856017756,0.2156537214527578,0.5925617789728931,0.5076257121100372,LOC111335819/LOC111326885/LOC111331664/LOC111346320/LOC111331622/LOC111331303/LOC111341830,7
GO:0005811,lipid droplet,3/257,53/8488,0.05660377358490566,1.8694662653256,1.1219292987309741,0.21590681840235731,0.5925617789728931,0.5076257121100372,LOC111331664/LOC111330775/LOC111331303,3
GO:0006855,xenobiotic transmembrane transport,3/257,53/8488,0.05660377358490566,1.8694662653256,1.1219292987309741,0.21590681840235731,0.5925617789728931,0.5076257121100372,LOC111345835/LOC111342077/LOC111334900,3
GO:0008543,fibroblast growth factor receptor signaling pathway,3/257,53/8488,0.05660377358490566,1.8694662653256,1.1219292987309741,0.21590681840235731,0.5925617789728931,0.5076257121100372,LOC111324192/LOC111325851/LOC111338817,3
GO:0009620,response to fungus,3/257,53/8488,0.05660377358490566,1.8694662653256,1.1219292987309741,0.21590681840235731,0.5925617789728931,0.5076257121100372,LOC111333170/LOC111329754/LOC111322259,3
GO:0051701,biological process involved in interaction with host,3/257,53/8488,0.05660377358490566,1.8694662653256,1.1219292987309741,0.21590681840235731,0.5925617789728931,0.5076257121100372,LOC111342143/LOC111333695/LOC111342147,3
GO:1904398,positive regulation of neuromuscular junction development,3/257,53/8488,0.05660377358490566,1.8694662653256,1.1219292987309741,0.21590681840235731,0.5925617789728931,0.5076257121100372,LOC111336974/LOC111326544/LOC111343646,3
GO:0001664,G protein-coupled receptor binding,4/257,79/8488,0.05063291139240506,1.6722651824853472,1.0607165632015045,0.21698375539464143,0.5936788279414845,0.5085826465568148,LOC111323862/LOC111328749/LOC111323636/LOC111333893,4
GO:0008589,regulation of smoothened signaling pathway,4/257,79/8488,0.05063291139240506,1.6722651824853472,1.0607165632015045,0.21698375539464143,0.5936788279414845,0.5085826465568148,LOC111328024/LOC111344634/LOC111331301/LOC111333767,4
GO:0030324,lung development,5/257,106/8488,0.04716981132075472,1.5578885544380001,1.0212778619081166,0.21794087274197374,0.5936788279414845,0.5085826465568148,LOC111335693/LOC111333893/LOC111328120/LOC111333767/LOC111333334,5
GO:0055088,lipid homeostasis,5/257,106/8488,0.04716981132075472,1.5578885544380001,1.0212778619081166,0.21794087274197374,0.5936788279414845,0.5085826465568148,LOC111320024/LOC111323945/LOC111325671/LOC111342143/LOC111342147,5
GO:0030707,follicle cell of egg chamber development,8/257,190/8488,0.042105263157894736,1.3906205201720254,0.9621936825810773,0.21827408488915553,0.5936788279414845,0.5085826465568148,LOC111342023/LOC111320816/LOC111322288/LOC111323777/LOC111339275/LOC111333893/LOC111333767/LOC111343646,8
GO:0014075,response to amine,2/257,29/8488,0.06896551724137931,2.277740507178317,1.2178660149610143,0.21868222784546704,0.5936788279414845,0.5085826465568148,LOC111324532/LOC111333695,2
GO:0015108,chloride transmembrane transporter activity,2/257,29/8488,0.06896551724137931,2.277740507178317,1.2178660149610143,0.21868222784546704,0.5936788279414845,0.5085826465568148,LOC111336828/LOC111343017,2
GO:0016486,peptide hormone processing,2/257,29/8488,0.06896551724137931,2.277740507178317,1.2178660149610143,0.21868222784546704,0.5936788279414845,0.5085826465568148,LOC111326544/LOC111321502,2
GO:0019829,ATPase-coupled monoatomic cation transmembrane transporter activity,2/257,29/8488,0.06896551724137931,2.277740507178317,1.2178660149610143,0.21868222784546704,0.5936788279414845,0.5085826465568148,LOC111334900/LOC111326058,2
GO:0042307,positive regulation of protein import into nucleus,2/257,29/8488,0.06896551724137931,2.277740507178317,1.2178660149610143,0.21868222784546704,0.5936788279414845,0.5085826465568148,LOC111331301/LOC111333767,2
GO:0045466,R7 cell differentiation,2/257,29/8488,0.06896551724137931,2.277740507178317,1.2178660149610143,0.21868222784546704,0.5936788279414845,0.5085826465568148,LOC111342023/LOC111323777,2
GO:0071867,response to monoamine,2/257,29/8488,0.06896551724137931,2.277740507178317,1.2178660149610143,0.21868222784546704,0.5936788279414845,0.5085826465568148,LOC111320871/LOC111326058,2
GO:2000027,regulation of animal organ morphogenesis,7/257,162/8488,0.043209876543209874,1.4271028486333284,0.9698155290945671,0.22004847143134534,0.5968492354062099,0.511298617117302,LOC111328024/LOC111330631/LOC111323862/LOC111333901/LOC111323127/LOC111333893/LOC111344472,7
GO:0098797,plasma membrane protein complex,8/257,191/8488,0.041884816753926704,1.3833397844643185,0.94679813725085,0.2223306768569861,0.6024961044917244,0.5161360805556205,LOC111335366/LOC111328749/LOC111335693/LOC111333901/LOC111323636/LOC111328517/LOC111334113/LOC111340596,8
GO:0030136,clathrin-coated vesicle,5/257,107/8488,0.04672897196261682,1.543328848321757,0.9993649073783315,0.22345258964524933,0.6044472928533363,0.5178075913021303,LOC111323862/LOC111325671/LOC111326544/LOC111333893/LOC111340596,5
GO:0043473,pigmentation,5/257,107/8488,0.04672897196261682,1.543328848321757,0.9993649073783315,0.22345258964524933,0.6044472928533363,0.5178075913021303,LOC111330589/LOC111325851/LOC111331301/LOC111333767/LOC111334761,5
GO:0035088,establishment or maintenance of apical/basal cell polarity,3/257,54/8488,0.05555555555555555,1.8348465196714223,1.0874369467198663,0.22389625965673696,0.604560097888209,0.5179042271942664,LOC111331622/LOC111333893/LOC111334412,3
GO:1902652,secondary alcohol metabolic process,3/257,54/8488,0.05555555555555555,1.8348465196714223,1.0874369467198663,0.22389625965673696,0.604560097888209,0.5179042271942664,LOC111325671/LOC111340366/LOC111340596,3
GO:0071214,cellular response to abiotic stimulus,8/257,192/8488,0.041666666666666664,1.3761348897535666,0.9314879142040572,0.22641522245099713,0.6108134431682506,0.5232612363087478,LOC111320817/LOC111336828/LOC111320821/LOC111322288/LOC111320842/LOC111327334/LOC111336999/LOC111333695,8
GO:0099512,supramolecular fiber,12/257,309/8488,0.038834951456310676,1.282611159381965,0.8942023445573077,0.2268701815673524,0.6110705868347467,0.52348152175653,LOC111320817/LOC111330205/LOC111320871/LOC111323862/LOC111320821/LOC111320822/LOC111333478/LOC111320842/LOC111340398/LOC111321680/LOC111326058/LOC111335667,12
GO:0050708,regulation of protein secretion,9/257,221/8488,0.04072398190045249,1.3450006162297303,0.9182467517714689,0.22691683693298273,0.6110705868347467,0.52348152175653,LOC111325642/LOC111323945/LOC111328749/LOC111333901/LOC111338776/LOC111340883/LOC111320751/LOC111323527/LOC111323636,9
GO:0006650,glycerophospholipid metabolic process,7/257,164/8488,0.042682926829268296,1.4096991553573124,0.9361346463216964,0.22893312052255935,0.6120843791762518,0.5243500000782001,LOC111346087/LOC111335819/LOC111322288/LOC111331664/LOC111329762/LOC111331303/LOC111338817,7
GO:0009260,ribonucleotide biosynthetic process,5/257,108/8488,0.046296296296296294,1.529038766392852,0.977675489209828,0.22900619146723944,0.6120843791762518,0.5243500000782001,LOC111331664/LOC111346320/LOC111321593/LOC111331622/LOC111341830,5
GO:0005790,smooth endoplasmic reticulum,2/257,30/8488,0.06666666666666667,2.201815823605707,1.1651506094738069,0.22993861318788714,0.6120843791762518,0.5243500000782001,LOC111325671/LOC111334156,2
GO:0006929,substrate-dependent cell migration,2/257,30/8488,0.06666666666666667,2.201815823605707,1.1651506094738069,0.22993861318788714,0.6120843791762518,0.5243500000782001,LOC111322288/LOC111333478,2
GO:0007494,midgut development,2/257,30/8488,0.06666666666666667,2.201815823605707,1.1651506094738069,0.22993861318788714,0.6120843791762518,0.5243500000782001,LOC111335693/LOC111331301,2
GO:0007608,sensory perception of smell,2/257,30/8488,0.06666666666666667,2.201815823605707,1.1651506094738069,0.22993861318788714,0.6120843791762518,0.5243500000782001,LOC111335693/LOC111333893,2
GO:0010812,negative regulation of cell-substrate adhesion,2/257,30/8488,0.06666666666666667,2.201815823605707,1.1651506094738069,0.22993861318788714,0.6120843791762518,0.5243500000782001,LOC111345144/LOC111333893,2
GO:0015294,solute:monoatomic cation symporter activity,2/257,30/8488,0.06666666666666667,2.201815823605707,1.1651506094738069,0.22993861318788714,0.6120843791762518,0.5243500000782001,LOC111336828/LOC111330251,2
GO:0030509,BMP signaling pathway,2/257,30/8488,0.06666666666666667,2.201815823605707,1.1651506094738069,0.22993861318788714,0.6120843791762518,0.5243500000782001,LOC111323862/LOC111343646,2
GO:0035580,specific granule lumen,2/257,30/8488,0.06666666666666667,2.201815823605707,1.1651506094738069,0.22993861318788714,0.6120843791762518,0.5243500000782001,LOC111327418/LOC111325560,2
GO:0043178,alcohol binding,2/257,30/8488,0.06666666666666667,2.201815823605707,1.1651506094738069,0.22993861318788714,0.6120843791762518,0.5243500000782001,LOC111342143/LOC111342147,2
GO:0044295,axonal growth cone,2/257,30/8488,0.06666666666666667,2.201815823605707,1.1651506094738069,0.22993861318788714,0.6120843791762518,0.5243500000782001,LOC111333478/LOC111333901,2
GO:0045879,negative regulation of smoothened signaling pathway,2/257,30/8488,0.06666666666666667,2.201815823605707,1.1651506094738069,0.22993861318788714,0.6120843791762518,0.5243500000782001,LOC111328024/LOC111333767,2
GO:0043010,camera-type eye development,8/257,193/8488,0.04145077720207254,1.36900465716417,0.916261985441497,0.23052708422211585,0.6131082841203577,0.5252271414916837,LOC111322288/LOC111333478/LOC111321759/LOC111320751/LOC111321680/LOC111330961/LOC111326058/LOC111333767,8
GO:0007043,cell-cell junction assembly,3/257,55/8488,0.05454545454545454,1.8014856738592147,1.053667101784168,0.23194312124008265,0.6157854445632556,0.5275205656112997,LOC111335321/LOC111323127/LOC111332138,3
GO:0014033,neural crest cell differentiation,3/257,55/8488,0.05454545454545454,1.8014856738592147,1.053667101784168,0.23194312124008265,0.6157854445632556,0.5275205656112997,LOC111333478/LOC111325851/LOC111344472,3
GO:0098794,postsynapse,9/257,223/8488,0.04035874439461883,1.332937830433948,0.8902490310060246,0.23459706054722201,0.6211942718698887,0.5321541074809237,LOC111332158/LOC111342023/LOC111343017/LOC111336974/LOC111345144/LOC111322311/LOC111330961/LOC111326058/LOC111338912,9
GO:0001525,angiogenesis,5/257,109/8488,0.045871559633027525,1.515010887802092,0.9562048148287068,0.23459996437639413,0.6211942718698887,0.5321541074809237,LOC111333478/LOC111320751/LOC111324368/LOC111344472/LOC111340622,5
GO:0050796,regulation of insulin secretion,5/257,109/8488,0.045871559633027525,1.515010887802092,0.9562048148287068,0.23459996437639413,0.6211942718698887,0.5321541074809237,LOC111325642/LOC111323945/LOC111338776/LOC111340883/LOC111323527,5
GO:0043195,terminal bouton,4/257,82/8488,0.04878048780487805,1.6110847489797855,0.982496564177077,0.23645166797862885,0.6255467170446047,0.535882685934068,LOC111332158/LOC111322311/LOC111330961/LOC111343646,4
GO:0010976,positive regulation of neuron projection development,10/257,253/8488,0.039525691699604744,1.3054244013472571,0.871464202362858,0.23728054955015923,0.626637307328252,0.5368169542061733,LOC111328393/LOC111335693/LOC111333478/LOC111323777/LOC111345144/LOC111320751/LOC111346320/LOC111326544/LOC111333893/LOC111340622,10
GO:0098793,presynapse,10/257,253/8488,0.039525691699604744,1.3054244013472571,0.871464202362858,0.23728054955015923,0.626637307328252,0.5368169542061733,LOC111332158/LOC111323862/LOC111342023/LOC111343017/LOC111336974/LOC111335321/LOC111333478/LOC111322311/LOC111330961/LOC111343646,10
GO:0010453,regulation of cell fate commitment,3/257,56/8488,0.05357142857142857,1.7693162868260142,1.0205892822279043,0.24004212235421427,0.6326295496772494,0.5419502861176885,LOC111333901/LOC111333893/LOC111325851,3
GO:0006939,smooth muscle contraction,2/257,31/8488,0.06451612903225806,2.1307895067152,1.1144788043339273,0.24123207894940327,0.6326295496772494,0.5419502861176885,LOC111328024/LOC111333735,2
GO:0016836,hydro-lyase activity,2/257,31/8488,0.06451612903225806,2.1307895067152,1.1144788043339273,0.24123207894940327,0.6326295496772494,0.5419502861176885,LOC111333012/LOC111341830,2
GO:0030539,male genitalia development,2/257,31/8488,0.06451612903225806,2.1307895067152,1.1144788043339273,0.24123207894940327,0.6326295496772494,0.5419502861176885,LOC111332158/LOC111339275,2
GO:0048566,embryonic digestive tract development,2/257,31/8488,0.06451612903225806,2.1307895067152,1.1144788043339273,0.24123207894940327,0.6326295496772494,0.5419502861176885,LOC111326654/LOC111333767,2
GO:0051931,regulation of sensory perception,2/257,31/8488,0.06451612903225806,2.1307895067152,1.1144788043339273,0.24123207894940327,0.6326295496772494,0.5419502861176885,LOC111345835/LOC111332158,2
GO:0097110,scaffold protein binding,2/257,31/8488,0.06451612903225806,2.1307895067152,1.1144788043339273,0.24123207894940327,0.6326295496772494,0.5419502861176885,LOC111336974/LOC111326058,2
GO:1904591,positive regulation of protein import,2/257,31/8488,0.06451612903225806,2.1307895067152,1.1144788043339273,0.24123207894940327,0.6326295496772494,0.5419502861176885,LOC111331301/LOC111333767,2
GO:0042177,negative regulation of protein catabolic process,4/257,83/8488,0.04819277108433735,1.591674089353523,0.9571281738688318,0.24303271796374282,0.6359219921962482,0.5447707995858116,LOC111327625/LOC111326819/LOC111326544/LOC111325220,4
GO:0048762,mesenchymal cell differentiation,4/257,83/8488,0.04819277108433735,1.591674089353523,0.9571281738688318,0.24303271796374282,0.6359219921962482,0.5447707995858116,LOC111333478/LOC111325851/LOC111324368/LOC111344472,4
GO:0006470,protein dephosphorylation,5/257,111/8488,0.04504504504504504,1.4877133943281802,0.9139012610582987,0.24590115057201348,0.6359219921962482,0.5447707995858116,LOC111342023/LOC111323127/LOC111323777/LOC111345144/LOC111324410,5
GO:0046390,ribose phosphate biosynthetic process,5/257,111/8488,0.04504504504504504,1.4877133943281802,0.9139012610582987,0.24590115057201348,0.6359219921962482,0.5447707995858116,LOC111331664/LOC111346320/LOC111321593/LOC111331622/LOC111341830,5
GO:0050730,regulation of peptidyl-tyrosine phosphorylation,5/257,111/8488,0.04504504504504504,1.4877133943281802,0.9139012610582987,0.24590115057201348,0.6359219921962482,0.5447707995858116,LOC111322288/LOC111336974/LOC111333478/LOC111323127/LOC111345144,5
GO:0005543,phospholipid binding,9/257,226/8488,0.03982300884955752,1.3152439654281878,0.8487421450368973,0.2462919348118635,0.6359219921962482,0.5447707995858116,LOC111335366/LOC111335819/LOC111325671/LOC111340366/LOC111333613/LOC111331303/LOC111321894/LOC111333893/LOC111325968,9
GO:0043207,response to external biotic stimulus,16/257,436/8488,0.03669724770642202,1.2120087102416737,0.8030866886635862,0.24741854329615756,0.6359219921962482,0.5447707995858116,LOC111332158/LOC111321843/LOC111328749/LOC111333170/LOC111325671/LOC111322161/LOC111339275/LOC111327334/LOC111329755/LOC111331589/LOC111323636/LOC111322256/LOC111331303/LOC111324532/LOC111329754/LOC111322259,16
GO:0051707,response to other organism,16/257,436/8488,0.03669724770642202,1.2120087102416737,0.8030866886635862,0.24741854329615756,0.6359219921962482,0.5447707995858116,LOC111332158/LOC111321843/LOC111328749/LOC111333170/LOC111325671/LOC111322161/LOC111339275/LOC111327334/LOC111329755/LOC111331589/LOC111323636/LOC111322256/LOC111331303/LOC111324532/LOC111329754/LOC111322259,16
GO:0006865,amino acid transport,3/257,57/8488,0.05263157894736842,1.7382756502150316,0.9881748349476334,0.2481880816236568,0.6359219921962482,0.5447707995858116,LOC111336828/LOC111330589/LOC111342077,3
GO:0016052,carbohydrate catabolic process,3/257,57/8488,0.05263157894736842,1.7382756502150316,0.9881748349476334,0.2481880816236568,0.6359219921962482,0.5447707995858116,LOC111336425/LOC111337168/LOC111329016,3
GO:0060113,inner ear receptor cell differentiation,3/257,57/8488,0.05263157894736842,1.7382756502150316,0.9881748349476334,0.2481880816236568,0.6359219921962482,0.5447707995858116,LOC111329099/LOC111333893/LOC111326058,3
GO:1904064,positive regulation of cation transmembrane transport,3/257,57/8488,0.05263157894736842,1.7382756502150316,0.9881748349476334,0.2481880816236568,0.6359219921962482,0.5447707995858116,LOC111320952/LOC111323945/LOC111327334,3
GO:0022604,regulation of cell morphogenesis,13/257,346/8488,0.03757225433526012,1.2409077618587077,0.8084267122148325,0.24974496818263917,0.6359219921962482,0.5447707995858116,LOC111332158/LOC111324192/LOC111342023/LOC111336974/LOC111333478/LOC111333901/LOC111323777/LOC111345144/LOC111327334/LOC111326544/LOC111333893/LOC111325968/LOC111340622,13
GO:0002521,leukocyte differentiation,6/257,140/8488,0.04285714285714286,1.4154530294608116,0.8758144165467804,0.25018168477466546,0.6359219921962482,0.5447707995858116,LOC111329099/LOC111326654/LOC111340883/LOC111323527/LOC111333893/LOC111333767,6
GO:0030323,respiratory tube development,5/257,112/8488,0.044642857142857144,1.4744302390216788,0.8930595130283251,0.2516051232512828,0.6359219921962482,0.5447707995858116,LOC111335693/LOC111333893/LOC111328120/LOC111333767/LOC111333334,5
GO:0006821,chloride transport,2/257,32/8488,0.0625,2.0642023346303504,1.0656978049725059,0.25255011604472694,0.6359219921962482,0.5447707995858116,LOC111336828/LOC111343017,2
GO:0015036,disulfide oxidoreductase activity,2/257,32/8488,0.0625,2.0642023346303504,1.0656978049725059,0.25255011604472694,0.6359219921962482,0.5447707995858116,LOC111322266/LOC111322261,2
GO:0060795,cell fate commitment involved in formation of primary germ layer,2/257,32/8488,0.0625,2.0642023346303504,1.0656978049725059,0.25255011604472694,0.6359219921962482,0.5447707995858116,LOC111324192/LOC111326654,2
GO:0140359,ABC-type transporter activity,2/257,32/8488,0.0625,2.0642023346303504,1.0656978049725059,0.25255011604472694,0.6359219921962482,0.5447707995858116,LOC111334900/LOC111334761,2
GO:1902742,apoptotic process involved in development,2/257,32/8488,0.0625,2.0642023346303504,1.0656978049725059,0.25255011604472694,0.6359219921962482,0.5447707995858116,LOC111329099/LOC111338817,2
GO:0007635,chemosensory behavior,4/257,85/8488,0.047058823529411764,1.5542229343099108,0.9073903083860768,0.2563158695401832,0.6359219921962482,0.5447707995858116,LOC111332158/LOC111343017/LOC111321502/LOC111340622,4
GO:0022409,positive regulation of cell-cell adhesion,4/257,85/8488,0.047058823529411764,1.5542229343099108,0.9073903083860768,0.2563158695401832,0.6359219921962482,0.5447707995858116,LOC111335693/LOC111323127/LOC111333767/LOC111325968,4
GO:1901699,cellular response to nitrogen compound,14/257,379/8488,0.036939313984168866,1.2200034906522388,0.7742529847312353,0.25850506531271156,0.6359219921962482,0.5447707995858116,LOC111320817/LOC111325642/LOC111320871/LOC111320821/LOC111320822/LOC111322288/LOC111320842/LOC111339275/LOC111320751/LOC111323527/LOC111346320/LOC111333893/LOC111326058/LOC111340596,14
GO:0001894,tissue homeostasis,6/257,142/8488,0.04225352112676056,1.3955170712993918,0.8398226379864896,0.26038883301057325,0.6359219921962482,0.5447707995858116,LOC111320817/LOC111320821/LOC111335693/LOC111320842/LOC111331303/LOC111332138,6
GO:0051963,regulation of synapse assembly,6/257,142/8488,0.04225352112676056,1.3955170712993918,0.8398226379864896,0.26038883301057325,0.6359219921962482,0.5447707995858116,LOC111330631/LOC111332158/LOC111331664/LOC111323777/LOC111326544/LOC111343646,6
GO:2001234,negative regulation of apoptotic signaling pathway,6/257,142/8488,0.04225352112676056,1.3955170712993918,0.8398226379864896,0.26038883301057325,0.6359219921962482,0.5447707995858116,LOC111320817/LOC111320821/LOC111335693/LOC111333478/LOC111320842/LOC111338776,6
GO:0007611,learning or memory,9/257,230/8488,0.0391304347826087,1.2923701573337847,0.7942859530166284,0.26218878946976537,0.6359219921962482,0.5447707995858116,LOC111332158/LOC111335693/LOC111345144/LOC111321759/LOC111322311/LOC111330961/LOC111334761/LOC111321502/LOC111329016,9
GO:1903531,negative regulation of secretion by cell,4/257,86/8488,0.046511627906976744,1.5361505746086326,0.8830026860909183,0.26301251309448115,0.6359219921962482,0.5447707995858116,LOC111325642/LOC111328749/LOC111333901/LOC111323636,4
GO:0001754,eye photoreceptor cell differentiation,5/257,114/8488,0.043859649122807015,1.4485630418458595,0.8519748946347758,0.26311122929713304,0.6359219921962482,0.5447707995858116,LOC111342023/LOC111322288/LOC111323777/LOC111340398/LOC111333893,5
GO:0007291,sperm individualization,2/257,33/8488,0.06060606060606061,2.001650748732461,1.0186707730437332,0.2638809332960773,0.6359219921962482,0.5447707995858116,LOC111342143/LOC111342147,2
GO:0008355,olfactory learning,2/257,33/8488,0.06060606060606061,2.001650748732461,1.0186707730437332,0.2638809332960773,0.6359219921962482,0.5447707995858116,LOC111332158/LOC111321502,2
GO:0033116,endoplasmic reticulum-Golgi intermediate compartment membrane,2/257,33/8488,0.06060606060606061,2.001650748732461,1.0186707730437332,0.2638809332960773,0.6359219921962482,0.5447707995858116,LOC111321489/LOC111344752,2
GO:0040036,regulation of fibroblast growth factor receptor signaling pathway,2/257,33/8488,0.06060606060606061,2.001650748732461,1.0186707730437332,0.2638809332960773,0.6359219921962482,0.5447707995858116,LOC111328024/LOC111322288,2
GO:0046717,acid secretion,2/257,33/8488,0.06060606060606061,2.001650748732461,1.0186707730437332,0.2638809332960773,0.6359219921962482,0.5447707995858116,LOC111331303/LOC111334900,2
GO:0048069,eye pigmentation,2/257,33/8488,0.06060606060606061,2.001650748732461,1.0186707730437332,0.2638809332960773,0.6359219921962482,0.5447707995858116,LOC111330589/LOC111334761,2
GO:0060071,"Wnt signaling pathway, planar cell polarity pathway",2/257,33/8488,0.06060606060606061,2.001650748732461,1.0186707730437332,0.2638809332960773,0.6359219921962482,0.5447707995858116,LOC111323862/LOC111333893,2
GO:0071277,cellular response to calcium ion,2/257,33/8488,0.06060606060606061,2.001650748732461,1.0186707730437332,0.2638809332960773,0.6359219921962482,0.5447707995858116,LOC111325642/LOC111323527,2
GO:1902476,chloride transmembrane transport,2/257,33/8488,0.06060606060606061,2.001650748732461,1.0186707730437332,0.2638809332960773,0.6359219921962482,0.5447707995858116,LOC111336828/LOC111343017,2
GO:0006022,aminoglycan metabolic process,3/257,59/8488,0.05084745762711865,1.679351051902658,0.9252297591737781,0.264600668578537,0.6359219921962482,0.5447707995858116,LOC111328024/LOC111336425/LOC111337168,3
GO:0015291,secondary active transmembrane transporter activity,3/257,59/8488,0.05084745762711865,1.679351051902658,0.9252297591737781,0.264600668578537,0.6359219921962482,0.5447707995858116,LOC111336828/LOC111330589/LOC111330251,3
GO:0051897,positive regulation of phosphatidylinositol 3-kinase/protein kinase B signal transduction,3/257,59/8488,0.05084745762711865,1.679351051902658,0.9252297591737781,0.264600668578537,0.6359219921962482,0.5447707995858116,LOC111322288/LOC111338817/LOC111340622,3
GO:0000164,protein phosphatase type 1 complex,1/257,10/8488,0.1,3.3027237354085606,1.2873970015476623,0.26480869368350424,0.6359219921962482,0.5447707995858116,LOC111324410,1
GO:0001504,neurotransmitter uptake,1/257,10/8488,0.1,3.3027237354085606,1.2873970015476623,0.26480869368350424,0.6359219921962482,0.5447707995858116,LOC111334761,1
GO:0002121,inter-male aggressive behavior,1/257,10/8488,0.1,3.3027237354085606,1.2873970015476623,0.26480869368350424,0.6359219921962482,0.5447707995858116,LOC111343017,1
GO:0002251,organ or tissue specific immune response,1/257,10/8488,0.1,3.3027237354085606,1.2873970015476623,0.26480869368350424,0.6359219921962482,0.5447707995858116,LOC111333767,1
GO:0002385,mucosal immune response,1/257,10/8488,0.1,3.3027237354085606,1.2873970015476623,0.26480869368350424,0.6359219921962482,0.5447707995858116,LOC111333767,1
GO:0003215,cardiac right ventricle morphogenesis,1/257,10/8488,0.1,3.3027237354085606,1.2873970015476623,0.26480869368350424,0.6359219921962482,0.5447707995858116,LOC111340883,1
GO:0003266,regulation of secondary heart field cardioblast proliferation,1/257,10/8488,0.1,3.3027237354085606,1.2873970015476623,0.26480869368350424,0.6359219921962482,0.5447707995858116,LOC111344472,1
GO:0004508,steroid 17-alpha-monooxygenase activity,1/257,10/8488,0.1,3.3027237354085606,1.2873970015476623,0.26480869368350424,0.6359219921962482,0.5447707995858116,LOC111332887,1
GO:0005042,netrin receptor activity,1/257,10/8488,0.1,3.3027237354085606,1.2873970015476623,0.26480869368350424,0.6359219921962482,0.5447707995858116,LOC111333901,1
GO:0006655,phosphatidylglycerol biosynthetic process,1/257,10/8488,0.1,3.3027237354085606,1.2873970015476623,0.26480869368350424,0.6359219921962482,0.5447707995858116,LOC111331664,1
GO:0006825,copper ion transport,1/257,10/8488,0.1,3.3027237354085606,1.2873970015476623,0.26480869368350424,0.6359219921962482,0.5447707995858116,LOC111328120,1
GO:0007158,neuron cell-cell adhesion,1/257,10/8488,0.1,3.3027237354085606,1.2873970015476623,0.26480869368350424,0.6359219921962482,0.5447707995858116,LOC111332158,1
GO:0007522,visceral muscle development,1/257,10/8488,0.1,3.3027237354085606,1.2873970015476623,0.26480869368350424,0.6359219921962482,0.5447707995858116,LOC111324192,1
GO:0008074,"guanylate cyclase complex, soluble",1/257,10/8488,0.1,3.3027237354085606,1.2873970015476623,0.26480869368350424,0.6359219921962482,0.5447707995858116,LOC111321593,1
GO:0008305,integrin complex,1/257,10/8488,0.1,3.3027237354085606,1.2873970015476623,0.26480869368350424,0.6359219921962482,0.5447707995858116,LOC111335693,1
GO:0008343,adult feeding behavior,1/257,10/8488,0.1,3.3027237354085606,1.2873970015476623,0.26480869368350424,0.6359219921962482,0.5447707995858116,LOC111323945,1
GO:0009786,regulation of asymmetric cell division,1/257,10/8488,0.1,3.3027237354085606,1.2873970015476623,0.26480869368350424,0.6359219921962482,0.5447707995858116,LOC111341087,1
GO:0010640,regulation of platelet-derived growth factor receptor signaling pathway,1/257,10/8488,0.1,3.3027237354085606,1.2873970015476623,0.26480869368350424,0.6359219921962482,0.5447707995858116,LOC111340596,1
GO:0014029,neural crest formation,1/257,10/8488,0.1,3.3027237354085606,1.2873970015476623,0.26480869368350424,0.6359219921962482,0.5447707995858116,LOC111325851,1
GO:0015216,purine nucleotide transmembrane transporter activity,1/257,10/8488,0.1,3.3027237354085606,1.2873970015476623,0.26480869368350424,0.6359219921962482,0.5447707995858116,LOC111334761,1
GO:0015868,purine ribonucleotide transport,1/257,10/8488,0.1,3.3027237354085606,1.2873970015476623,0.26480869368350424,0.6359219921962482,0.5447707995858116,LOC111334761,1
GO:0019082,viral protein processing,1/257,10/8488,0.1,3.3027237354085606,1.2873970015476623,0.26480869368350424,0.6359219921962482,0.5447707995858116,LOC111326544,1
GO:0030275,LRR domain binding,1/257,10/8488,0.1,3.3027237354085606,1.2873970015476623,0.26480869368350424,0.6359219921962482,0.5447707995858116,LOC111332158,1
GO:0030540,female genitalia development,1/257,10/8488,0.1,3.3027237354085606,1.2873970015476623,0.26480869368350424,0.6359219921962482,0.5447707995858116,LOC111331622,1
GO:0032303,regulation of icosanoid secretion,1/257,10/8488,0.1,3.3027237354085606,1.2873970015476623,0.26480869368350424,0.6359219921962482,0.5447707995858116,LOC111331664,1
GO:0032804,negative regulation of low-density lipoprotein particle receptor catabolic process,1/257,10/8488,0.1,3.3027237354085606,1.2873970015476623,0.26480869368350424,0.6359219921962482,0.5447707995858116,LOC111326544,1
GO:0032902,nerve growth factor production,1/257,10/8488,0.1,3.3027237354085606,1.2873970015476623,0.26480869368350424,0.6359219921962482,0.5447707995858116,LOC111326544,1
GO:0032911,negative regulation of transforming growth factor beta1 production,1/257,10/8488,0.1,3.3027237354085606,1.2873970015476623,0.26480869368350424,0.6359219921962482,0.5447707995858116,LOC111326544,1
GO:0032925,regulation of activin receptor signaling pathway,1/257,10/8488,0.1,3.3027237354085606,1.2873970015476623,0.26480869368350424,0.6359219921962482,0.5447707995858116,LOC111331301,1
GO:0033333,fin development,1/257,10/8488,0.1,3.3027237354085606,1.2873970015476623,0.26480869368350424,0.6359219921962482,0.5447707995858116,LOC111327880,1
GO:0033643,host cell part,1/257,10/8488,0.1,3.3027237354085606,1.2873970015476623,0.26480869368350424,0.6359219921962482,0.5447707995858116,LOC111344518,1
GO:0034755,iron ion transmembrane transport,1/257,10/8488,0.1,3.3027237354085606,1.2873970015476623,0.26480869368350424,0.6359219921962482,0.5447707995858116,LOC111329754,1
GO:0035666,TRIF-dependent toll-like receptor signaling pathway,1/257,10/8488,0.1,3.3027237354085606,1.2873970015476623,0.26480869368350424,0.6359219921962482,0.5447707995858116,LOC111334113,1
GO:0035864,response to potassium ion,1/257,10/8488,0.1,3.3027237354085606,1.2873970015476623,0.26480869368350424,0.6359219921962482,0.5447707995858116,LOC111324621,1
GO:0035886,vascular associated smooth muscle cell differentiation,1/257,10/8488,0.1,3.3027237354085606,1.2873970015476623,0.26480869368350424,0.6359219921962482,0.5447707995858116,LOC111322288,1
GO:0042339,keratan sulfate proteoglycan metabolic process,1/257,10/8488,0.1,3.3027237354085606,1.2873970015476623,0.26480869368350424,0.6359219921962482,0.5447707995858116,LOC111336425,1
GO:0042554,superoxide anion generation,1/257,10/8488,0.1,3.3027237354085606,1.2873970015476623,0.26480869368350424,0.6359219921962482,0.5447707995858116,LOC111335366,1
GO:0043657,host cell,1/257,10/8488,0.1,3.3027237354085606,1.2873970015476623,0.26480869368350424,0.6359219921962482,0.5447707995858116,LOC111344518,1
GO:0044233,mitochondria-associated endoplasmic reticulum membrane contact site,1/257,10/8488,0.1,3.3027237354085606,1.2873970015476623,0.26480869368350424,0.6359219921962482,0.5447707995858116,LOC111331664,1
GO:0045019,negative regulation of nitric oxide biosynthetic process,1/257,10/8488,0.1,3.3027237354085606,1.2873970015476623,0.26480869368350424,0.6359219921962482,0.5447707995858116,LOC111326058,1
GO:0045200,establishment of neuroblast polarity,1/257,10/8488,0.1,3.3027237354085606,1.2873970015476623,0.26480869368350424,0.6359219921962482,0.5447707995858116,LOC111323862,1
GO:0046339,diacylglycerol metabolic process,1/257,10/8488,0.1,3.3027237354085606,1.2873970015476623,0.26480869368350424,0.6359219921962482,0.5447707995858116,LOC111323127,1
GO:0048036,central complex development,1/257,10/8488,0.1,3.3027237354085606,1.2873970015476623,0.26480869368350424,0.6359219921962482,0.5447707995858116,LOC111340622,1
GO:0048712,negative regulation of astrocyte differentiation,1/257,10/8488,0.1,3.3027237354085606,1.2873970015476623,0.26480869368350424,0.6359219921962482,0.5447707995858116,LOC111327334,1
GO:0051400,BH domain binding,1/257,10/8488,0.1,3.3027237354085606,1.2873970015476623,0.26480869368350424,0.6359219921962482,0.5447707995858116,LOC111340887,1
GO:0051693,actin filament capping,1/257,10/8488,0.1,3.3027237354085606,1.2873970015476623,0.26480869368350424,0.6359219921962482,0.5447707995858116,LOC111321894,1
GO:0060019,radial glial cell differentiation,1/257,10/8488,0.1,3.3027237354085606,1.2873970015476623,0.26480869368350424,0.6359219921962482,0.5447707995858116,LOC111333767,1
GO:0060413,atrial septum morphogenesis,1/257,10/8488,0.1,3.3027237354085606,1.2873970015476623,0.26480869368350424,0.6359219921962482,0.5447707995858116,LOC111340883,1
GO:0060857,establishment of glial blood-brain barrier,1/257,10/8488,0.1,3.3027237354085606,1.2873970015476623,0.26480869368350424,0.6359219921962482,0.5447707995858116,LOC111335321,1
GO:0070886,positive regulation of calcineurin-NFAT signaling cascade,1/257,10/8488,0.1,3.3027237354085606,1.2873970015476623,0.26480869368350424,0.6359219921962482,0.5447707995858116,LOC111336828,1
GO:0071294,cellular response to zinc ion,1/257,10/8488,0.1,3.3027237354085606,1.2873970015476623,0.26480869368350424,0.6359219921962482,0.5447707995858116,LOC111323945,1
GO:0071715,icosanoid transport,1/257,10/8488,0.1,3.3027237354085606,1.2873970015476623,0.26480869368350424,0.6359219921962482,0.5447707995858116,LOC111331303,1
GO:0072015,podocyte development,1/257,10/8488,0.1,3.3027237354085606,1.2873970015476623,0.26480869368350424,0.6359219921962482,0.5447707995858116,LOC111321759,1
GO:0072235,metanephric distal tubule development,1/257,10/8488,0.1,3.3027237354085606,1.2873970015476623,0.26480869368350424,0.6359219921962482,0.5447707995858116,LOC111330961,1
GO:0072530,purine-containing compound transmembrane transport,1/257,10/8488,0.1,3.3027237354085606,1.2873970015476623,0.26480869368350424,0.6359219921962482,0.5447707995858116,LOC111334761,1
GO:0090472,dibasic protein processing,1/257,10/8488,0.1,3.3027237354085606,1.2873970015476623,0.26480869368350424,0.6359219921962482,0.5447707995858116,LOC111326544,1
GO:0098636,protein complex involved in cell adhesion,1/257,10/8488,0.1,3.3027237354085606,1.2873970015476623,0.26480869368350424,0.6359219921962482,0.5447707995858116,LOC111335693,1
GO:1904251,regulation of bile acid metabolic process,1/257,10/8488,0.1,3.3027237354085606,1.2873970015476623,0.26480869368350424,0.6359219921962482,0.5447707995858116,LOC111320024,1
GO:1904886,beta-catenin destruction complex disassembly,1/257,10/8488,0.1,3.3027237354085606,1.2873970015476623,0.26480869368350424,0.6359219921962482,0.5447707995858116,LOC111333893,1
GO:1905910,negative regulation of dauer entry,1/257,10/8488,0.1,3.3027237354085606,1.2873970015476623,0.26480869368350424,0.6359219921962482,0.5447707995858116,LOC111326544,1
GO:1990573,potassium ion import across plasma membrane,1/257,10/8488,0.1,3.3027237354085606,1.2873970015476623,0.26480869368350424,0.6359219921962482,0.5447707995858116,LOC111336828,1
GO:1990909,Wnt signalosome,1/257,10/8488,0.1,3.3027237354085606,1.2873970015476623,0.26480869368350424,0.6359219921962482,0.5447707995858116,LOC111333893,1
GO:2000288,positive regulation of myoblast proliferation,1/257,10/8488,0.1,3.3027237354085606,1.2873970015476623,0.26480869368350424,0.6359219921962482,0.5447707995858116,LOC111325851,1
GO:0016791,phosphatase activity,6/257,143/8488,0.04195804195804196,1.3857582106609345,0.822029472447772,0.26553387751062857,0.6359219921962482,0.5447707995858116,LOC111342023/LOC111323127/LOC111323777/LOC111345144/LOC111324410/LOC111333580,6
GO:0007420,brain development,17/257,474/8488,0.035864978902953586,1.1845211709271208,0.7305131962181189,0.2684467628216883,0.6359219921962482,0.5447707995858116,LOC111332158/LOC111325642/LOC111329099/LOC111342023/LOC111320822/LOC111333478/LOC111331664/LOC111345144/LOC111321759/LOC111320751/LOC111335662/LOC111333893/LOC111331301/LOC111326058/LOC111333767/LOC111321502/LOC111340622,17
GO:0008582,regulation of synaptic assembly at neuromuscular junction,5/257,115/8488,0.043478260869565216,1.4359668414819828,0.8317239274890685,0.2689099304585162,0.6359219921962482,0.5447707995858116,LOC111330631/LOC111332158/LOC111331664/LOC111326544/LOC111343646,5
GO:1904813,ficolin-1-rich granule lumen,4/257,87/8488,0.04597701149425287,1.5184936714522115,0.8589244308316724,0.26974226699108916,0.6359219921962482,0.5447707995858116,LOC111329755/LOC111336425/LOC111333695/LOC111322259,4
GO:0030097,hemopoiesis,12/257,322/8488,0.037267080745341616,1.230828721270271,0.746157408961775,0.2701680463412828,0.6359219921962482,0.5447707995858116,LOC111327880/LOC111343122/LOC111329099/LOC111322288/LOC111326654/LOC111340398/LOC111345144/LOC111340883/LOC111339275/LOC111323527/LOC111333893/LOC111333767,12
GO:0008654,phospholipid biosynthetic process,6/257,144/8488,0.041666666666666664,1.3761348897535666,0.8043685468814045,0.2707049776193753,0.6359219921962482,0.5447707995858116,LOC111346087/LOC111331664/LOC111329762/LOC111346320/LOC111331303/LOC111338817,6
GO:0010811,positive regulation of cell-substrate adhesion,3/257,60/8488,0.05,1.6513618677042803,0.8946497686431447,0.27285746253303456,0.6359219921962482,0.5447707995858116,LOC111335693/LOC111333478/LOC111331622,3
GO:0035725,sodium ion transmembrane transport,3/257,60/8488,0.05,1.6513618677042803,0.8946497686431447,0.27285746253303456,0.6359219921962482,0.5447707995858116,LOC111336828/LOC111330251/LOC111334900,3
GO:0052689,carboxylic ester hydrolase activity,3/257,60/8488,0.05,1.6513618677042803,0.8946497686431447,0.27285746253303456,0.6359219921962482,0.5447707995858116,LOC111335819/LOC111341498/LOC111331303,3
GO:2001023,regulation of response to drug,3/257,60/8488,0.05,1.6513618677042803,0.8946497686431447,0.27285746253303456,0.6359219921962482,0.5447707995858116,LOC111328749/LOC111333875/LOC111323636,3
GO:0010817,regulation of hormone levels,11/257,293/8488,0.03754266211604096,1.2399304126107225,0.7385195459446982,0.27439812181060924,0.6359219921962482,0.5447707995858116,LOC111325642/LOC111323945/LOC111330589/LOC111338776/LOC111340883/LOC111342143/LOC111323527/LOC111331622/LOC111326544/LOC111321502/LOC111342147,11
GO:0001960,negative regulation of cytokine-mediated signaling pathway,2/257,34/8488,0.058823529411764705,1.9427786678873884,0.9732747263795563,0.27521342571260343,0.6359219921962482,0.5447707995858116,LOC111336303/LOC111322400,2
GO:0014911,positive regulation of smooth muscle cell migration,2/257,34/8488,0.058823529411764705,1.9427786678873884,0.9732747263795563,0.27521342571260343,0.6359219921962482,0.5447707995858116,LOC111322288/LOC111333478,2
GO:0022853,active monoatomic ion transmembrane transporter activity,2/257,34/8488,0.058823529411764705,1.9427786678873884,0.9732747263795563,0.27521342571260343,0.6359219921962482,0.5447707995858116,LOC111334900/LOC111326058,2
GO:0043550,regulation of lipid kinase activity,2/257,34/8488,0.058823529411764705,1.9427786678873884,0.9732747263795563,0.27521342571260343,0.6359219921962482,0.5447707995858116,LOC111322288/LOC111327334,2
GO:0045296,cadherin binding,2/257,34/8488,0.058823529411764705,1.9427786678873884,0.9732747263795563,0.27521342571260343,0.6359219921962482,0.5447707995858116,LOC111333901/LOC111334412,2
GO:0048149,behavioral response to ethanol,2/257,34/8488,0.058823529411764705,1.9427786678873884,0.9732747263795563,0.27521342571260343,0.6359219921962482,0.5447707995858116,LOC111332158/LOC111324410,2
GO:0050974,detection of mechanical stimulus involved in sensory perception,2/257,34/8488,0.058823529411764705,1.9427786678873884,0.9732747263795563,0.27521342571260343,0.6359219921962482,0.5447707995858116,LOC111336828/LOC111326058,2
GO:0012506,vesicle membrane,13/257,354/8488,0.03672316384180791,1.2128646485963641,0.7228870604933733,0.27575836516962166,0.6359219921962482,0.5447707995858116,LOC111323862/LOC111342023/LOC111343017/LOC111325671/LOC111340366/LOC111330251/LOC111323527/LOC111330961/LOC111326544/LOC111333893/LOC111321502/LOC111328842/LOC111340596,13
GO:0001503,ossification,4/257,88/8488,0.045454545454545456,1.5012380615493455,0.8351473294558027,0.2765024613885982,0.6359219921962482,0.5447707995858116,LOC111320817/LOC111320821/LOC111320842/LOC111333893,4
GO:0071236,cellular response to antibiotic,4/257,88/8488,0.045454545454545456,1.5012380615493455,0.8351473294558027,0.2765024613885982,0.6359219921962482,0.5447707995858116,LOC111322288/LOC111323527/LOC111331303/LOC111336999,4
GO:0009952,anterior/posterior pattern specification,8/257,204/8488,0.0392156862745098,1.2951857785915923,0.7540633459486956,0.2773721886658,0.6359219921962482,0.5447707995858116,LOC111327880/LOC111323862/LOC111336934/LOC111341087/LOC111338776/LOC111333767/LOC111343646/LOC111344472,8
GO:0043565,sequence-specific DNA binding,13/257,355/8488,0.036619718309859155,1.2094481284594727,0.712332298172911,0.2790729876888471,0.6359219921962482,0.5447707995858116,LOC111330631/LOC111328662/LOC111328602/LOC111341087/LOC111326654/LOC111338776/LOC111340883/LOC111325851/LOC111332020/LOC111331301/LOC111333767/LOC111344472/LOC111333334,13
GO:0030165,PDZ domain binding,3/257,61/8488,0.04918032786885246,1.624290361676341,0.8646342053355095,0.28114155256757434,0.6359219921962482,0.5447707995858116,LOC111322311/LOC111333893/LOC111326058,3
GO:0030175,filopodium,3/257,61/8488,0.04918032786885246,1.624290361676341,0.8646342053355095,0.28114155256757434,0.6359219921962482,0.5447707995858116,LOC111335693/LOC111345144/LOC111325968,3
GO:0042490,mechanoreceptor differentiation,3/257,61/8488,0.04918032786885246,1.624290361676341,0.8646342053355095,0.28114155256757434,0.6359219921962482,0.5447707995858116,LOC111329099/LOC111333893/LOC111326058,3
GO:0048103,somatic stem cell division,3/257,61/8488,0.04918032786885246,1.624290361676341,0.8646342053355095,0.28114155256757434,0.6359219921962482,0.5447707995858116,LOC111323862/LOC111335662/LOC111333893,3
GO:0071902,positive regulation of protein serine/threonine kinase activity,7/257,176/8488,0.03977272727272727,1.3135833038556772,0.7428033607318699,0.2845454338216797,0.6359219921962482,0.5447707995858116,LOC111323862/LOC111322288/LOC111323945/LOC111328749/LOC111346320/LOC111323636/LOC111326058,7
GO:0005496,steroid binding,2/257,35/8488,0.05714285714285714,1.8872707059477487,0.92939876859136,0.28653714402054253,0.6359219921962482,0.5447707995858116,LOC111342143/LOC111342147,2
GO:0007450,"dorsal/ventral pattern formation, imaginal disc",2/257,35/8488,0.05714285714285714,1.8872707059477487,0.92939876859136,0.28653714402054253,0.6359219921962482,0.5447707995858116,LOC111328024/LOC111329099,2
GO:0010043,response to zinc ion,2/257,35/8488,0.05714285714285714,1.8872707059477487,0.92939876859136,0.28653714402054253,0.6359219921962482,0.5447707995858116,LOC111323945/LOC111325560,2
GO:0010172,embryonic body morphogenesis,2/257,35/8488,0.05714285714285714,1.8872707059477487,0.92939876859136,0.28653714402054253,0.6359219921962482,0.5447707995858116,LOC111336303/LOC111322400,2
GO:0016242,negative regulation of macroautophagy,2/257,35/8488,0.05714285714285714,1.8872707059477487,0.92939876859136,0.28653714402054253,0.6359219921962482,0.5447707995858116,LOC111342143/LOC111342147,2
GO:0032890,regulation of organic acid transport,2/257,35/8488,0.05714285714285714,1.8872707059477487,0.92939876859136,0.28653714402054253,0.6359219921962482,0.5447707995858116,LOC111331664/LOC111346320,2
GO:0046579,positive regulation of Ras protein signal transduction,2/257,35/8488,0.05714285714285714,1.8872707059477487,0.92939876859136,0.28653714402054253,0.6359219921962482,0.5447707995858116,LOC111320822/LOC111327558,2
GO:0046688,response to copper ion,2/257,35/8488,0.05714285714285714,1.8872707059477487,0.92939876859136,0.28653714402054253,0.6359219921962482,0.5447707995858116,LOC111328120/LOC111324368,2
GO:0046906,tetrapyrrole binding,2/257,35/8488,0.05714285714285714,1.8872707059477487,0.92939876859136,0.28653714402054253,0.6359219921962482,0.5447707995858116,LOC111336303/LOC111322400,2
GO:0048146,positive regulation of fibroblast proliferation,2/257,35/8488,0.05714285714285714,1.8872707059477487,0.92939876859136,0.28653714402054253,0.6359219921962482,0.5447707995858116,LOC111322288/LOC111345144,2
GO:0050832,defense response to fungus,2/257,35/8488,0.05714285714285714,1.8872707059477487,0.92939876859136,0.28653714402054253,0.6359219921962482,0.5447707995858116,LOC111333170/LOC111322259,2
GO:0051057,positive regulation of small GTPase mediated signal transduction,2/257,35/8488,0.05714285714285714,1.8872707059477487,0.92939876859136,0.28653714402054253,0.6359219921962482,0.5447707995858116,LOC111320822/LOC111327558,2
GO:0001817,regulation of cytokine production,9/257,236/8488,0.038135593220338986,1.2595132889269933,0.7144195911410679,0.2866143452405764,0.6359219921962482,0.5447707995858116,LOC111328024/LOC111325642/LOC111342023/LOC111328749/LOC111333170/LOC111327334/LOC111323636/LOC111326544/LOC111334113,9
GO:0000303,response to superoxide,1/257,11/8488,0.09090909090909091,3.002476123098691,1.1742483518933853,0.2870951015300881,0.6359219921962482,0.5447707995858116,LOC111333170,1
GO:0001530,lipopolysaccharide binding,1/257,11/8488,0.09090909090909091,3.002476123098691,1.1742483518933853,0.2870951015300881,0.6359219921962482,0.5447707995858116,LOC111327334,1
GO:0002021,response to dietary excess,1/257,11/8488,0.09090909090909091,3.002476123098691,1.1742483518933853,0.2870951015300881,0.6359219921962482,0.5447707995858116,LOC111323945,1
GO:0002042,cell migration involved in sprouting angiogenesis,1/257,11/8488,0.09090909090909091,3.002476123098691,1.1742483518933853,0.2870951015300881,0.6359219921962482,0.5447707995858116,LOC111333478,1
GO:0002456,T cell mediated immunity,1/257,11/8488,0.09090909090909091,3.002476123098691,1.1742483518933853,0.2870951015300881,0.6359219921962482,0.5447707995858116,LOC111344752,1
GO:0003171,atrioventricular valve development,1/257,11/8488,0.09090909090909091,3.002476123098691,1.1742483518933853,0.2870951015300881,0.6359219921962482,0.5447707995858116,LOC111340883,1
GO:0003264,regulation of cardioblast proliferation,1/257,11/8488,0.09090909090909091,3.002476123098691,1.1742483518933853,0.2870951015300881,0.6359219921962482,0.5447707995858116,LOC111344472,1
GO:0009047,dosage compensation by hyperactivation of X chromosome,1/257,11/8488,0.09090909090909091,3.002476123098691,1.1742483518933853,0.2870951015300881,0.6359219921962482,0.5447707995858116,LOC111321403,1
GO:0010831,positive regulation of myotube differentiation,1/257,11/8488,0.09090909090909091,3.002476123098691,1.1742483518933853,0.2870951015300881,0.6359219921962482,0.5447707995858116,LOC111344472,1
GO:0010894,negative regulation of steroid biosynthetic process,1/257,11/8488,0.09090909090909091,3.002476123098691,1.1742483518933853,0.2870951015300881,0.6359219921962482,0.5447707995858116,LOC111320024,1
GO:0015175,neutral L-amino acid transmembrane transporter activity,1/257,11/8488,0.09090909090909091,3.002476123098691,1.1742483518933853,0.2870951015300881,0.6359219921962482,0.5447707995858116,LOC111342077,1
GO:0015740,C4-dicarboxylate transport,1/257,11/8488,0.09090909090909091,3.002476123098691,1.1742483518933853,0.2870951015300881,0.6359219921962482,0.5447707995858116,LOC111342077,1
GO:0015804,neutral amino acid transport,1/257,11/8488,0.09090909090909091,3.002476123098691,1.1742483518933853,0.2870951015300881,0.6359219921962482,0.5447707995858116,LOC111342077,1
GO:0015865,purine nucleotide transport,1/257,11/8488,0.09090909090909091,3.002476123098691,1.1742483518933853,0.2870951015300881,0.6359219921962482,0.5447707995858116,LOC111334761,1
GO:0016137,glycoside metabolic process,1/257,11/8488,0.09090909090909091,3.002476123098691,1.1742483518933853,0.2870951015300881,0.6359219921962482,0.5447707995858116,LOC111334156,1
GO:0016505,peptidase activator activity involved in apoptotic process,1/257,11/8488,0.09090909090909091,3.002476123098691,1.1742483518933853,0.2870951015300881,0.6359219921962482,0.5447707995858116,LOC111344752,1
GO:0016849,phosphorus-oxygen lyase activity,1/257,11/8488,0.09090909090909091,3.002476123098691,1.1742483518933853,0.2870951015300881,0.6359219921962482,0.5447707995858116,LOC111321593,1
GO:0017154,semaphorin receptor activity,1/257,11/8488,0.09090909090909091,3.002476123098691,1.1742483518933853,0.2870951015300881,0.6359219921962482,0.5447707995858116,LOC111333478,1
GO:0018993,somatic sex determination,1/257,11/8488,0.09090909090909091,3.002476123098691,1.1742483518933853,0.2870951015300881,0.6359219921962482,0.5447707995858116,LOC111333767,1
GO:0021604,cranial nerve structural organization,1/257,11/8488,0.09090909090909091,3.002476123098691,1.1742483518933853,0.2870951015300881,0.6359219921962482,0.5447707995858116,LOC111333478,1
GO:0030070,insulin processing,1/257,11/8488,0.09090909090909091,3.002476123098691,1.1742483518933853,0.2870951015300881,0.6359219921962482,0.5447707995858116,LOC111326544,1
GO:0030194,positive regulation of blood coagulation,1/257,11/8488,0.09090909090909091,3.002476123098691,1.1742483518933853,0.2870951015300881,0.6359219921962482,0.5447707995858116,LOC111327334,1
GO:0030225,macrophage differentiation,1/257,11/8488,0.09090909090909091,3.002476123098691,1.1742483518933853,0.2870951015300881,0.6359219921962482,0.5447707995858116,LOC111326654,1
GO:0030237,female sex determination,1/257,11/8488,0.09090909090909091,3.002476123098691,1.1742483518933853,0.2870951015300881,0.6359219921962482,0.5447707995858116,LOC111333767,1
GO:0030479,actin cortical patch,1/257,11/8488,0.09090909090909091,3.002476123098691,1.1742483518933853,0.2870951015300881,0.6359219921962482,0.5447707995858116,LOC111330877,1
GO:0030673,axolemma,1/257,11/8488,0.09090909090909091,3.002476123098691,1.1742483518933853,0.2870951015300881,0.6359219921962482,0.5447707995858116,LOC111329099,1
GO:0030878,thyroid gland development,1/257,11/8488,0.09090909090909091,3.002476123098691,1.1742483518933853,0.2870951015300881,0.6359219921962482,0.5447707995858116,LOC111344472,1
GO:0031210,phosphatidylcholine binding,1/257,11/8488,0.09090909090909091,3.002476123098691,1.1742483518933853,0.2870951015300881,0.6359219921962482,0.5447707995858116,LOC111329762,1
GO:0032048,cardiolipin metabolic process,1/257,11/8488,0.09090909090909091,3.002476123098691,1.1742483518933853,0.2870951015300881,0.6359219921962482,0.5447707995858116,LOC111331303,1
GO:0033764,"steroid dehydrogenase activity, acting on the CH-OH group of donors, NAD or NADP as acceptor",1/257,11/8488,0.09090909090909091,3.002476123098691,1.1742483518933853,0.2870951015300881,0.6359219921962482,0.5447707995858116,LOC111331622,1
GO:0034695,response to prostaglandin E,1/257,11/8488,0.09090909090909091,3.002476123098691,1.1742483518933853,0.2870951015300881,0.6359219921962482,0.5447707995858116,LOC111327252,1
GO:0035158,"regulation of tube diameter, open tracheal system",1/257,11/8488,0.09090909090909091,3.002476123098691,1.1742483518933853,0.2870951015300881,0.6359219921962482,0.5447707995858116,LOC111332158,1
GO:0036151,phosphatidylcholine acyl-chain remodeling,1/257,11/8488,0.09090909090909091,3.002476123098691,1.1742483518933853,0.2870951015300881,0.6359219921962482,0.5447707995858116,LOC111331303,1
GO:0036152,phosphatidylethanolamine acyl-chain remodeling,1/257,11/8488,0.09090909090909091,3.002476123098691,1.1742483518933853,0.2870951015300881,0.6359219921962482,0.5447707995858116,LOC111331303,1
GO:0042473,outer ear morphogenesis,1/257,11/8488,0.09090909090909091,3.002476123098691,1.1742483518933853,0.2870951015300881,0.6359219921962482,0.5447707995858116,LOC111344472,1
GO:0045743,positive regulation of fibroblast growth factor receptor signaling pathway,1/257,11/8488,0.09090909090909091,3.002476123098691,1.1742483518933853,0.2870951015300881,0.6359219921962482,0.5447707995858116,LOC111322288,1
GO:0048670,regulation of collateral sprouting,1/257,11/8488,0.09090909090909091,3.002476123098691,1.1742483518933853,0.2870951015300881,0.6359219921962482,0.5447707995858116,LOC111342023,1
GO:0048745,smooth muscle tissue development,1/257,11/8488,0.09090909090909091,3.002476123098691,1.1742483518933853,0.2870951015300881,0.6359219921962482,0.5447707995858116,LOC111320822,1
GO:0050892,intestinal absorption,1/257,11/8488,0.09090909090909091,3.002476123098691,1.1742483518933853,0.2870951015300881,0.6359219921962482,0.5447707995858116,LOC111342147,1
GO:0051126,negative regulation of actin nucleation,1/257,11/8488,0.09090909090909091,3.002476123098691,1.1742483518933853,0.2870951015300881,0.6359219921962482,0.5447707995858116,LOC111330877,1
GO:0051412,response to corticosterone,1/257,11/8488,0.09090909090909091,3.002476123098691,1.1742483518933853,0.2870951015300881,0.6359219921962482,0.5447707995858116,LOC111326058,1
GO:0051597,response to methylmercury,1/257,11/8488,0.09090909090909091,3.002476123098691,1.1742483518933853,0.2870951015300881,0.6359219921962482,0.5447707995858116,LOC111331303,1
GO:0051894,positive regulation of focal adhesion assembly,1/257,11/8488,0.09090909090909091,3.002476123098691,1.1742483518933853,0.2870951015300881,0.6359219921962482,0.5447707995858116,LOC111333478,1
GO:0052652,cyclic purine nucleotide metabolic process,1/257,11/8488,0.09090909090909091,3.002476123098691,1.1742483518933853,0.2870951015300881,0.6359219921962482,0.5447707995858116,LOC111321593,1
GO:0055078,sodium ion homeostasis,1/257,11/8488,0.09090909090909091,3.002476123098691,1.1742483518933853,0.2870951015300881,0.6359219921962482,0.5447707995858116,LOC111336828,1
GO:0060290,transdifferentiation,1/257,11/8488,0.09090909090909091,3.002476123098691,1.1742483518933853,0.2870951015300881,0.6359219921962482,0.5447707995858116,LOC111338776,1
GO:0060856,establishment of blood-brain barrier,1/257,11/8488,0.09090909090909091,3.002476123098691,1.1742483518933853,0.2870951015300881,0.6359219921962482,0.5447707995858116,LOC111335321,1
GO:0060979,vasculogenesis involved in coronary vascular morphogenesis,1/257,11/8488,0.09090909090909091,3.002476123098691,1.1742483518933853,0.2870951015300881,0.6359219921962482,0.5447707995858116,LOC111333478,1
GO:0061158,3'-UTR-mediated mRNA destabilization,1/257,11/8488,0.09090909090909091,3.002476123098691,1.1742483518933853,0.2870951015300881,0.6359219921962482,0.5447707995858116,LOC111320938,1
GO:0061844,antimicrobial humoral immune response mediated by antimicrobial peptide,1/257,11/8488,0.09090909090909091,3.002476123098691,1.1742483518933853,0.2870951015300881,0.6359219921962482,0.5447707995858116,LOC111327334,1
GO:0070293,renal absorption,1/257,11/8488,0.09090909090909091,3.002476123098691,1.1742483518933853,0.2870951015300881,0.6359219921962482,0.5447707995858116,LOC111336828,1
GO:0070852,cell body fiber,1/257,11/8488,0.09090909090909091,3.002476123098691,1.1742483518933853,0.2870951015300881,0.6359219921962482,0.5447707995858116,LOC111333478,1
GO:0071887,leukocyte apoptotic process,1/257,11/8488,0.09090909090909091,3.002476123098691,1.1742483518933853,0.2870951015300881,0.6359219921962482,0.5447707995858116,LOC111333767,1
GO:0072112,podocyte differentiation,1/257,11/8488,0.09090909090909091,3.002476123098691,1.1742483518933853,0.2870951015300881,0.6359219921962482,0.5447707995858116,LOC111321759,1
GO:0090050,positive regulation of cell migration involved in sprouting angiogenesis,1/257,11/8488,0.09090909090909091,3.002476123098691,1.1742483518933853,0.2870951015300881,0.6359219921962482,0.5447707995858116,LOC111333478,1
GO:0090251,protein localization involved in establishment of planar polarity,1/257,11/8488,0.09090909090909091,3.002476123098691,1.1742483518933853,0.2870951015300881,0.6359219921962482,0.5447707995858116,LOC111334412,1
GO:0090279,regulation of calcium ion import,1/257,11/8488,0.09090909090909091,3.002476123098691,1.1742483518933853,0.2870951015300881,0.6359219921962482,0.5447707995858116,LOC111322288,1
GO:0097062,dendritic spine maintenance,1/257,11/8488,0.09090909090909091,3.002476123098691,1.1742483518933853,0.2870951015300881,0.6359219921962482,0.5447707995858116,LOC111335693,1
GO:0098975,postsynapse of neuromuscular junction,1/257,11/8488,0.09090909090909091,3.002476123098691,1.1742483518933853,0.2870951015300881,0.6359219921962482,0.5447707995858116,LOC111332158,1
GO:1903055,positive regulation of extracellular matrix organization,1/257,11/8488,0.09090909090909091,3.002476123098691,1.1742483518933853,0.2870951015300881,0.6359219921962482,0.5447707995858116,LOC111340622,1
GO:1904019,epithelial cell apoptotic process,1/257,11/8488,0.09090909090909091,3.002476123098691,1.1742483518933853,0.2870951015300881,0.6359219921962482,0.5447707995858116,LOC111329099,1
GO:1904707,positive regulation of vascular associated smooth muscle cell proliferation,1/257,11/8488,0.09090909090909091,3.002476123098691,1.1742483518933853,0.2870951015300881,0.6359219921962482,0.5447707995858116,LOC111322288,1
GO:2000169,regulation of peptidyl-cysteine S-nitrosylation,1/257,11/8488,0.09090909090909091,3.002476123098691,1.1742483518933853,0.2870951015300881,0.6359219921962482,0.5447707995858116,LOC111326058,1
GO:2000291,regulation of myoblast proliferation,1/257,11/8488,0.09090909090909091,3.002476123098691,1.1742483518933853,0.2870951015300881,0.6359219921962482,0.5447707995858116,LOC111325851,1
GO:2000352,negative regulation of endothelial cell apoptotic process,1/257,11/8488,0.09090909090909091,3.002476123098691,1.1742483518933853,0.2870951015300881,0.6359219921962482,0.5447707995858116,LOC111340622,1
GO:2000645,negative regulation of receptor catabolic process,1/257,11/8488,0.09090909090909091,3.002476123098691,1.1742483518933853,0.2870951015300881,0.6359219921962482,0.5447707995858116,LOC111326544,1
GO:0007224,smoothened signaling pathway,3/257,62/8488,0.04838709677419355,1.5980921300364002,0.8351616950659159,0.2894483025398986,0.6387824607777073,0.5472212569932207,LOC111323862/LOC111338776/LOC111333767,3
GO:0043112,receptor metabolic process,3/257,62/8488,0.04838709677419355,1.5980921300364002,0.8351616950659159,0.2894483025398986,0.6387824607777073,0.5472212569932207,LOC111333613/LOC111327210/LOC111340596,3
GO:0048864,stem cell development,3/257,62/8488,0.04838709677419355,1.5980921300364002,0.8351616950659159,0.2894483025398986,0.6387824607777073,0.5472212569932207,LOC111333478/LOC111325851/LOC111344472,3
GO:0050982,detection of mechanical stimulus,3/257,62/8488,0.04838709677419355,1.5980921300364002,0.8351616950659159,0.2894483025398986,0.6387824607777073,0.5472212569932207,LOC111336828/LOC111337892/LOC111326058,3
GO:0051965,positive regulation of synapse assembly,3/257,62/8488,0.04838709677419355,1.5980921300364002,0.8351616950659159,0.2894483025398986,0.6387824607777073,0.5472212569932207,LOC111323777/LOC111326544/LOC111343646,3
GO:0044272,sulfur compound biosynthetic process,4/257,90/8488,0.044444444444444446,1.467877215737138,0.7884652878759091,0.2901036321019571,0.6397593294447851,0.5480581041716245,LOC111331664/LOC111346320/LOC111331622/LOC111341830,4
GO:0002253,activation of immune response,6/257,148/8488,0.04054054054054054,1.3389420548953623,0.7350056074812454,0.29162604380108686,0.6417057644101833,0.5497255428597876,LOC111328749/LOC111325671/LOC111338418/LOC111323636/LOC111334113/LOC111325968,6
GO:0000987,cis-regulatory region sequence-specific DNA binding,7/257,178/8488,0.03932584269662921,1.298823940891007,0.7119381080092079,0.29413273844904153,0.6417057644101833,0.5497255428597876,LOC111330631/LOC111328662/LOC111338776/LOC111340883/LOC111331301/LOC111333767/LOC111333334,7
GO:0031669,cellular response to nutrient levels,7/257,178/8488,0.03932584269662921,1.298823940891007,0.7119381080092079,0.29413273844904153,0.6417057644101833,0.5497255428597876,LOC111320817/LOC111325642/LOC111320821/LOC111320842/LOC111329755/LOC111333893/LOC111326058,7
GO:0009607,response to biotic stimulus,16/257,452/8488,0.035398230088495575,1.1691057470472779,0.6528673989811322,0.2943061013553075,0.6417057644101833,0.5497255428597876,LOC111332158/LOC111321843/LOC111328749/LOC111333170/LOC111325671/LOC111322161/LOC111339275/LOC111327334/LOC111329755/LOC111331589/LOC111323636/LOC111322256/LOC111331303/LOC111324532/LOC111329754/LOC111322259,16
GO:0045995,regulation of embryonic development,6/257,149/8488,0.040268456375838924,1.329955866607474,0.7179750684507272,0.29690951192568554,0.6417057644101833,0.5497255428597876,LOC111328024/LOC111330631/LOC111322288/LOC111333901/LOC111333893/LOC111325851,6
GO:0030234,enzyme regulator activity,15/257,422/8488,0.035545023696682464,1.173953934386929,0.6477072143295933,0.29714367316215945,0.6417057644101833,0.5497255428597876,LOC111330856/LOC111335366/LOC111327252/LOC111322288/LOC111327625/LOC111333478/LOC111322161/LOC111324410/LOC111327334/LOC111326819/LOC111321403/LOC111326544/LOC111325220/LOC111344752/LOC111326058,15
GO:0030317,flagellated sperm motility,3/257,63/8488,0.047619047619047616,1.5727255882897904,0.806212020002864,0.29777319210390246,0.6417057644101833,0.5497255428597876,LOC111325671/LOC111331389/LOC111326058,3
GO:0042626,ATPase-coupled transmembrane transporter activity,3/257,63/8488,0.047619047619047616,1.5727255882897904,0.806212020002864,0.29777319210390246,0.6417057644101833,0.5497255428597876,LOC111334900/LOC111326058/LOC111334761,3
GO:0043296,apical junction complex,3/257,63/8488,0.047619047619047616,1.5727255882897904,0.806212020002864,0.29777319210390246,0.6417057644101833,0.5497255428597876,LOC111335321/LOC111323127/LOC111332138,3
GO:0050680,negative regulation of epithelial cell proliferation,3/257,63/8488,0.047619047619047616,1.5727255882897904,0.806212020002864,0.29777319210390246,0.6417057644101833,0.5497255428597876,LOC111328024/LOC111332789/LOC111333334,3
GO:0050777,negative regulation of immune response,3/257,63/8488,0.047619047619047616,1.5727255882897904,0.806212020002864,0.29777319210390246,0.6417057644101833,0.5497255428597876,LOC111327252/LOC111320822/LOC111338418,3
GO:0070820,tertiary granule,3/257,63/8488,0.047619047619047616,1.5727255882897904,0.806212020002864,0.29777319210390246,0.6417057644101833,0.5497255428597876,LOC111323527/LOC111325560/LOC111329755,3
GO:1904375,regulation of protein localization to cell periphery,3/257,63/8488,0.047619047619047616,1.5727255882897904,0.806212020002864,0.29777319210390246,0.6417057644101833,0.5497255428597876,LOC111335693/LOC111331664/LOC111340596,3
GO:0002824,positive regulation of adaptive immune response based on somatic recombination of immune receptors built from immunoglobulin superfamily domains,2/257,36/8488,0.05555555555555555,1.8348465196714223,0.8869425887215299,0.2978422653979057,0.6417057644101833,0.5497255428597876,LOC111328749/LOC111323636,2
GO:0006911,"phagocytosis, engulfment",2/257,36/8488,0.05555555555555555,1.8348465196714223,0.8869425887215299,0.2978422653979057,0.6417057644101833,0.5497255428597876,LOC111328749/LOC111323636,2
GO:0007530,sex determination,2/257,36/8488,0.05555555555555555,1.8348465196714223,0.8869425887215299,0.2978422653979057,0.6417057644101833,0.5497255428597876,LOC111330631/LOC111333767,2
GO:0042491,inner ear auditory receptor cell differentiation,2/257,36/8488,0.05555555555555555,1.8348465196714223,0.8869425887215299,0.2978422653979057,0.6417057644101833,0.5497255428597876,LOC111329099/LOC111326058,2
GO:0045505,dynein intermediate chain binding,2/257,36/8488,0.05555555555555555,1.8348465196714223,0.8869425887215299,0.2978422653979057,0.6417057644101833,0.5497255428597876,LOC111331389/LOC111331219,2
GO:0050850,positive regulation of calcium-mediated signaling,2/257,36/8488,0.05555555555555555,1.8348465196714223,0.8869425887215299,0.2978422653979057,0.6417057644101833,0.5497255428597876,LOC111332158/LOC111336828,2
GO:0060761,negative regulation of response to cytokine stimulus,2/257,36/8488,0.05555555555555555,1.8348465196714223,0.8869425887215299,0.2978422653979057,0.6417057644101833,0.5497255428597876,LOC111336303/LOC111322400,2
GO:0097553,calcium ion transmembrane import into cytosol,2/257,36/8488,0.05555555555555555,1.8348465196714223,0.8869425887215299,0.2978422653979057,0.6417057644101833,0.5497255428597876,LOC111323527/LOC111326058,2
GO:0035148,tube formation,5/257,120/8488,0.041666666666666664,1.3761348897535666,0.7332309172165715,0.29829175282950154,0.6417057644101833,0.5497255428597876,LOC111330856/LOC111340883/LOC111333893/LOC111325851/LOC111331301,5
GO:0050890,cognition,9/257,239/8488,0.03765690376569038,1.2437034986894162,0.6752699514874579,0.29905576637544024,0.6417057644101833,0.5497255428597876,LOC111332158/LOC111335693/LOC111345144/LOC111321759/LOC111322311/LOC111330961/LOC111334761/LOC111321502/LOC111329016,9
GO:0051146,striated muscle cell differentiation,7/257,180/8488,0.03888888888888889,1.2843925637699958,0.6814336989060823,0.3037920905606897,0.6417057644101833,0.5497255428597876,LOC111330631/LOC111324192/LOC111326654/LOC111333901/LOC111321759/LOC111325851/LOC111344472,7
GO:0050772,positive regulation of axonogenesis,4/257,92/8488,0.043478260869565216,1.4359668414819828,0.74289685505299,0.303795252321786,0.6417057644101833,0.5497255428597876,LOC111333478/LOC111333893/LOC111340596/LOC111340622,4
GO:0050848,regulation of calcium-mediated signaling,3/257,64/8488,0.046875,1.5481517509727627,0.7777660384500145,0.30611181812040456,0.6417057644101833,0.5497255428597876,LOC111332158/LOC111336828/LOC111326058,3
GO:0050906,detection of stimulus involved in sensory perception,3/257,64/8488,0.046875,1.5481517509727627,0.7777660384500145,0.30611181812040456,0.6417057644101833,0.5497255428597876,LOC111336828/LOC111326058/LOC111340622,3
GO:0098802,plasma membrane signaling receptor complex,3/257,64/8488,0.046875,1.5481517509727627,0.7777660384500145,0.30611181812040456,0.6417057644101833,0.5497255428597876,LOC111335693/LOC111328517/LOC111334113,3
GO:0070161,anchoring junction,6/257,151/8488,0.039735099337748346,1.3123405571159843,0.6842728604695913,0.30753197037787605,0.6417057644101833,0.5497255428597876,LOC111328393/LOC111342023/LOC111335693/LOC111333478/LOC111323127/LOC111323777,6
GO:0052547,regulation of peptidase activity,7/257,181/8488,0.03867403314917127,1.2772964722574542,0.6663139237347856,0.3086465515377695,0.6417057644101833,0.5497255428597876,LOC111330856/LOC111327252/LOC111327625/LOC111326819/LOC111326544/LOC111325220/LOC111344752,7
GO:0000038,very long-chain fatty acid metabolic process,1/257,12/8488,0.08333333333333333,2.752269779507133,1.0732811004670135,0.3087084740565441,0.6417057644101833,0.5497255428597876,LOC111341830,1
GO:0002118,aggressive behavior,1/257,12/8488,0.08333333333333333,2.752269779507133,1.0732811004670135,0.3087084740565441,0.6417057644101833,0.5497255428597876,LOC111343017,1
GO:0002286,T cell activation involved in immune response,1/257,12/8488,0.08333333333333333,2.752269779507133,1.0732811004670135,0.3087084740565441,0.6417057644101833,0.5497255428597876,LOC111328517,1
GO:0003283,atrial septum development,1/257,12/8488,0.08333333333333333,2.752269779507133,1.0732811004670135,0.3087084740565441,0.6417057644101833,0.5497255428597876,LOC111340883,1
GO:0004383,guanylate cyclase activity,1/257,12/8488,0.08333333333333333,2.752269779507133,1.0732811004670135,0.3087084740565441,0.6417057644101833,0.5497255428597876,LOC111321593,1
GO:0006182,cGMP biosynthetic process,1/257,12/8488,0.08333333333333333,2.752269779507133,1.0732811004670135,0.3087084740565441,0.6417057644101833,0.5497255428597876,LOC111321593,1
GO:0006884,cell volume homeostasis,1/257,12/8488,0.08333333333333333,2.752269779507133,1.0732811004670135,0.3087084740565441,0.6417057644101833,0.5497255428597876,LOC111336828,1
GO:0007509,mesoderm migration involved in gastrulation,1/257,12/8488,0.08333333333333333,2.752269779507133,1.0732811004670135,0.3087084740565441,0.6417057644101833,0.5497255428597876,LOC111324192,1
GO:0010463,mesenchymal cell proliferation,1/257,12/8488,0.08333333333333333,2.752269779507133,1.0732811004670135,0.3087084740565441,0.6417057644101833,0.5497255428597876,LOC111338817,1
GO:0016229,steroid dehydrogenase activity,1/257,12/8488,0.08333333333333333,2.752269779507133,1.0732811004670135,0.3087084740565441,0.6417057644101833,0.5497255428597876,LOC111331622,1
GO:0017080,sodium channel regulator activity,1/257,12/8488,0.08333333333333333,2.752269779507133,1.0732811004670135,0.3087084740565441,0.6417057644101833,0.5497255428597876,LOC111320952,1
GO:0019731,antibacterial humoral response,1/257,12/8488,0.08333333333333333,2.752269779507133,1.0732811004670135,0.3087084740565441,0.6417057644101833,0.5497255428597876,LOC111334472,1
GO:0021516,dorsal spinal cord development,1/257,12/8488,0.08333333333333333,2.752269779507133,1.0732811004670135,0.3087084740565441,0.6417057644101833,0.5497255428597876,LOC111325851,1
GO:0021533,cell differentiation in hindbrain,1/257,12/8488,0.08333333333333333,2.752269779507133,1.0732811004670135,0.3087084740565441,0.6417057644101833,0.5497255428597876,LOC111326058,1
GO:0021535,cell migration in hindbrain,1/257,12/8488,0.08333333333333333,2.752269779507133,1.0732811004670135,0.3087084740565441,0.6417057644101833,0.5497255428597876,LOC111333478,1
GO:0021692,cerebellar Purkinje cell layer morphogenesis,1/257,12/8488,0.08333333333333333,2.752269779507133,1.0732811004670135,0.3087084740565441,0.6417057644101833,0.5497255428597876,LOC111326058,1
GO:0031954,positive regulation of protein autophosphorylation,1/257,12/8488,0.08333333333333333,2.752269779507133,1.0732811004670135,0.3087084740565441,0.6417057644101833,0.5497255428597876,LOC111322288,1
GO:0032148,activation of protein kinase B activity,1/257,12/8488,0.08333333333333333,2.752269779507133,1.0732811004670135,0.3087084740565441,0.6417057644101833,0.5497255428597876,LOC111322288,1
GO:0032433,filopodium tip,1/257,12/8488,0.08333333333333333,2.752269779507133,1.0732811004670135,0.3087084740565441,0.6417057644101833,0.5497255428597876,LOC111325968,1
GO:0032803,regulation of low-density lipoprotein particle receptor catabolic process,1/257,12/8488,0.08333333333333333,2.752269779507133,1.0732811004670135,0.3087084740565441,0.6417057644101833,0.5497255428597876,LOC111326544,1
GO:0032908,regulation of transforming growth factor beta1 production,1/257,12/8488,0.08333333333333333,2.752269779507133,1.0732811004670135,0.3087084740565441,0.6417057644101833,0.5497255428597876,LOC111326544,1
GO:0034110,regulation of homotypic cell-cell adhesion,1/257,12/8488,0.08333333333333333,2.752269779507133,1.0732811004670135,0.3087084740565441,0.6417057644101833,0.5497255428597876,LOC111321308,1
GO:0034113,heterotypic cell-cell adhesion,1/257,12/8488,0.08333333333333333,2.752269779507133,1.0732811004670135,0.3087084740565441,0.6417057644101833,0.5497255428597876,LOC111335693,1
GO:0035290,trunk segmentation,1/257,12/8488,0.08333333333333333,2.752269779507133,1.0732811004670135,0.3087084740565441,0.6417057644101833,0.5497255428597876,LOC111333478,1
GO:0035925,mRNA 3'-UTR AU-rich region binding,1/257,12/8488,0.08333333333333333,2.752269779507133,1.0732811004670135,0.3087084740565441,0.6417057644101833,0.5497255428597876,LOC111320938,1
GO:0036019,endolysosome,1/257,12/8488,0.08333333333333333,2.752269779507133,1.0732811004670135,0.3087084740565441,0.6417057644101833,0.5497255428597876,LOC111333695,1
GO:0038007,netrin-activated signaling pathway,1/257,12/8488,0.08333333333333333,2.752269779507133,1.0732811004670135,0.3087084740565441,0.6417057644101833,0.5497255428597876,LOC111333901,1
GO:0042588,zymogen granule,1/257,12/8488,0.08333333333333333,2.752269779507133,1.0732811004670135,0.3087084740565441,0.6417057644101833,0.5497255428597876,LOC111331303,1
GO:0043367,"CD4-positive, alpha-beta T cell differentiation",1/257,12/8488,0.08333333333333333,2.752269779507133,1.0732811004670135,0.3087084740565441,0.6417057644101833,0.5497255428597876,LOC111326654,1
GO:0043951,negative regulation of cAMP-mediated signaling,1/257,12/8488,0.08333333333333333,2.752269779507133,1.0732811004670135,0.3087084740565441,0.6417057644101833,0.5497255428597876,LOC111326058,1
GO:0046320,regulation of fatty acid oxidation,1/257,12/8488,0.08333333333333333,2.752269779507133,1.0732811004670135,0.3087084740565441,0.6417057644101833,0.5497255428597876,LOC111346320,1
GO:0046337,phosphatidylethanolamine metabolic process,1/257,12/8488,0.08333333333333333,2.752269779507133,1.0732811004670135,0.3087084740565441,0.6417057644101833,0.5497255428597876,LOC111335819,1
GO:0046513,ceramide biosynthetic process,1/257,12/8488,0.08333333333333333,2.752269779507133,1.0732811004670135,0.3087084740565441,0.6417057644101833,0.5497255428597876,LOC111326885,1
GO:0050996,positive regulation of lipid catabolic process,1/257,12/8488,0.08333333333333333,2.752269779507133,1.0732811004670135,0.3087084740565441,0.6417057644101833,0.5497255428597876,LOC111346320,1
GO:0051481,negative regulation of cytosolic calcium ion concentration,1/257,12/8488,0.08333333333333333,2.752269779507133,1.0732811004670135,0.3087084740565441,0.6417057644101833,0.5497255428597876,LOC111326058,1
GO:0060670,branching involved in labyrinthine layer morphogenesis,1/257,12/8488,0.08333333333333333,2.752269779507133,1.0732811004670135,0.3087084740565441,0.6417057644101833,0.5497255428597876,LOC111330856,1
GO:0071635,negative regulation of transforming growth factor beta production,1/257,12/8488,0.08333333333333333,2.752269779507133,1.0732811004670135,0.3087084740565441,0.6417057644101833,0.5497255428597876,LOC111326544,1
GO:0071907,determination of digestive tract left/right asymmetry,1/257,12/8488,0.08333333333333333,2.752269779507133,1.0732811004670135,0.3087084740565441,0.6417057644101833,0.5497255428597876,LOC111326654,1
GO:0090557,establishment of endothelial intestinal barrier,1/257,12/8488,0.08333333333333333,2.752269779507133,1.0732811004670135,0.3087084740565441,0.6417057644101833,0.5497255428597876,LOC111342023,1
GO:0097028,dendritic cell differentiation,1/257,12/8488,0.08333333333333333,2.752269779507133,1.0732811004670135,0.3087084740565441,0.6417057644101833,0.5497255428597876,LOC111323527,1
GO:1903393,positive regulation of adherens junction organization,1/257,12/8488,0.08333333333333333,2.752269779507133,1.0732811004670135,0.3087084740565441,0.6417057644101833,0.5497255428597876,LOC111333478,1
GO:1905332,positive regulation of morphogenesis of an epithelium,1/257,12/8488,0.08333333333333333,2.752269779507133,1.0732811004670135,0.3087084740565441,0.6417057644101833,0.5497255428597876,LOC111330631,1
GO:1905909,regulation of dauer entry,1/257,12/8488,0.08333333333333333,2.752269779507133,1.0732811004670135,0.3087084740565441,0.6417057644101833,0.5497255428597876,LOC111326544,1
GO:2000479,regulation of cAMP-dependent protein kinase activity,1/257,12/8488,0.08333333333333333,2.752269779507133,1.0732811004670135,0.3087084740565441,0.6417057644101833,0.5497255428597876,LOC111326058,1
GO:0001892,embryonic placenta development,2/257,37/8488,0.05405405405405406,1.7852560731938165,0.845815183460854,0.3091195653691342,0.6417057644101833,0.5497255428597876,LOC111330856/LOC111322288,2
GO:0003281,ventricular septum development,2/257,37/8488,0.05405405405405406,1.7852560731938165,0.845815183460854,0.3091195653691342,0.6417057644101833,0.5497255428597876,LOC111340883/LOC111333893,2
GO:0005547,"phosphatidylinositol-3,4,5-trisphosphate binding",2/257,37/8488,0.05405405405405406,1.7852560731938165,0.845815183460854,0.3091195653691342,0.6417057644101833,0.5497255428597876,LOC111333613/LOC111325968,2
GO:0008154,actin polymerization or depolymerization,2/257,37/8488,0.05405405405405406,1.7852560731938165,0.845815183460854,0.3091195653691342,0.6417057644101833,0.5497255428597876,LOC111330205/LOC111321894,2
GO:0043536,positive regulation of blood vessel endothelial cell migration,2/257,37/8488,0.05405405405405406,1.7852560731938165,0.845815183460854,0.3091195653691342,0.6417057644101833,0.5497255428597876,LOC111322288/LOC111333478,2
GO:0046854,phosphatidylinositol phosphate biosynthetic process,2/257,37/8488,0.05405405405405406,1.7852560731938165,0.845815183460854,0.3091195653691342,0.6417057644101833,0.5497255428597876,LOC111322288/LOC111338817,2
GO:0050766,positive regulation of phagocytosis,2/257,37/8488,0.05405405405405406,1.7852560731938165,0.845815183460854,0.3091195653691342,0.6417057644101833,0.5497255428597876,LOC111328749/LOC111323636,2
GO:0051180,vitamin transport,2/257,37/8488,0.05405405405405406,1.7852560731938165,0.845815183460854,0.3091195653691342,0.6417057644101833,0.5497255428597876,LOC111345835/LOC111330251,2
GO:0051279,regulation of release of sequestered calcium ion into cytosol,2/257,37/8488,0.05405405405405406,1.7852560731938165,0.845815183460854,0.3091195653691342,0.6417057644101833,0.5497255428597876,LOC111323945/LOC111327334,2
GO:0060402,calcium ion transport into cytosol,2/257,37/8488,0.05405405405405406,1.7852560731938165,0.845815183460854,0.3091195653691342,0.6417057644101833,0.5497255428597876,LOC111323527/LOC111326058,2
GO:0098661,inorganic anion transmembrane transport,2/257,37/8488,0.05405405405405406,1.7852560731938165,0.845815183460854,0.3091195653691342,0.6417057644101833,0.5497255428597876,LOC111336828/LOC111343017,2
GO:0099572,postsynaptic specialization,5/257,122/8488,0.040983606557377046,1.3535753013969507,0.6950567532929036,0.310194261265951,0.6422620253872409,0.5502020710204246,LOC111332158/LOC111342023/LOC111336974/LOC111322311/LOC111326058,5
GO:0001764,neuron migration,4/257,93/8488,0.043010752688172046,1.4205263378101336,0.7205127776661898,0.3106686326258096,0.6422620253872409,0.5502020710204246,LOC111335693/LOC111333478/LOC111333901/LOC111328517,4
GO:0019903,protein phosphatase binding,4/257,93/8488,0.043010752688172046,1.4205263378101336,0.7205127776661898,0.3106686326258096,0.6422620253872409,0.5502020710204246,LOC111324410/LOC111328517/LOC111334113/LOC111326058,4
GO:0030177,positive regulation of Wnt signaling pathway,4/257,93/8488,0.043010752688172046,1.4205263378101336,0.7205127776661898,0.3106686326258096,0.6422620253872409,0.5502020710204246,LOC111328024/LOC111323862/LOC111340883/LOC111340622,4
GO:0030662,coated vesicle membrane,4/257,93/8488,0.043010752688172046,1.4205263378101336,0.7205127776661898,0.3106686326258096,0.6422620253872409,0.5502020710204246,LOC111323862/LOC111325671/LOC111326544/LOC111333893,4
GO:0046330,positive regulation of JNK cascade,4/257,93/8488,0.043010752688172046,1.4205263378101336,0.7205127776661898,0.3106686326258096,0.6422620253872409,0.5502020710204246,LOC111323862/LOC111337453/LOC111333893/LOC111337462,4
GO:0005769,early endosome,8/257,212/8488,0.03773584905660377,1.2463108435504,0.6417392212823831,0.3129556711785492,0.6456588881379122,0.5531120374305744,LOC111327082/LOC111325671/LOC111333478/LOC111340366/LOC111322161/LOC111333613/LOC111326544/LOC111340596,8
GO:0042692,muscle cell differentiation,8/257,212/8488,0.03773584905660377,1.2463108435504,0.6417392212823831,0.3129556711785492,0.6456588881379122,0.5531120374305744,LOC111330631/LOC111324192/LOC111322288/LOC111326654/LOC111333901/LOC111321759/LOC111325851/LOC111344472,8
GO:1903532,positive regulation of secretion by cell,8/257,212/8488,0.03773584905660377,1.2463108435504,0.6417392212823831,0.3129556711785492,0.6456588881379122,0.5531120374305744,LOC111325642/LOC111323945/LOC111328749/LOC111338776/LOC111340883/LOC111320751/LOC111323527/LOC111323636,8
GO:0043271,negative regulation of monoatomic ion transport,3/257,65/8488,0.046153846153846156,1.5243340317270277,0.7498056113658548,0.31445989575479155,0.6474300933815285,0.5546293633111637,LOC111328749/LOC111331664/LOC111323636,3
GO:0045773,positive regulation of axon extension,3/257,65/8488,0.046153846153846156,1.5243340317270277,0.7498056113658548,0.31445989575479155,0.6474300933815285,0.5546293633111637,LOC111333478/LOC111333893/LOC111340622,3
GO:0051282,regulation of sequestering of calcium ion,3/257,65/8488,0.046153846153846156,1.5243340317270277,0.7498056113658548,0.31445989575479155,0.6474300933815285,0.5546293633111637,LOC111323945/LOC111323527/LOC111327334,3
GO:0045202,synapse,17/257,490/8488,0.03469387755102041,1.1458429286111331,0.5876382796561941,0.31503474891912703,0.6481699895682176,0.555263204949257,LOC111332158/LOC111323862/LOC111342023/LOC111343017/LOC111336974/LOC111328749/LOC111335693/LOC111335321/LOC111333478/LOC111345144/LOC111321759/LOC111322311/LOC111330961/LOC111323636/LOC111326058/LOC111343646/LOC111338912,17
GO:0005912,adherens junction,6/257,153/8488,0.0392156862745098,1.2951857785915923,0.6510370513551252,0.3182205895308279,0.6542001113720797,0.5604289867857122,LOC111328393/LOC111342023/LOC111335693/LOC111333478/LOC111323127/LOC111323777,6
GO:0030135,coated vesicle,7/257,183/8488,0.03825136612021858,1.2633369479704875,0.636333644789596,0.3184005861199217,0.6542001113720797,0.5604289867857122,LOC111323862/LOC111325671/LOC111321489/LOC111326544/LOC111333893/LOC111344752/LOC111340596,7
GO:0007163,establishment or maintenance of cell polarity,9/257,244/8488,0.036885245901639344,1.218217771257256,0.6111297127574705,0.3200774549364351,0.6549831776471642,0.5610998106383881,LOC111323862/LOC111330856/LOC111335321/LOC111340398/LOC111329762/LOC111331622/LOC111333893/LOC111334412/LOC111322245,9
GO:0007044,cell-substrate junction assembly,2/257,38/8488,0.05263157894736842,1.7382756502150316,0.8059337638416405,0.32036039081673096,0.6549831776471642,0.5610998106383881,LOC111335693/LOC111325851,2
GO:0030183,B cell differentiation,2/257,38/8488,0.05263157894736842,1.7382756502150316,0.8059337638416405,0.32036039081673096,0.6549831776471642,0.5610998106383881,LOC111326654/LOC111328842,2
GO:0040019,positive regulation of embryonic development,2/257,38/8488,0.05263157894736842,1.7382756502150316,0.8059337638416405,0.32036039081673096,0.6549831776471642,0.5610998106383881,LOC111330631/LOC111322288,2
GO:0048581,negative regulation of post-embryonic development,2/257,38/8488,0.05263157894736842,1.7382756502150316,0.8059337638416405,0.32036039081673096,0.6549831776471642,0.5610998106383881,LOC111329099/LOC111326544,2
GO:0034330,cell junction organization,5/257,124/8488,0.04032258064516129,1.3317434416970002,0.657542060718523,0.32216247312303714,0.6549831776471642,0.5610998106383881,LOC111335693/LOC111335321/LOC111323127/LOC111325851/LOC111332138,5
GO:0001067,transcription regulatory region nucleic acid binding,11/257,306/8488,0.03594771241830065,1.1872536303756263,0.5894929070392068,0.3227118045487037,0.6549831776471642,0.5610998106383881,LOC111330631/LOC111328662/LOC111341087/LOC111326654/LOC111338776/LOC111340883/LOC111325851/LOC111331301/LOC111333767/LOC111344472/LOC111333334,11
GO:0032956,regulation of actin cytoskeleton organization,7/257,184/8488,0.03804347826086957,1.256470986296735,0.6214709675897128,0.32329838193693833,0.6549831776471642,0.5610998106383881,LOC111333478/LOC111323527/LOC111321894/LOC111333893/LOC111340596/LOC111330877/LOC111340622,7
GO:0055037,recycling endosome,4/257,95/8488,0.042105263157894736,1.3906205201720254,0.676512159628133,0.3244581483382209,0.6549831776471642,0.5610998106383881,LOC111327082/LOC111322161/LOC111333613/LOC111333893,4
GO:0016324,apical plasma membrane,7/257,185/8488,0.03783783783783784,1.2496792512356716,0.6066918493242757,0.32820884876346174,0.6549831776471642,0.5610998106383881,LOC111329099/LOC111336828/LOC111336974/LOC111335693/LOC111334900/LOC111333695/LOC111326058,7
GO:0050773,regulation of dendrite development,6/257,155/8488,0.03870967741935484,1.27847370402912,0.6182536821345153,0.3289659983461629,0.6549831776471642,0.5610998106383881,LOC111342023/LOC111333901/LOC111323777/LOC111345144/LOC111332747/LOC111326544,6
GO:0001829,trophectodermal cell differentiation,1/257,13/8488,0.07692307692307693,2.5405567195450462,0.9821930963620071,0.32966905949395164,0.6549831776471642,0.5610998106383881,LOC111343122,1
GO:0002756,MyD88-independent toll-like receptor signaling pathway,1/257,13/8488,0.07692307692307693,2.5405567195450462,0.9821930963620071,0.32966905949395164,0.6549831776471642,0.5610998106383881,LOC111334113,1
GO:0003209,cardiac atrium morphogenesis,1/257,13/8488,0.07692307692307693,2.5405567195450462,0.9821930963620071,0.32966905949395164,0.6549831776471642,0.5610998106383881,LOC111340883,1
GO:0006930,"substrate-dependent cell migration, cell extension",1/257,13/8488,0.07692307692307693,2.5405567195450462,0.9821930963620071,0.32966905949395164,0.6549831776471642,0.5610998106383881,LOC111333478,1
GO:0007446,imaginal disc growth,1/257,13/8488,0.07692307692307693,2.5405567195450462,0.9821930963620071,0.32966905949395164,0.6549831776471642,0.5610998106383881,LOC111334412,1
GO:0008210,estrogen metabolic process,1/257,13/8488,0.07692307692307693,2.5405567195450462,0.9821930963620071,0.32966905949395164,0.6549831776471642,0.5610998106383881,LOC111331622,1
GO:0010962,regulation of glucan biosynthetic process,1/257,13/8488,0.07692307692307693,2.5405567195450462,0.9821930963620071,0.32966905949395164,0.6549831776471642,0.5610998106383881,LOC111324410,1
GO:0016628,"oxidoreductase activity, acting on the CH-CH group of donors, NAD or NADP as acceptor",1/257,13/8488,0.07692307692307693,2.5405567195450462,0.9821930963620071,0.32966905949395164,0.6549831776471642,0.5610998106383881,LOC111340822,1
GO:0016701,"oxidoreductase activity, acting on single donors with incorporation of molecular oxygen",1/257,13/8488,0.07692307692307693,2.5405567195450462,0.9821930963620071,0.32966905949395164,0.6549831776471642,0.5610998106383881,LOC111326885,1
GO:0021513,spinal cord dorsal/ventral patterning,1/257,13/8488,0.07692307692307693,2.5405567195450462,0.9821930963620071,0.32966905949395164,0.6549831776471642,0.5610998106383881,LOC111333767,1
GO:0021697,cerebellar cortex formation,1/257,13/8488,0.07692307692307693,2.5405567195450462,0.9821930963620071,0.32966905949395164,0.6549831776471642,0.5610998106383881,LOC111326058,1
GO:0021871,forebrain regionalization,1/257,13/8488,0.07692307692307693,2.5405567195450462,0.9821930963620071,0.32966905949395164,0.6549831776471642,0.5610998106383881,LOC111333767,1
GO:0030835,negative regulation of actin filament depolymerization,1/257,13/8488,0.07692307692307693,2.5405567195450462,0.9821930963620071,0.32966905949395164,0.6549831776471642,0.5610998106383881,LOC111321894,1
GO:0031645,negative regulation of nervous system process,1/257,13/8488,0.07692307692307693,2.5405567195450462,0.9821930963620071,0.32966905949395164,0.6549831776471642,0.5610998106383881,LOC111345835,1
GO:0032528,microvillus organization,1/257,13/8488,0.07692307692307693,2.5405567195450462,0.9821930963620071,0.32966905949395164,0.6549831776471642,0.5610998106383881,LOC111340398,1
GO:0035116,embryonic hindlimb morphogenesis,1/257,13/8488,0.07692307692307693,2.5405567195450462,0.9821930963620071,0.32966905949395164,0.6549831776471642,0.5610998106383881,LOC111338817,1
GO:0035332,positive regulation of hippo signaling,1/257,13/8488,0.07692307692307693,2.5405567195450462,0.9821930963620071,0.32966905949395164,0.6549831776471642,0.5610998106383881,LOC111334412,1
GO:0035710,"CD4-positive, alpha-beta T cell activation",1/257,13/8488,0.07692307692307693,2.5405567195450462,0.9821930963620071,0.32966905949395164,0.6549831776471642,0.5610998106383881,LOC111326654,1
GO:0043589,skin morphogenesis,1/257,13/8488,0.07692307692307693,2.5405567195450462,0.9821930963620071,0.32966905949395164,0.6549831776471642,0.5610998106383881,LOC111320871,1
GO:0044232,organelle membrane contact site,1/257,13/8488,0.07692307692307693,2.5405567195450462,0.9821930963620071,0.32966905949395164,0.6549831776471642,0.5610998106383881,LOC111331664,1
GO:0045056,transcytosis,1/257,13/8488,0.07692307692307693,2.5405567195450462,0.9821930963620071,0.32966905949395164,0.6549831776471642,0.5610998106383881,LOC111340596,1
GO:0045737,positive regulation of cyclin-dependent protein serine/threonine kinase activity,1/257,13/8488,0.07692307692307693,2.5405567195450462,0.9821930963620071,0.32966905949395164,0.6549831776471642,0.5610998106383881,LOC111322288,1
GO:0046461,neutral lipid catabolic process,1/257,13/8488,0.07692307692307693,2.5405567195450462,0.9821930963620071,0.32966905949395164,0.6549831776471642,0.5610998106383881,LOC111325671,1
GO:0046689,response to mercury ion,1/257,13/8488,0.07692307692307693,2.5405567195450462,0.9821930963620071,0.32966905949395164,0.6549831776471642,0.5610998106383881,LOC111328842,1
GO:0048710,regulation of astrocyte differentiation,1/257,13/8488,0.07692307692307693,2.5405567195450462,0.9821930963620071,0.32966905949395164,0.6549831776471642,0.5610998106383881,LOC111327334,1
GO:0048935,peripheral nervous system neuron development,1/257,13/8488,0.07692307692307693,2.5405567195450462,0.9821930963620071,0.32966905949395164,0.6549831776471642,0.5610998106383881,LOC111333901,1
GO:0050820,positive regulation of coagulation,1/257,13/8488,0.07692307692307693,2.5405567195450462,0.9821930963620071,0.32966905949395164,0.6549831776471642,0.5610998106383881,LOC111327334,1
GO:0050853,B cell receptor signaling pathway,1/257,13/8488,0.07692307692307693,2.5405567195450462,0.9821930963620071,0.32966905949395164,0.6549831776471642,0.5610998106383881,LOC111328842,1
GO:0051861,glycolipid binding,1/257,13/8488,0.07692307692307693,2.5405567195450462,0.9821930963620071,0.32966905949395164,0.6549831776471642,0.5610998106383881,LOC111321759,1
GO:0060025,regulation of synaptic activity,1/257,13/8488,0.07692307692307693,2.5405567195450462,0.9821930963620071,0.32966905949395164,0.6549831776471642,0.5610998106383881,LOC111325851,1
GO:0060088,auditory receptor cell stereocilium organization,1/257,13/8488,0.07692307692307693,2.5405567195450462,0.9821930963620071,0.32966905949395164,0.6549831776471642,0.5610998106383881,LOC111326058,1
GO:0061000,negative regulation of dendritic spine development,1/257,13/8488,0.07692307692307693,2.5405567195450462,0.9821930963620071,0.32966905949395164,0.6549831776471642,0.5610998106383881,LOC111342023,1
GO:0070208,protein heterotrimerization,1/257,13/8488,0.07692307692307693,2.5405567195450462,0.9821930963620071,0.32966905949395164,0.6549831776471642,0.5610998106383881,LOC111320871,1
GO:0072017,distal tubule development,1/257,13/8488,0.07692307692307693,2.5405567195450462,0.9821930963620071,0.32966905949395164,0.6549831776471642,0.5610998106383881,LOC111330961,1
GO:0072234,metanephric nephron tubule development,1/257,13/8488,0.07692307692307693,2.5405567195450462,0.9821930963620071,0.32966905949395164,0.6549831776471642,0.5610998106383881,LOC111330961,1
GO:0097688,glutamate receptor clustering,1/257,13/8488,0.07692307692307693,2.5405567195450462,0.9821930963620071,0.32966905949395164,0.6549831776471642,0.5610998106383881,LOC111326544,1
GO:1900153,"positive regulation of nuclear-transcribed mRNA catabolic process, deadenylation-dependent decay",1/257,13/8488,0.07692307692307693,2.5405567195450462,0.9821930963620071,0.32966905949395164,0.6549831776471642,0.5610998106383881,LOC111320938,1
GO:1903409,reactive oxygen species biosynthetic process,1/257,13/8488,0.07692307692307693,2.5405567195450462,0.9821930963620071,0.32966905949395164,0.6549831776471642,0.5610998106383881,LOC111333170,1
GO:1903792,negative regulation of monoatomic anion transport,1/257,13/8488,0.07692307692307693,2.5405567195450462,0.9821930963620071,0.32966905949395164,0.6549831776471642,0.5610998106383881,LOC111331664,1
GO:0001701,in utero embryonic development,8/257,216/8488,0.037037037037037035,1.2232310131142816,0.5872100838450858,0.33109754639230515,0.6565650791822022,0.5624549670485831,LOC111343122/LOC111329099/LOC111330856/LOC111322288/LOC111328749/LOC111325671/LOC111323636/LOC111333767,8
GO:0007631,feeding behavior,3/257,67/8488,0.04477611940298507,1.4788315233172658,0.6952734787818806,0.33116786262342923,0.6565650791822022,0.5624549670485831,LOC111333986/LOC111323945/LOC111342546,3
GO:0031091,platelet alpha granule,2/257,39/8488,0.05128205128205128,1.6937044796966976,0.7672228156562908,0.33155663406840596,0.6565650791822022,0.5624549670485831,LOC111327252/LOC111322288,2
GO:0043113,receptor clustering,2/257,39/8488,0.05128205128205128,1.6937044796966976,0.7672228156562908,0.33155663406840596,0.6565650791822022,0.5624549670485831,LOC111336974/LOC111326544,2
GO:0048701,embryonic cranial skeleton morphogenesis,2/257,39/8488,0.05128205128205128,1.6937044796966976,0.7672228156562908,0.33155663406840596,0.6565650791822022,0.5624549670485831,LOC111330631/LOC111344472,2
GO:0031346,positive regulation of cell projection organization,11/257,310/8488,0.035483870967741936,1.17193422869336,0.544925335714461,0.33796666570416484,0.666744439306552,0.5711752475582443,LOC111328393/LOC111342023/LOC111335693/LOC111333478/LOC111323777/LOC111345144/LOC111320751/LOC111346320/LOC111326544/LOC111333893/LOC111340622,11
GO:0051147,regulation of muscle cell differentiation,4/257,97/8488,0.041237113402061855,1.3619479321272414,0.6334939450863782,0.3382886016962625,0.666744439306552,0.5711752475582443,LOC111322288/LOC111333893/LOC111322526/LOC111344472,4
GO:0097367,carbohydrate derivative binding,15/257,435/8488,0.034482758620689655,1.1388702535891586,0.5254027836507446,0.33867142433791275,0.666744439306552,0.5711752475582443,LOC111342023/LOC111322288/LOC111333170/LOC111325671/LOC111321759/LOC111327334/LOC111336425/LOC111331622/LOC111333893/LOC111334900/LOC111333695/LOC111326058/LOC111337168/LOC111340596/LOC111340622,15
GO:0042581,specific granule,3/257,68/8488,0.04411764705882353,1.4570840009155415,0.6686699287708003,0.33951977962111357,0.666744439306552,0.5711752475582443,LOC111327418/LOC111323527/LOC111325560,3
GO:0099738,cell cortex region,3/257,68/8488,0.04411764705882353,1.4570840009155415,0.6686699287708003,0.33951977962111357,0.666744439306552,0.5711752475582443,LOC111322311/LOC111331622/LOC111327558,3
GO:0046474,glycerophospholipid biosynthetic process,5/257,127/8488,0.03937007874015748,1.3002849352002206,0.6024536717201969,0.34020969231420456,0.666744439306552,0.5711752475582443,LOC111346087/LOC111331664/LOC111329762/LOC111331303/LOC111338817,5
GO:0006812,monoatomic cation transport,12/257,342/8488,0.03508771929824561,1.1588504334766878,0.5298422866625419,0.3413820528803923,0.666744439306552,0.5711752475582443,LOC111336828/LOC111322161/LOC111342077/LOC111330251/LOC111323527/LOC111329755/LOC111330961/LOC111328120/LOC111334900/LOC111326058/LOC111334761/LOC111329754,12
GO:0001837,epithelial to mesenchymal transition,2/257,40/8488,0.05,1.6513618677042803,0.7296132886265883,0.3427007080197444,0.666744439306552,0.5711752475582443,LOC111325851/LOC111324368,2
GO:0002698,negative regulation of immune effector process,2/257,40/8488,0.05,1.6513618677042803,0.7296132886265883,0.3427007080197444,0.666744439306552,0.5711752475582443,LOC111327252/LOC111338418,2
GO:0046834,lipid phosphorylation,2/257,40/8488,0.05,1.6513618677042803,0.7296132886265883,0.3427007080197444,0.666744439306552,0.5711752475582443,LOC111322288/LOC111338817,2
GO:0048709,oligodendrocyte differentiation,2/257,40/8488,0.05,1.6513618677042803,0.7296132886265883,0.3427007080197444,0.666744439306552,0.5711752475582443,LOC111345144/LOC111333767,2
GO:0034762,regulation of transmembrane transport,7/257,188/8488,0.03723404255319149,1.2297375610563788,0.5628455626349227,0.34300746744816474,0.666744439306552,0.5711752475582443,LOC111320952/LOC111323945/LOC111328749/LOC111346320/LOC111327334/LOC111323636/LOC111326058,7
GO:0001745,compound eye morphogenesis,6/257,158/8488,0.0379746835443038,1.2541988868640104,0.5698978901240206,0.34517034384423606,0.666744439306552,0.5711752475582443,LOC111329099/LOC111342023/LOC111323777/LOC111329762/LOC111333893/LOC111334412,6
GO:0035091,phosphatidylinositol binding,6/257,158/8488,0.0379746835443038,1.2541988868640104,0.5698978901240206,0.34517034384423606,0.666744439306552,0.5711752475582443,LOC111335366/LOC111340366/LOC111333613/LOC111321894/LOC111333893/LOC111325968,6
GO:0030658,transport vesicle membrane,4/257,98/8488,0.04081632653061224,1.3480505042483917,0.6123386700858308,0.3452133042693615,0.666744439306552,0.5711752475582443,LOC111342023/LOC111343017/LOC111326544/LOC111321502,4
GO:0061351,neural precursor cell proliferation,4/257,98/8488,0.04081632653061224,1.3480505042483917,0.6123386700858308,0.3452133042693615,0.666744439306552,0.5711752475582443,LOC111323862/LOC111346320/LOC111335662/LOC111333767,4
GO:0050821,protein stabilization,5/257,128/8488,0.0390625,1.290126459143969,0.5843950729064247,0.3462443991551506,0.666744439306552,0.5711752475582443,LOC111343122/LOC111322266/LOC111323127/LOC111340883/LOC111322261,5
GO:0090276,regulation of peptide hormone secretion,5/257,128/8488,0.0390625,1.290126459143969,0.5843950729064247,0.3462443991551506,0.666744439306552,0.5711752475582443,LOC111325642/LOC111323945/LOC111338776/LOC111340883/LOC111323527,5
GO:0003774,cytoskeletal motor activity,3/257,69/8488,0.043478260869565216,1.4359668414819828,0.6424881348157778,0.34786520408992894,0.666744439306552,0.5711752475582443,LOC111331389/LOC111331219/LOC111325968,3
GO:0043123,positive regulation of canonical NF-kappaB signal transduction,3/257,69/8488,0.043478260869565216,1.4359668414819828,0.6424881348157778,0.34786520408992894,0.666744439306552,0.5711752475582443,LOC111323862/LOC111337453/LOC111337462,3
GO:0044070,regulation of monoatomic anion transport,3/257,69/8488,0.043478260869565216,1.4359668414819828,0.6424881348157778,0.34786520408992894,0.666744439306552,0.5711752475582443,LOC111331664/LOC111346320/LOC111333012,3
GO:0062013,positive regulation of small molecule metabolic process,3/257,69/8488,0.043478260869565216,1.4359668414819828,0.6424881348157778,0.34786520408992894,0.666744439306552,0.5711752475582443,LOC111322288/LOC111346320/LOC111331303,3
GO:0097306,cellular response to alcohol,3/257,69/8488,0.043478260869565216,1.4359668414819828,0.6424881348157778,0.34786520408992894,0.666744439306552,0.5711752475582443,LOC111325642/LOC111336999/LOC111326058,3
GO:0000305,response to oxygen radical,1/257,14/8488,0.07142857142857142,2.3590883824346855,0.8992591180143938,0.34999649922375187,0.666744439306552,0.5711752475582443,LOC111333170,1
GO:0001937,negative regulation of endothelial cell proliferation,1/257,14/8488,0.07142857142857142,2.3590883824346855,0.8992591180143938,0.34999649922375187,0.666744439306552,0.5711752475582443,LOC111328024,1
GO:0002093,auditory receptor cell morphogenesis,1/257,14/8488,0.07142857142857142,2.3590883824346855,0.8992591180143938,0.34999649922375187,0.666744439306552,0.5711752475582443,LOC111326058,1
GO:0003179,heart valve morphogenesis,1/257,14/8488,0.07142857142857142,2.3590883824346855,0.8992591180143938,0.34999649922375187,0.666744439306552,0.5711752475582443,LOC111340883,1
GO:0003785,actin monomer binding,1/257,14/8488,0.07142857142857142,2.3590883824346855,0.8992591180143938,0.34999649922375187,0.666744439306552,0.5711752475582443,LOC111321894,1
GO:0005227,calcium-activated cation channel activity,1/257,14/8488,0.07142857142857142,2.3590883824346855,0.8992591180143938,0.34999649922375187,0.666744439306552,0.5711752475582443,LOC111326934,1
GO:0005979,regulation of glycogen biosynthetic process,1/257,14/8488,0.07142857142857142,2.3590883824346855,0.8992591180143938,0.34999649922375187,0.666744439306552,0.5711752475582443,LOC111324410,1
GO:0009642,response to light intensity,1/257,14/8488,0.07142857142857142,2.3590883824346855,0.8992591180143938,0.34999649922375187,0.666744439306552,0.5711752475582443,LOC111323127,1
GO:0010226,response to lithium ion,1/257,14/8488,0.07142857142857142,2.3590883824346855,0.8992591180143938,0.34999649922375187,0.666744439306552,0.5711752475582443,LOC111331303,1
GO:0010614,negative regulation of cardiac muscle hypertrophy,1/257,14/8488,0.07142857142857142,2.3590883824346855,0.8992591180143938,0.34999649922375187,0.666744439306552,0.5711752475582443,LOC111326058,1
GO:0014812,muscle cell migration,1/257,14/8488,0.07142857142857142,2.3590883824346855,0.8992591180143938,0.34999649922375187,0.666744439306552,0.5711752475582443,LOC111330631,1
GO:0014912,negative regulation of smooth muscle cell migration,1/257,14/8488,0.07142857142857142,2.3590883824346855,0.8992591180143938,0.34999649922375187,0.666744439306552,0.5711752475582443,LOC111340596,1
GO:0015215,nucleotide transmembrane transporter activity,1/257,14/8488,0.07142857142857142,2.3590883824346855,0.8992591180143938,0.34999649922375187,0.666744439306552,0.5711752475582443,LOC111334761,1
GO:0016327,apicolateral plasma membrane,1/257,14/8488,0.07142857142857142,2.3590883824346855,0.8992591180143938,0.34999649922375187,0.666744439306552,0.5711752475582443,LOC111334412,1
GO:0017085,response to insecticide,1/257,14/8488,0.07142857142857142,2.3590883824346855,0.8992591180143938,0.34999649922375187,0.666744439306552,0.5711752475582443,LOC111325642,1
GO:0019934,cGMP-mediated signaling,1/257,14/8488,0.07142857142857142,2.3590883824346855,0.8992591180143938,0.34999649922375187,0.666744439306552,0.5711752475582443,LOC111321593,1
GO:0021800,cerebral cortex tangential migration,1/257,14/8488,0.07142857142857142,2.3590883824346855,0.8992591180143938,0.34999649922375187,0.666744439306552,0.5711752475582443,LOC111333478,1
GO:0021854,hypothalamus development,1/257,14/8488,0.07142857142857142,2.3590883824346855,0.8992591180143938,0.34999649922375187,0.666744439306552,0.5711752475582443,LOC111333478,1
GO:0030042,actin filament depolymerization,1/257,14/8488,0.07142857142857142,2.3590883824346855,0.8992591180143938,0.34999649922375187,0.666744439306552,0.5711752475582443,LOC111321894,1
GO:0030056,hemidesmosome,1/257,14/8488,0.07142857142857142,2.3590883824346855,0.8992591180143938,0.34999649922375187,0.666744439306552,0.5711752475582443,LOC111335693,1
GO:0040037,negative regulation of fibroblast growth factor receptor signaling pathway,1/257,14/8488,0.07142857142857142,2.3590883824346855,0.8992591180143938,0.34999649922375187,0.666744439306552,0.5711752475582443,LOC111328024,1
GO:0048072,compound eye pigmentation,1/257,14/8488,0.07142857142857142,2.3590883824346855,0.8992591180143938,0.34999649922375187,0.666744439306552,0.5711752475582443,LOC111334761,1
GO:0048368,lateral mesoderm development,1/257,14/8488,0.07142857142857142,2.3590883824346855,0.8992591180143938,0.34999649922375187,0.666744439306552,0.5711752475582443,LOC111325642,1
GO:0050849,negative regulation of calcium-mediated signaling,1/257,14/8488,0.07142857142857142,2.3590883824346855,0.8992591180143938,0.34999649922375187,0.666744439306552,0.5711752475582443,LOC111326058,1
GO:0051205,protein insertion into membrane,1/257,14/8488,0.07142857142857142,2.3590883824346855,0.8992591180143938,0.34999649922375187,0.666744439306552,0.5711752475582443,LOC111336828,1
GO:0060669,embryonic placenta morphogenesis,1/257,14/8488,0.07142857142857142,2.3590883824346855,0.8992591180143938,0.34999649922375187,0.666744439306552,0.5711752475582443,LOC111330856,1
GO:0060914,heart formation,1/257,14/8488,0.07142857142857142,2.3590883824346855,0.8992591180143938,0.34999649922375187,0.666744439306552,0.5711752475582443,LOC111333767,1
GO:0070670,response to interleukin-4,1/257,14/8488,0.07142857142857142,2.3590883824346855,0.8992591180143938,0.34999649922375187,0.666744439306552,0.5711752475582443,LOC111333695,1
GO:0071577,zinc ion transmembrane transport,1/257,14/8488,0.07142857142857142,2.3590883824346855,0.8992591180143938,0.34999649922375187,0.666744439306552,0.5711752475582443,LOC111323527,1
GO:0071600,otic vesicle morphogenesis,1/257,14/8488,0.07142857142857142,2.3590883824346855,0.8992591180143938,0.34999649922375187,0.666744439306552,0.5711752475582443,LOC111344472,1
GO:0072170,metanephric tubule development,1/257,14/8488,0.07142857142857142,2.3590883824346855,0.8992591180143938,0.34999649922375187,0.666744439306552,0.5711752475582443,LOC111330961,1
GO:0072578,neurotransmitter-gated ion channel clustering,1/257,14/8488,0.07142857142857142,2.3590883824346855,0.8992591180143938,0.34999649922375187,0.666744439306552,0.5711752475582443,LOC111326544,1
GO:1900151,"regulation of nuclear-transcribed mRNA catabolic process, deadenylation-dependent decay",1/257,14/8488,0.07142857142857142,2.3590883824346855,0.8992591180143938,0.34999649922375187,0.666744439306552,0.5711752475582443,LOC111320938,1
GO:1901046,positive regulation of egg-laying behavior,1/257,14/8488,0.07142857142857142,2.3590883824346855,0.8992591180143938,0.34999649922375187,0.666744439306552,0.5711752475582443,LOC111320921,1
GO:1901679,nucleotide transmembrane transport,1/257,14/8488,0.07142857142857142,2.3590883824346855,0.8992591180143938,0.34999649922375187,0.666744439306552,0.5711752475582443,LOC111334761,1
GO:1901890,positive regulation of cell junction assembly,1/257,14/8488,0.07142857142857142,2.3590883824346855,0.8992591180143938,0.34999649922375187,0.666744439306552,0.5711752475582443,LOC111333478,1
GO:1990752,microtubule end,1/257,14/8488,0.07142857142857142,2.3590883824346855,0.8992591180143938,0.34999649922375187,0.666744439306552,0.5711752475582443,LOC111330205,1
GO:0008360,regulation of cell shape,4/257,99/8488,0.04040404040404041,1.3344338324883074,0.5914119120832606,0.3521412734984636,0.6701428532364739,0.5740865428061619,LOC111332158/LOC111324192/LOC111327334/LOC111325968,4
GO:0043406,positive regulation of MAP kinase activity,5/257,129/8488,0.03875968992248062,1.2801254788405272,0.5664840239682183,0.3522859985459697,0.6701428532364739,0.5740865428061619,LOC111323862/LOC111322288/LOC111323945/LOC111328749/LOC111323636,5
GO:0031347,regulation of defense response,11/257,314/8488,0.03503184713375796,1.1570051302386677,0.500931927365863,0.35335931585774877,0.6701428532364739,0.5740865428061619,LOC111342023/LOC111327252/LOC111328749/LOC111332789/LOC111325671/LOC111338418/LOC111327334/LOC111323636/LOC111331303/LOC111324532/LOC111334113,11
GO:0001657,ureteric bud development,2/257,41/8488,0.04878048780487805,1.6110847489797855,0.6930418939238927,0.35378552225383,0.6701428532364739,0.5740865428061619,LOC111330961/LOC111333767,2
GO:0002821,positive regulation of adaptive immune response,2/257,41/8488,0.04878048780487805,1.6110847489797855,0.6930418939238927,0.35378552225383,0.6701428532364739,0.5740865428061619,LOC111328749/LOC111323636,2
GO:0030216,keratinocyte differentiation,2/257,41/8488,0.04878048780487805,1.6110847489797855,0.6930418939238927,0.35378552225383,0.6701428532364739,0.5740865428061619,LOC111320952/LOC111326544,2
GO:0031100,animal organ regeneration,2/257,41/8488,0.04878048780487805,1.6110847489797855,0.6930418939238927,0.35378552225383,0.6701428532364739,0.5740865428061619,LOC111332158/LOC111338776,2
GO:0046332,SMAD binding,2/257,41/8488,0.04878048780487805,1.6110847489797855,0.6930418939238927,0.35378552225383,0.6701428532364739,0.5740865428061619,LOC111320871/LOC111320822,2
GO:0055059,asymmetric neuroblast division,2/257,41/8488,0.04878048780487805,1.6110847489797855,0.6930418939238927,0.35378552225383,0.6701428532364739,0.5740865428061619,LOC111323862/LOC111335662,2
GO:0007405,neuroblast proliferation,3/257,70/8488,0.04285714285714286,1.4154530294608116,0.6167140623949117,0.3562004496421245,0.6738685235996922,0.5772781865103747,LOC111323862/LOC111346320/LOC111335662,3
GO:0009755,hormone-mediated signaling pathway,3/257,70/8488,0.04285714285714286,1.4154530294608116,0.6167140623949117,0.3562004496421245,0.6738685235996922,0.5772781865103747,LOC111323127/LOC111346320/LOC111336999,3
GO:0006836,neurotransmitter transport,5/257,130/8488,0.038461538461538464,1.2702783597725231,0.54871790198477155,0.3583329637501486,0.6748102041594445,0.5780848893415174,LOC111343017/LOC111335321/LOC111342077/LOC111322311/LOC111334761,5
GO:0071248,cellular response to metal ion,4/257,100/8488,0.04,1.3210894941634241,0.5707083766114944,0.35907027502718847,0.6748102041594445,0.5780848893415174,LOC111325642/LOC111324621/LOC111323945/LOC111323527,4
GO:0001558,regulation of cell growth,10/257,285/8488,0.03508771929824561,1.1588504334766878,0.4819942312575924,0.3621786634242806,0.6748102041594445,0.5780848893415174,LOC111342023/LOC111332789/LOC111333478/LOC111333901/LOC111331664/LOC111323777/LOC111327334/LOC111326544/LOC111333893/LOC111340622,10
GO:0005975,carbohydrate metabolic process,8/257,223/8488,0.03587443946188341,1.1848336270523983,0.4942302806690854,0.36323693910009697,0.6748102041594445,0.5780848893415174,LOC111324504/LOC111338776/LOC111334156/LOC111346317/LOC111324410/LOC111336425/LOC111337168/LOC111329016,8
GO:0007626,locomotory behavior,8/257,223/8488,0.03587443946188341,1.1848336270523983,0.4942302806690854,0.36323693910009697,0.6748102041594445,0.5780848893415174,LOC111343017/LOC111342143/LOC111322311/LOC111330961/LOC111331301/LOC111326058/LOC111331073/LOC111342147,8
GO:0045471,response to ethanol,5/257,131/8488,0.03816793893129771,1.260581578400214,0.5310941516289893,0.3643837875904952,0.6748102041594445,0.5780848893415174,LOC111332158/LOC111324410/LOC111325560/LOC111336999/LOC111333695,5
GO:0001823,mesonephros development,2/257,42/8488,0.047619047619047616,1.5727255882897904,0.6574504932872534,0.36480446012061973,0.6748102041594445,0.5780848893415174,LOC111330961/LOC111333767,2
GO:0002028,regulation of sodium ion transport,2/257,42/8488,0.047619047619047616,1.5727255882897904,0.6574504932872534,0.36480446012061973,0.6748102041594445,0.5780848893415174,LOC111320952/LOC111326058,2
GO:0016667,"oxidoreductase activity, acting on a sulfur group of donors",2/257,42/8488,0.047619047619047616,1.5727255882897904,0.6574504932872534,0.36480446012061973,0.6748102041594445,0.5780848893415174,LOC111322266/LOC111322261,2
GO:0045179,apical cortex,2/257,42/8488,0.047619047619047616,1.5727255882897904,0.6574504932872534,0.36480446012061973,0.6748102041594445,0.5780848893415174,LOC111331622/LOC111327558,2
GO:0061178,regulation of insulin secretion involved in cellular response to glucose stimulus,2/257,42/8488,0.047619047619047616,1.5727255882897904,0.6574504932872534,0.36480446012061973,0.6748102041594445,0.5780848893415174,LOC111323945/LOC111338776,2
GO:0072080,nephron tubule development,2/257,42/8488,0.047619047619047616,1.5727255882897904,0.6574504932872534,0.36480446012061973,0.6748102041594445,0.5780848893415174,LOC111330961/LOC111333767,2
GO:0072163,mesonephric epithelium development,2/257,42/8488,0.047619047619047616,1.5727255882897904,0.6574504932872534,0.36480446012061973,0.6748102041594445,0.5780848893415174,LOC111330961/LOC111333767,2
GO:0072164,mesonephric tubule development,2/257,42/8488,0.047619047619047616,1.5727255882897904,0.6574504932872534,0.36480446012061973,0.6748102041594445,0.5780848893415174,LOC111330961/LOC111333767,2
GO:0048738,cardiac muscle tissue development,4/257,101/8488,0.039603960396039604,1.3080094001618061,0.550222946513251,0.3659981183669839,0.6748102041594445,0.5780848893415174,LOC111326654/LOC111321759/LOC111325851/LOC111344472,4
GO:0016311,dephosphorylation,6/257,162/8488,0.037037037037037035,1.2232310131142816,0.5068870502420935,0.3668894187698265,0.6748102041594445,0.5780848893415174,LOC111342023/LOC111323127/LOC111323777/LOC111345144/LOC111324410/LOC111333580,6
GO:0030307,positive regulation of cell growth,6/257,162/8488,0.037037037037037035,1.2232310131142816,0.5068870502420935,0.3668894187698265,0.6748102041594445,0.5780848893415174,LOC111333478/LOC111331664/LOC111327334/LOC111326544/LOC111333893/LOC111340622,6
GO:0002119,nematode larval development,7/257,193/8488,0.03626943005181347,1.1978790750186488,0.49134630318025957,0.36784363655353464,0.6748102041594445,0.5780848893415174,LOC111324192/LOC111335693/LOC111342143/LOC111320751/LOC111328517/LOC111326058/LOC111342147,7
GO:0030036,actin cytoskeleton organization,11/257,318/8488,0.03459119496855346,1.1424516065878667,0.45749594100116237,0.3688637076131887,0.6748102041594445,0.5780848893415174,LOC111330631/LOC111328433/LOC111322288/LOC111335693/LOC111333478/LOC111340398/LOC111330767/LOC111339275/LOC111321894/LOC111328517/LOC111330877,11
GO:0001836,release of cytochrome c from mitochondria,1/257,15/8488,0.06666666666666667,2.201815823605707,0.8231562993484911,0.36970984589586586,0.6748102041594445,0.5780848893415174,LOC111340887,1
GO:0003230,cardiac atrium development,1/257,15/8488,0.06666666666666667,2.201815823605707,0.8231562993484911,0.36970984589586586,0.6748102041594445,0.5780848893415174,LOC111340883,1
GO:0003338,metanephros morphogenesis,1/257,15/8488,0.06666666666666667,2.201815823605707,0.8231562993484911,0.36970984589586586,0.6748102041594445,0.5780848893415174,LOC111330961,1
GO:0005882,intermediate filament,1/257,15/8488,0.06666666666666667,2.201815823605707,0.8231562993484911,0.36970984589586586,0.6748102041594445,0.5780848893415174,LOC111333478,1
GO:0006541,glutamine metabolic process,1/257,15/8488,0.06666666666666667,2.201815823605707,0.8231562993484911,0.36970984589586586,0.6748102041594445,0.5780848893415174,LOC111327210,1
GO:0006862,nucleotide transport,1/257,15/8488,0.06666666666666667,2.201815823605707,0.8231562993484911,0.36970984589586586,0.6748102041594445,0.5780848893415174,LOC111334761,1
GO:0009744,response to sucrose,1/257,15/8488,0.06666666666666667,2.201815823605707,0.8231562993484911,0.36970984589586586,0.6748102041594445,0.5780848893415174,LOC111346320,1
GO:0010718,positive regulation of epithelial to mesenchymal transition,1/257,15/8488,0.06666666666666667,2.201815823605707,0.8231562993484911,0.36970984589586586,0.6748102041594445,0.5780848893415174,LOC111324368,1
GO:0010765,positive regulation of sodium ion transport,1/257,15/8488,0.06666666666666667,2.201815823605707,0.8231562993484911,0.36970984589586586,0.6748102041594445,0.5780848893415174,LOC111320952,1
GO:0015800,acidic amino acid transport,1/257,15/8488,0.06666666666666667,2.201815823605707,0.8231562993484911,0.36970984589586586,0.6748102041594445,0.5780848893415174,LOC111342077,1
GO:0016080,synaptic vesicle targeting,1/257,15/8488,0.06666666666666667,2.201815823605707,0.8231562993484911,0.36970984589586586,0.6748102041594445,0.5780848893415174,LOC111335321,1
GO:0031941,filamentous actin,1/257,15/8488,0.06666666666666667,2.201815823605707,0.8231562993484911,0.36970984589586586,0.6748102041594445,0.5780848893415174,LOC111340398,1
GO:0036099,female germ-line stem cell population maintenance,1/257,15/8488,0.06666666666666667,2.201815823605707,0.8231562993484911,0.36970984589586586,0.6748102041594445,0.5780848893415174,LOC111343646,1
GO:0042044,fluid transport,1/257,15/8488,0.06666666666666667,2.201815823605707,0.8231562993484911,0.36970984589586586,0.6748102041594445,0.5780848893415174,LOC111331589,1
GO:0042448,progesterone metabolic process,1/257,15/8488,0.06666666666666667,2.201815823605707,0.8231562993484911,0.36970984589586586,0.6748102041594445,0.5780848893415174,LOC111332887,1
GO:0042474,middle ear morphogenesis,1/257,15/8488,0.06666666666666667,2.201815823605707,0.8231562993484911,0.36970984589586586,0.6748102041594445,0.5780848893415174,LOC111344472,1
GO:0043236,laminin binding,1/257,15/8488,0.06666666666666667,2.201815823605707,0.8231562993484911,0.36970984589586586,0.6748102041594445,0.5780848893415174,LOC111335693,1
GO:0043534,blood vessel endothelial cell migration,1/257,15/8488,0.06666666666666667,2.201815823605707,0.8231562993484911,0.36970984589586586,0.6748102041594445,0.5780848893415174,LOC111333478,1
GO:0046625,sphingolipid binding,1/257,15/8488,0.06666666666666667,2.201815823605707,0.8231562993484911,0.36970984589586586,0.6748102041594445,0.5780848893415174,LOC111321759,1
GO:0046638,positive regulation of alpha-beta T cell differentiation,1/257,15/8488,0.06666666666666667,2.201815823605707,0.8231562993484911,0.36970984589586586,0.6748102041594445,0.5780848893415174,LOC111333767,1
GO:0048840,otolith development,1/257,15/8488,0.06666666666666667,2.201815823605707,0.8231562993484911,0.36970984589586586,0.6748102041594445,0.5780848893415174,LOC111326058,1
GO:0050908,detection of light stimulus involved in visual perception,1/257,15/8488,0.06666666666666667,2.201815823605707,0.8231562993484911,0.36970984589586586,0.6748102041594445,0.5780848893415174,LOC111340622,1
GO:0050955,thermoception,1/257,15/8488,0.06666666666666667,2.201815823605707,0.8231562993484911,0.36970984589586586,0.6748102041594445,0.5780848893415174,LOC111323527,1
GO:0050998,nitric-oxide synthase binding,1/257,15/8488,0.06666666666666667,2.201815823605707,0.8231562993484911,0.36970984589586586,0.6748102041594445,0.5780848893415174,LOC111326058,1
GO:0055064,chloride ion homeostasis,1/257,15/8488,0.06666666666666667,2.201815823605707,0.8231562993484911,0.36970984589586586,0.6748102041594445,0.5780848893415174,LOC111336828,1
GO:0060325,face morphogenesis,1/257,15/8488,0.06666666666666667,2.201815823605707,0.8231562993484911,0.36970984589586586,0.6748102041594445,0.5780848893415174,LOC111344472,1
GO:0061067,negative regulation of dauer larval development,1/257,15/8488,0.06666666666666667,2.201815823605707,0.8231562993484911,0.36970984589586586,0.6748102041594445,0.5780848893415174,LOC111326544,1
GO:0061578,K63-linked deubiquitinase activity,1/257,15/8488,0.06666666666666667,2.201815823605707,0.8231562993484911,0.36970984589586586,0.6748102041594445,0.5780848893415174,LOC111330437,1
GO:0070873,regulation of glycogen metabolic process,1/257,15/8488,0.06666666666666667,2.201815823605707,0.8231562993484911,0.36970984589586586,0.6748102041594445,0.5780848893415174,LOC111324410,1
GO:0070983,dendrite guidance,1/257,15/8488,0.06666666666666667,2.201815823605707,0.8231562993484911,0.36970984589586586,0.6748102041594445,0.5780848893415174,LOC111333901,1
GO:0071361,cellular response to ethanol,1/257,15/8488,0.06666666666666667,2.201815823605707,0.8231562993484911,0.36970984589586586,0.6748102041594445,0.5780848893415174,LOC111336999,1
GO:0097192,extrinsic apoptotic signaling pathway in absence of ligand,1/257,15/8488,0.06666666666666667,2.201815823605707,0.8231562993484911,0.36970984589586586,0.6748102041594445,0.5780848893415174,LOC111340887,1
GO:0097341,zymogen inhibition,1/257,15/8488,0.06666666666666667,2.201815823605707,0.8231562993484911,0.36970984589586586,0.6748102041594445,0.5780848893415174,LOC111326544,1
GO:1901142,insulin metabolic process,1/257,15/8488,0.06666666666666667,2.201815823605707,0.8231562993484911,0.36970984589586586,0.6748102041594445,0.5780848893415174,LOC111326544,1
GO:1902236,negative regulation of endoplasmic reticulum stress-induced intrinsic apoptotic signaling pathway,1/257,15/8488,0.06666666666666667,2.201815823605707,0.8231562993484911,0.36970984589586586,0.6748102041594445,0.5780848893415174,LOC111338776,1
GO:1902884,positive regulation of response to oxidative stress,1/257,15/8488,0.06666666666666667,2.201815823605707,0.8231562993484911,0.36970984589586586,0.6748102041594445,0.5780848893415174,LOC111323527,1
GO:1904754,positive regulation of vascular associated smooth muscle cell migration,1/257,15/8488,0.06666666666666667,2.201815823605707,0.8231562993484911,0.36970984589586586,0.6748102041594445,0.5780848893415174,LOC111322288,1
GO:2000036,regulation of stem cell population maintenance,1/257,15/8488,0.06666666666666667,2.201815823605707,0.8231562993484911,0.36970984589586586,0.6748102041594445,0.5780848893415174,LOC111324368,1
GO:2000136,regulation of cell proliferation involved in heart morphogenesis,1/257,15/8488,0.06666666666666667,2.201815823605707,0.8231562993484911,0.36970984589586586,0.6748102041594445,0.5780848893415174,LOC111344472,1
GO:0015075,monoatomic ion transmembrane transporter activity,11/257,319/8488,0.034482758620689655,1.1388702535891586,0.4467221470904941,0.37275421979090534,0.6782051717786227,0.5809932322627619,LOC111345835/LOC111336828/LOC111343017/LOC111330589/LOC111342077/LOC111330251/LOC111323527/LOC111334900/LOC111326058/LOC111334761/LOC111328842,11
GO:0044283,small molecule biosynthetic process,11/257,319/8488,0.034482758620689655,1.1388702535891586,0.4467221470904941,0.37275421979090534,0.6782051717786227,0.5809932322627619,LOC111333170/LOC111326885/LOC111331664/LOC111333875/LOC111342143/LOC111327210/LOC111331622/LOC111331303/LOC111334900/LOC111341830/LOC111342147,11
GO:0031644,regulation of nervous system process,3/257,72/8488,0.041666666666666664,1.3761348897535666,0.5663362575242801,0.372826255005411,0.6782051717786227,0.5809932322627619,LOC111345835/LOC111332158/LOC111343017,3
GO:0031348,negative regulation of defense response,4/257,102/8488,0.0392156862745098,1.2951857785915923,0.52995067426257,0.3729226576202932,0.6782051717786227,0.5809932322627619,LOC111327252/LOC111332789/LOC111327334/LOC111324532,4
GO:0042461,photoreceptor cell development,4/257,102/8488,0.0392156862745098,1.2951857785915923,0.52995067426257,0.3729226576202932,0.6782051717786227,0.5809932322627619,LOC111342023/LOC111322288/LOC111323777/LOC111340398,4
GO:1902806,regulation of cell cycle G1/S phase transition,4/257,102/8488,0.0392156862745098,1.2951857785915923,0.52995067426257,0.3729226576202932,0.6782051717786227,0.5809932322627619,LOC111340883/LOC111331303/LOC111326058/LOC111333767,4
GO:0030162,regulation of proteolysis,14/257,414/8488,0.033816425120772944,1.116863098930431,0.4307750668623434,0.3737864196029469,0.6793652871091627,0.5819870600655201,LOC111330856/LOC111327252/LOC111328749/LOC111327625/LOC111338418/LOC111322311/LOC111327334/LOC111344634/LOC111326819/LOC111323636/LOC111326544/LOC111325220/LOC111344752/LOC111334113,14
GO:0003407,neural retina development,2/257,43/8488,0.046511627906976744,1.5361505746086326,0.6227855659108268,0.37575135674020177,0.6817008932898232,0.5839878873087512,LOC111330961/LOC111326058,2
GO:0007520,myoblast fusion,2/257,43/8488,0.046511627906976744,1.5361505746086326,0.6227855659108268,0.37575135674020177,0.6817008932898232,0.5839878873087512,LOC111330631/LOC111333901,2
GO:0045833,negative regulation of lipid metabolic process,2/257,43/8488,0.046511627906976744,1.5361505746086326,0.6227855659108268,0.37575135674020177,0.6817008932898232,0.5839878873087512,LOC111320024/LOC111322288,2
GO:0060491,regulation of cell projection assembly,5/257,133/8488,0.03759398496240601,1.2416254644393083,0.4962638690001044,0.3764910841215767,0.6822199885769293,0.5844325770003931,LOC111342023/LOC111333478/LOC111323777/LOC111323527/LOC111325968,5
GO:0120032,regulation of plasma membrane bounded cell projection assembly,5/257,133/8488,0.03759398496240601,1.2416254644393083,0.4962638690001044,0.3764910841215767,0.6822199885769293,0.5844325770003931,LOC111342023/LOC111333478/LOC111323777/LOC111323527/LOC111325968,5
GO:1903829,positive regulation of protein localization,7/257,195/8488,0.035897435897435895,1.185593135787688,0.4632770052984991,0.3778182246292021,0.6842126548372306,0.5861396203252871,LOC111336974/LOC111335693/LOC111331664/LOC111327334/LOC111331301/LOC111333767/LOC111340596,7
GO:0045666,positive regulation of neuron differentiation,10/257,289/8488,0.03460207612456748,1.1428109811102285,0.4364630094602793,0.37855491509454575,0.6851342867655799,0.5869291482370308,LOC111328393/LOC111335693/LOC111333478/LOC111323777/LOC111345144/LOC111320751/LOC111346320/LOC111326544/LOC111333893/LOC111340622,10
GO:0003690,double-stranded DNA binding,11/257,321/8488,0.03426791277258567,1.1317744887692884,0.42527508526647695,0.3805497114112808,0.6859785124175602,0.587652365060956,LOC111330631/LOC111328662/LOC111341087/LOC111326654/LOC111338776/LOC111340883/LOC111325851/LOC111331301/LOC111333767/LOC111344472/LOC111333334,11
GO:0019318,hexose metabolic process,3/257,73/8488,0.0410958904109589,1.3572837268802302,0.5417076487715983,0.3811100367474034,0.6859785124175602,0.587652365060956,LOC111338776/LOC111336425/LOC111329016,3
GO:0002697,regulation of immune effector process,6/257,165/8488,0.03636363636363636,1.2009904492394763,0.4606751729885988,0.38322493005949926,0.6859785124175602,0.587652365060956,LOC111327252/LOC111328749/LOC111338418/LOC111327334/LOC111323636/LOC111334113,6
GO:0051223,regulation of protein transport,13/257,385/8488,0.033766233766233764,1.1152054171509422,0.4087875947459084,0.3832306871880339,0.6859785124175602,0.587652365060956,LOC111325642/LOC111323945/LOC111328749/LOC111333901/LOC111331664/LOC111338776/LOC111340883/LOC111320751/LOC111323527/LOC111323636/LOC111331301/LOC111333767/LOC111340596,13
GO:0000768,syncytium formation by plasma membrane fusion,2/257,44/8488,0.045454545454545456,1.5012380615493455,0.5889977416303679,0.38662047789534637,0.6859785124175602,0.587652365060956,LOC111330631/LOC111333901,2
GO:0010470,regulation of gastrulation,2/257,44/8488,0.045454545454545456,1.5012380615493455,0.5889977416303679,0.38662047789534637,0.6859785124175602,0.587652365060956,LOC111333901/LOC111333893,2
GO:0030286,dynein complex,2/257,44/8488,0.045454545454545456,1.5012380615493455,0.5889977416303679,0.38662047789534637,0.6859785124175602,0.587652365060956,LOC111331389/LOC111331219,2
GO:0046686,response to cadmium ion,2/257,44/8488,0.045454545454545456,1.5012380615493455,0.5889977416303679,0.38662047789534637,0.6859785124175602,0.587652365060956,LOC111342143/LOC111342147,2
GO:1901343,negative regulation of vasculature development,2/257,44/8488,0.045454545454545456,1.5012380615493455,0.5889977416303679,0.38662047789534637,0.6859785124175602,0.587652365060956,LOC111328024/LOC111322288,2
GO:1901863,positive regulation of muscle tissue development,2/257,44/8488,0.045454545454545456,1.5012380615493455,0.5889977416303679,0.38662047789534637,0.6859785124175602,0.587652365060956,LOC111332158/LOC111344472,2
GO:0007613,memory,5/257,135/8488,0.037037037037037035,1.2232310131142816,0.461974001776288,0.3885962456064721,0.6859785124175602,0.587652365060956,LOC111332158/LOC111335693/LOC111322311/LOC111330961/LOC111334761,5
GO:0002026,regulation of the force of heart contraction,1/257,16/8488,0.0625,2.0642023346303504,0.7528502293221325,0.3888275810079589,0.6859785124175602,0.587652365060956,LOC111326058,1
GO:0002052,positive regulation of neuroblast proliferation,1/257,16/8488,0.0625,2.0642023346303504,0.7528502293221325,0.3888275810079589,0.6859785124175602,0.587652365060956,LOC111333767,1
GO:0005927,muscle tendon junction,1/257,16/8488,0.0625,2.0642023346303504,0.7528502293221325,0.3888275810079589,0.6859785124175602,0.587652365060956,LOC111335693,1
GO:0006536,glutamate metabolic process,1/257,16/8488,0.0625,2.0642023346303504,0.7528502293221325,0.3888275810079589,0.6859785124175602,0.587652365060956,LOC111327210,1
GO:0006658,phosphatidylserine metabolic process,1/257,16/8488,0.0625,2.0642023346303504,0.7528502293221325,0.3888275810079589,0.6859785124175602,0.587652365060956,LOC111331303,1
GO:0006829,zinc ion transport,1/257,16/8488,0.0625,2.0642023346303504,0.7528502293221325,0.3888275810079589,0.6859785124175602,0.587652365060956,LOC111323527,1
GO:0007475,apposition of dorsal and ventral imaginal disc-derived wing surfaces,1/257,16/8488,0.0625,2.0642023346303504,0.7528502293221325,0.3888275810079589,0.6859785124175602,0.587652365060956,LOC111335693,1
GO:0008209,androgen metabolic process,1/257,16/8488,0.0625,2.0642023346303504,0.7528502293221325,0.3888275810079589,0.6859785124175602,0.587652365060956,LOC111331622,1
GO:0009190,cyclic nucleotide biosynthetic process,1/257,16/8488,0.0625,2.0642023346303504,0.7528502293221325,0.3888275810079589,0.6859785124175602,0.587652365060956,LOC111321593,1
GO:0015701,bicarbonate transport,1/257,16/8488,0.0625,2.0642023346303504,0.7528502293221325,0.3888275810079589,0.6859785124175602,0.587652365060956,LOC111333012,1
GO:0016199,axon midline choice point recognition,1/257,16/8488,0.0625,2.0642023346303504,0.7528502293221325,0.3888275810079589,0.6859785124175602,0.587652365060956,LOC111333901,1
GO:0030318,melanocyte differentiation,1/257,16/8488,0.0625,2.0642023346303504,0.7528502293221325,0.3888275810079589,0.6859785124175602,0.587652365060956,LOC111333767,1
GO:0030728,ovulation,1/257,16/8488,0.0625,2.0642023346303504,0.7528502293221325,0.3888275810079589,0.6859785124175602,0.587652365060956,LOC111331303,1
GO:0031996,thioesterase binding,1/257,16/8488,0.0625,2.0642023346303504,0.7528502293221325,0.3888275810079589,0.6859785124175602,0.587652365060956,LOC111334113,1
GO:0033003,regulation of mast cell activation,1/257,16/8488,0.0625,2.0642023346303504,0.7528502293221325,0.3888275810079589,0.6859785124175602,0.587652365060956,LOC111324532,1
GO:0035024,negative regulation of Rho protein signal transduction,1/257,16/8488,0.0625,2.0642023346303504,0.7528502293221325,0.3888275810079589,0.6859785124175602,0.587652365060956,LOC111335693,1
GO:0035137,hindlimb morphogenesis,1/257,16/8488,0.0625,2.0642023346303504,0.7528502293221325,0.3888275810079589,0.6859785124175602,0.587652365060956,LOC111338817,1
GO:0035631,CD40 receptor complex,1/257,16/8488,0.0625,2.0642023346303504,0.7528502293221325,0.3888275810079589,0.6859785124175602,0.587652365060956,LOC111334113,1
GO:0042332,gravitaxis,1/257,16/8488,0.0625,2.0642023346303504,0.7528502293221325,0.3888275810079589,0.6859785124175602,0.587652365060956,LOC111334761,1
GO:0045686,negative regulation of glial cell differentiation,1/257,16/8488,0.0625,2.0642023346303504,0.7528502293221325,0.3888275810079589,0.6859785124175602,0.587652365060956,LOC111327334,1
GO:0046464,acylglycerol catabolic process,1/257,16/8488,0.0625,2.0642023346303504,0.7528502293221325,0.3888275810079589,0.6859785124175602,0.587652365060956,LOC111325671,1
GO:0046839,phospholipid dephosphorylation,1/257,16/8488,0.0625,2.0642023346303504,0.7528502293221325,0.3888275810079589,0.6859785124175602,0.587652365060956,LOC111323127,1
GO:0048643,positive regulation of skeletal muscle tissue development,1/257,16/8488,0.0625,2.0642023346303504,0.7528502293221325,0.3888275810079589,0.6859785124175602,0.587652365060956,LOC111344472,1
GO:0048703,embryonic viscerocranium morphogenesis,1/257,16/8488,0.0625,2.0642023346303504,0.7528502293221325,0.3888275810079589,0.6859785124175602,0.587652365060956,LOC111344472,1
GO:0050873,brown fat cell differentiation,1/257,16/8488,0.0625,2.0642023346303504,0.7528502293221325,0.3888275810079589,0.6859785124175602,0.587652365060956,LOC111335693,1
GO:0051044,positive regulation of membrane protein ectodomain proteolysis,1/257,16/8488,0.0625,2.0642023346303504,0.7528502293221325,0.3888275810079589,0.6859785124175602,0.587652365060956,LOC111326544,1
GO:0061028,establishment of endothelial barrier,1/257,16/8488,0.0625,2.0642023346303504,0.7528502293221325,0.3888275810079589,0.6859785124175602,0.587652365060956,LOC111342023,1
GO:0071542,dopaminergic neuron differentiation,1/257,16/8488,0.0625,2.0642023346303504,0.7528502293221325,0.3888275810079589,0.6859785124175602,0.587652365060956,LOC111333893,1
GO:1900271,regulation of long-term synaptic potentiation,1/257,16/8488,0.0625,2.0642023346303504,0.7528502293221325,0.3888275810079589,0.6859785124175602,0.587652365060956,LOC111330961,1
GO:1903779,regulation of cardiac conduction,1/257,16/8488,0.0625,2.0642023346303504,0.7528502293221325,0.3888275810079589,0.6859785124175602,0.587652365060956,LOC111326058,1
GO:1904031,positive regulation of cyclin-dependent protein kinase activity,1/257,16/8488,0.0625,2.0642023346303504,0.7528502293221325,0.3888275810079589,0.6859785124175602,0.587652365060956,LOC111322288,1
GO:2000009,negative regulation of protein localization to cell surface,1/257,16/8488,0.0625,2.0642023346303504,0.7528502293221325,0.3888275810079589,0.6859785124175602,0.587652365060956,LOC111326544,1
GO:0001736,establishment of planar polarity,3/257,74/8488,0.04054054054054054,1.3389420548953623,0.5174369353891097,0.38937008181136024,0.6861307592786008,0.5877827893036167,LOC111329762/LOC111333893/LOC111334412,3
GO:0120034,positive regulation of plasma membrane bounded cell projection assembly,3/257,74/8488,0.04054054054054054,1.3389420548953623,0.5174369353891097,0.38937008181136024,0.6861307592786008,0.5877827893036167,LOC111342023/LOC111333478/LOC111323777,3
GO:0034220,monoatomic ion transmembrane transport,13/257,388/8488,0.03350515463917526,1.1065826948533835,0.3797321883559905,0.39397709193360453,0.6935470647632458,0.594136063319018,LOC111345835/LOC111336828/LOC111343017/LOC111330589/LOC111342077/LOC111330251/LOC111323527/LOC111328120/LOC111334900/LOC111326058/LOC111334761/LOC111329754/LOC111328842,13
GO:0051346,negative regulation of hydrolase activity,6/257,167/8488,0.03592814371257485,1.1866073300869078,0.4303447762724044,0.3941211450839007,0.6935470647632458,0.594136063319018,LOC111330856/LOC111327252/LOC111327625/LOC111326819/LOC111326544/LOC111325220,6
GO:0002705,positive regulation of leukocyte mediated immunity,2/257,45/8488,0.044444444444444446,1.467877215737138,0.5560413908507127,0.39740649977998477,0.6935470647632458,0.594136063319018,LOC111328749/LOC111323636,2
GO:0004620,phospholipase activity,2/257,45/8488,0.044444444444444446,1.467877215737138,0.5560413908507127,0.39740649977998477,0.6935470647632458,0.594136063319018,LOC111335819/LOC111331303,2
GO:0006690,icosanoid metabolic process,2/257,45/8488,0.044444444444444446,1.467877215737138,0.5560413908507127,0.39740649977998477,0.6935470647632458,0.594136063319018,LOC111326885/LOC111331303,2
GO:0021954,central nervous system neuron development,2/257,45/8488,0.044444444444444446,1.467877215737138,0.5560413908507127,0.39740649977998477,0.6935470647632458,0.594136063319018,LOC111333478/LOC111334156,2
GO:0030672,synaptic vesicle membrane,2/257,45/8488,0.044444444444444446,1.467877215737138,0.5560413908507127,0.39740649977998477,0.6935470647632458,0.594136063319018,LOC111342023/LOC111343017,2
GO:0043255,regulation of carbohydrate biosynthetic process,2/257,45/8488,0.044444444444444446,1.467877215737138,0.5560413908507127,0.39740649977998477,0.6935470647632458,0.594136063319018,LOC111322288/LOC111324410,2
GO:0071331,cellular response to hexose stimulus,2/257,45/8488,0.044444444444444446,1.467877215737138,0.5560413908507127,0.39740649977998477,0.6935470647632458,0.594136063319018,LOC111324621/LOC111340883,2
GO:0071333,cellular response to glucose stimulus,2/257,45/8488,0.044444444444444446,1.467877215737138,0.5560413908507127,0.39740649977998477,0.6935470647632458,0.594136063319018,LOC111324621/LOC111340883,2
GO:1901879,regulation of protein depolymerization,2/257,45/8488,0.044444444444444446,1.467877215737138,0.5560413908507127,0.39740649977998477,0.6935470647632458,0.594136063319018,LOC111321894/LOC111340622,2
GO:0007164,establishment of tissue polarity,3/257,75/8488,0.04,1.3210894941634241,0.49351305441000326,0.3976032936729069,0.6935470647632458,0.594136063319018,LOC111329762/LOC111333893/LOC111334412,3
GO:0051592,response to calcium ion,3/257,75/8488,0.04,1.3210894941634241,0.49351305441000326,0.3976032936729069,0.6935470647632458,0.594136063319018,LOC111325642/LOC111323527/LOC111331303,3
GO:0003779,actin binding,6/257,168/8488,0.03571428571428571,1.1795441912173428,0.4153189033735483,0.3995678777811603,0.6935470647632458,0.594136063319018,LOC111330205/LOC111340398/LOC111321894/LOC111325968/LOC111322259/LOC111330877,6
GO:0032970,regulation of actin filament-based process,7/257,200/8488,0.035,1.1559533073929962,0.39436837240183525,0.4027965236104122,0.6935470647632458,0.594136063319018,LOC111333478/LOC111323527/LOC111321894/LOC111333893/LOC111340596/LOC111330877/LOC111340622,7
GO:0015318,inorganic molecular entity transmembrane transporter activity,10/257,295/8488,0.03389830508474576,1.119567367935105,0.3693342313100918,0.40323913543239265,0.6935470647632458,0.594136063319018,LOC111336828/LOC111343017/LOC111330589/LOC111342077/LOC111330251/LOC111323527/LOC111331589/LOC111334900/LOC111326058/LOC111328842,10
GO:0052548,regulation of endopeptidase activity,6/257,169/8488,0.03550295857988166,1.1725646397900213,0.4003842279641324,0.40501232922534325,0.6935470647632458,0.594136063319018,LOC111330856/LOC111327252/LOC111327625/LOC111326819/LOC111326544/LOC111325220,6
GO:0007422,peripheral nervous system development,3/257,76/8488,0.039473684210526314,1.3037067376612737,0.4699254357305202,0.40580669084261134,0.6935470647632458,0.594136063319018,LOC111333901/LOC111321759/LOC111342147,3
GO:0016999,antibiotic metabolic process,3/257,76/8488,0.039473684210526314,1.3037067376612737,0.4699254357305202,0.40580669084261134,0.6935470647632458,0.594136063319018,LOC111336303/LOC111333170/LOC111322400,3
GO:0050806,positive regulation of synaptic transmission,3/257,76/8488,0.039473684210526314,1.3037067376612737,0.4699254357305202,0.40580669084261134,0.6935470647632458,0.594136063319018,LOC111323862/LOC111333875/LOC111333012,3
GO:0090263,positive regulation of canonical Wnt signaling pathway,3/257,76/8488,0.039473684210526314,1.3037067376612737,0.4699254357305202,0.40580669084261134,0.6935470647632458,0.594136063319018,LOC111323862/LOC111340883/LOC111340622,3
GO:2000243,positive regulation of reproductive process,3/257,76/8488,0.039473684210526314,1.3037067376612737,0.4699254357305202,0.40580669084261134,0.6935470647632458,0.594136063319018,LOC111325642/LOC111341087/LOC111320921,3
GO:0001702,gastrulation with mouth forming second,1/257,17/8488,0.058823529411764705,1.9427786678873884,0.687518246962746,0.40736763196180126,0.6935470647632458,0.594136063319018,LOC111323127,1
GO:0001891,phagocytic cup,1/257,17/8488,0.058823529411764705,1.9427786678873884,0.687518246962746,0.40736763196180126,0.6935470647632458,0.594136063319018,LOC111335693,1
GO:0001945,lymph vessel development,1/257,17/8488,0.058823529411764705,1.9427786678873884,0.687518246962746,0.40736763196180126,0.6935470647632458,0.594136063319018,LOC111344472,1
GO:0001975,response to amphetamine,1/257,17/8488,0.058823529411764705,1.9427786678873884,0.687518246962746,0.40736763196180126,0.6935470647632458,0.594136063319018,LOC111324532,1
GO:0003309,type B pancreatic cell differentiation,1/257,17/8488,0.058823529411764705,1.9427786678873884,0.687518246962746,0.40736763196180126,0.6935470647632458,0.594136063319018,LOC111338776,1
GO:0004180,carboxypeptidase activity,1/257,17/8488,0.058823529411764705,1.9427786678873884,0.687518246962746,0.40736763196180126,0.6935470647632458,0.594136063319018,LOC111327581,1
GO:0005310,dicarboxylic acid transmembrane transporter activity,1/257,17/8488,0.058823529411764705,1.9427786678873884,0.687518246962746,0.40736763196180126,0.6935470647632458,0.594136063319018,LOC111342077,1
GO:0005326,neurotransmitter transmembrane transporter activity,1/257,17/8488,0.058823529411764705,1.9427786678873884,0.687518246962746,0.40736763196180126,0.6935470647632458,0.594136063319018,LOC111342077,1
GO:0006706,steroid catabolic process,1/257,17/8488,0.058823529411764705,1.9427786678873884,0.687518246962746,0.40736763196180126,0.6935470647632458,0.594136063319018,LOC111340366,1
GO:0008519,ammonium channel activity,1/257,17/8488,0.058823529411764705,1.9427786678873884,0.687518246962746,0.40736763196180126,0.6935470647632458,0.594136063319018,LOC111336828,1
GO:0012510,trans-Golgi network transport vesicle membrane,1/257,17/8488,0.058823529411764705,1.9427786678873884,0.687518246962746,0.40736763196180126,0.6935470647632458,0.594136063319018,LOC111326544,1
GO:0016556,mRNA modification,1/257,17/8488,0.058823529411764705,1.9427786678873884,0.687518246962746,0.40736763196180126,0.6935470647632458,0.594136063319018,LOC111343122,1
GO:0016702,"oxidoreductase activity, acting on single donors with incorporation of molecular oxygen, incorporation of two atoms of oxygen",1/257,17/8488,0.058823529411764705,1.9427786678873884,0.687518246962746,0.40736763196180126,0.6935470647632458,0.594136063319018,LOC111326885,1
GO:0017134,fibroblast growth factor binding,1/257,17/8488,0.058823529411764705,1.9427786678873884,0.687518246962746,0.40736763196180126,0.6935470647632458,0.594136063319018,LOC111345144,1
GO:0030507,spectrin binding,1/257,17/8488,0.058823529411764705,1.9427786678873884,0.687518246962746,0.40736763196180126,0.6935470647632458,0.594136063319018,LOC111325968,1
GO:0032892,positive regulation of organic acid transport,1/257,17/8488,0.058823529411764705,1.9427786678873884,0.687518246962746,0.40736763196180126,0.6935470647632458,0.594136063319018,LOC111346320,1
GO:0035293,chitin-based larval cuticle pattern formation,1/257,17/8488,0.058823529411764705,1.9427786678873884,0.687518246962746,0.40736763196180126,0.6935470647632458,0.594136063319018,LOC111333893,1
GO:0036159,inner dynein arm assembly,1/257,17/8488,0.058823529411764705,1.9427786678873884,0.687518246962746,0.40736763196180126,0.6935470647632458,0.594136063319018,LOC111331389,1
GO:0044058,regulation of digestive system process,1/257,17/8488,0.058823529411764705,1.9427786678873884,0.687518246962746,0.40736763196180126,0.6935470647632458,0.594136063319018,LOC111323945,1
GO:0045744,negative regulation of G protein-coupled receptor signaling pathway,1/257,17/8488,0.058823529411764705,1.9427786678873884,0.687518246962746,0.40736763196180126,0.6935470647632458,0.594136063319018,LOC111326058,1
GO:0051145,smooth muscle cell differentiation,1/257,17/8488,0.058823529411764705,1.9427786678873884,0.687518246962746,0.40736763196180126,0.6935470647632458,0.594136063319018,LOC111322288,1
GO:0051286,cell tip,1/257,17/8488,0.058823529411764705,1.9427786678873884,0.687518246962746,0.40736763196180126,0.6935470647632458,0.594136063319018,LOC111330877,1
GO:0055026,negative regulation of cardiac muscle tissue development,1/257,17/8488,0.058823529411764705,1.9427786678873884,0.687518246962746,0.40736763196180126,0.6935470647632458,0.594136063319018,LOC111333893,1
GO:0055075,potassium ion homeostasis,1/257,17/8488,0.058823529411764705,1.9427786678873884,0.687518246962746,0.40736763196180126,0.6935470647632458,0.594136063319018,LOC111336828,1
GO:0060294,cilium movement involved in cell motility,1/257,17/8488,0.058823529411764705,1.9427786678873884,0.687518246962746,0.40736763196180126,0.6935470647632458,0.594136063319018,LOC111331389,1
GO:0060603,mammary gland duct morphogenesis,1/257,17/8488,0.058823529411764705,1.9427786678873884,0.687518246962746,0.40736763196180126,0.6935470647632458,0.594136063319018,LOC111336828,1
GO:0060628,regulation of ER to Golgi vesicle-mediated transport,1/257,17/8488,0.058823529411764705,1.9427786678873884,0.687518246962746,0.40736763196180126,0.6935470647632458,0.594136063319018,LOC111344634,1
GO:0072337,modified amino acid transport,1/257,17/8488,0.058823529411764705,1.9427786678873884,0.687518246962746,0.40736763196180126,0.6935470647632458,0.594136063319018,LOC111330251,1
GO:0072488,ammonium transmembrane transport,1/257,17/8488,0.058823529411764705,1.9427786678873884,0.687518246962746,0.40736763196180126,0.6935470647632458,0.594136063319018,LOC111336828,1
GO:0097228,sperm principal piece,1/257,17/8488,0.058823529411764705,1.9427786678873884,0.687518246962746,0.40736763196180126,0.6935470647632458,0.594136063319018,LOC111326058,1
GO:1903672,positive regulation of sprouting angiogenesis,1/257,17/8488,0.058823529411764705,1.9427786678873884,0.687518246962746,0.40736763196180126,0.6935470647632458,0.594136063319018,LOC111333478,1
GO:1904799,regulation of neuron remodeling,1/257,17/8488,0.058823529411764705,1.9427786678873884,0.687518246962746,0.40736763196180126,0.6935470647632458,0.594136063319018,LOC111332158,1
GO:0001709,cell fate determination,4/257,107/8488,0.037383177570093455,1.2346630786574055,0.43162450621192505,0.40742388162191756,0.6935470647632458,0.594136063319018,LOC111324192/LOC111329099/LOC111326654/LOC111333893,4
GO:0048167,regulation of synaptic plasticity,4/257,107/8488,0.037383177570093455,1.2346630786574055,0.43162450621192505,0.40742388162191756,0.6935470647632458,0.594136063319018,LOC111332158/LOC111322311/LOC111330961/LOC111326058,4
GO:2000377,regulation of reactive oxygen species metabolic process,4/257,107/8488,0.037383177570093455,1.2346630786574055,0.43162450621192505,0.40742388162191756,0.6935470647632458,0.594136063319018,LOC111335366/LOC111322288/LOC111327334/LOC111326058,4
GO:0002695,negative regulation of leukocyte activation,2/257,46/8488,0.043478260869565216,1.4359668414819828,0.5238742632145189,0.40810448957145784,0.6935470647632458,0.594136063319018,LOC111324532/LOC111333767,2
GO:0006949,syncytium formation,2/257,46/8488,0.043478260869565216,1.4359668414819828,0.5238742632145189,0.40810448957145784,0.6935470647632458,0.594136063319018,LOC111330631/LOC111333901,2
GO:0007274,neuromuscular synaptic transmission,2/257,46/8488,0.043478260869565216,1.4359668414819828,0.5238742632145189,0.40810448957145784,0.6935470647632458,0.594136063319018,LOC111322311/LOC111343646,2
GO:0010906,regulation of glucose metabolic process,2/257,46/8488,0.043478260869565216,1.4359668414819828,0.5238742632145189,0.40810448957145784,0.6935470647632458,0.594136063319018,LOC111321709/LOC111324410,2
GO:0060119,inner ear receptor cell development,2/257,46/8488,0.043478260869565216,1.4359668414819828,0.5238742632145189,0.40810448957145784,0.6935470647632458,0.594136063319018,LOC111333893/LOC111326058,2
GO:1903725,regulation of phospholipid metabolic process,2/257,46/8488,0.043478260869565216,1.4359668414819828,0.5238742632145189,0.40810448957145784,0.6935470647632458,0.594136063319018,LOC111322288/LOC111331664,2
GO:0046530,photoreceptor cell differentiation,5/257,139/8488,0.03597122302158273,1.1880301206505612,0.39494348694397,0.4127553614424665,0.7003186390210411,0.5999370199900296,LOC111342023/LOC111322288/LOC111323777/LOC111340398/LOC111333893,5
GO:0110053,regulation of actin filament organization,5/257,139/8488,0.03597122302158273,1.1880301206505612,0.39494348694397,0.4127553614424665,0.7003186390210411,0.5999370199900296,LOC111333478/LOC111321894/LOC111333893/LOC111330877/LOC111340622,5
GO:0006790,sulfur compound metabolic process,7/257,202/8488,0.034653465346534656,1.1445082251415803,0.3672934209188742,0.41278754886446334,0.7003186390210411,0.5999370199900296,LOC111328024/LOC111346087/LOC111331664/LOC111346320/LOC111336425/LOC111331622/LOC111341830,7
GO:2000177,regulation of neural precursor cell proliferation,3/257,77/8488,0.03896103896103896,1.2867754813280106,0.446663973809774,0.41397740557509477,0.7016737557578002,0.6010978982695602,LOC111330856/LOC111345144/LOC111333767,3
GO:0009581,detection of external stimulus,4/257,108/8488,0.037037037037037035,1.2232310131142816,0.4125359119547871,0.41428610047402037,0.7016737557578002,0.6010978982695602,LOC111336828/LOC111323127/LOC111326058/LOC111340622,4
GO:0051924,regulation of calcium ion transport,4/257,108/8488,0.037037037037037035,1.2232310131142816,0.4125359119547871,0.41428610047402037,0.7016737557578002,0.6010978982695602,LOC111322288/LOC111323945/LOC111327334/LOC111326058,4
GO:0009314,response to radiation,11/257,330/8488,0.03333333333333333,1.1009079118028535,0.3303753987352258,0.4157889689851315,0.7038228580232276,0.602938954521578,LOC111320817/LOC111320821/LOC111320822/LOC111327625/LOC111320842/LOC111323127/LOC111345144/LOC111326819/LOC111336999/LOC111325220/LOC111340622,11
GO:0005911,cell-cell junction,7/257,203/8488,0.034482758620689655,1.1388702535891586,0.35385745775565847,0.41777983409227415,0.7067785294505716,0.6054709686782612,LOC111332158/LOC111335693/LOC111335321/LOC111323127/LOC111330961/LOC111334900/LOC111332138,7
GO:0009409,response to cold,2/257,47/8488,0.0425531914893617,1.4054143554930043,0.4924571682886925,0.4187098867955181,0.7067785294505716,0.6054709686782612,LOC111323527/LOC111326058,2
GO:0042158,lipoprotein biosynthetic process,2/257,47/8488,0.0425531914893617,1.4054143554930043,0.4924571682886925,0.4187098867955181,0.7067785294505716,0.6054709686782612,LOC111325671/LOC111326885,2
GO:0061053,somite development,2/257,47/8488,0.0425531914893617,1.4054143554930043,0.4924571682886925,0.4187098867955181,0.7067785294505716,0.6054709686782612,LOC111330631/LOC111323862,2
GO:2000379,positive regulation of reactive oxygen species metabolic process,2/257,47/8488,0.0425531914893617,1.4054143554930043,0.4924571682886925,0.4187098867955181,0.7067785294505716,0.6054709686782612,LOC111322288/LOC111327334,2
GO:0051046,regulation of secretion,13/257,396/8488,0.03282828282828283,1.0842274888967496,0.30331289269592027,0.42274281263187924,0.707266415116418,0.6058889222441879,LOC111332158/LOC111325642/LOC111323945/LOC111328749/LOC111326885/LOC111333901/LOC111331664/LOC111338776/LOC111340883/LOC111320751/LOC111323527/LOC111323636/LOC111343646,13
GO:0030659,cytoplasmic vesicle membrane,11/257,332/8488,0.03313253012048193,1.0942759364305472,0.3096340048961895,0.4236365617496921,0.707266415116418,0.6058889222441879,LOC111323862/LOC111342023/LOC111343017/LOC111325671/LOC111340366/LOC111323527/LOC111326544/LOC111333893/LOC111321502/LOC111328842/LOC111340596,11
GO:0033674,positive regulation of kinase activity,10/257,300/8488,0.03333333333333333,1.1009079118028535,0.3144229884893411,0.4238558256432796,0.707266415116418,0.6058889222441879,LOC111324192/LOC111323862/LOC111322288/LOC111323945/LOC111328749/LOC111339275/LOC111346320/LOC111327334/LOC111323636/LOC111326058,10
GO:0034765,regulation of monoatomic ion transmembrane transport,5/257,141/8488,0.03546099290780142,1.1711786295775037,0.36216898557776134,0.42478784294385585,0.707266415116418,0.6058889222441879,LOC111320952/LOC111323945/LOC111346320/LOC111327334/LOC111326058,5
GO:0000146,microfilament motor activity,1/257,18/8488,0.05555555555555555,1.8348465196714223,0.6264963574858654,0.4253473886122341,0.707266415116418,0.6058889222441879,LOC111325968,1
GO:0002053,positive regulation of mesenchymal cell proliferation,1/257,18/8488,0.05555555555555555,1.8348465196714223,0.6264963574858654,0.4253473886122341,0.707266415116418,0.6058889222441879,LOC111344472,1
GO:0006656,phosphatidylcholine biosynthetic process,1/257,18/8488,0.05555555555555555,1.8348465196714223,0.6264963574858654,0.4253473886122341,0.707266415116418,0.6058889222441879,LOC111329762,1
GO:0007288,sperm axoneme assembly,1/257,18/8488,0.05555555555555555,1.8348465196714223,0.6264963574858654,0.4253473886122341,0.707266415116418,0.6058889222441879,LOC111331389,1
GO:0010037,response to carbon dioxide,1/257,18/8488,0.05555555555555555,1.8348465196714223,0.6264963574858654,0.4253473886122341,0.707266415116418,0.6058889222441879,LOC111327252,1
GO:0010288,response to lead ion,1/257,18/8488,0.05555555555555555,1.8348465196714223,0.6264963574858654,0.4253473886122341,0.707266415116418,0.6058889222441879,LOC111332158,1
GO:0010842,retina layer formation,1/257,18/8488,0.05555555555555555,1.8348465196714223,0.6264963574858654,0.4253473886122341,0.707266415116418,0.6058889222441879,LOC111330961,1
GO:0015605,organophosphate ester transmembrane transporter activity,1/257,18/8488,0.05555555555555555,1.8348465196714223,0.6264963574858654,0.4253473886122341,0.707266415116418,0.6058889222441879,LOC111334761,1
GO:0015889,cobalamin transport,1/257,18/8488,0.05555555555555555,1.8348465196714223,0.6264963574858654,0.4253473886122341,0.707266415116418,0.6058889222441879,LOC111331279,1
GO:0016303,1-phosphatidylinositol-3-kinase activity,1/257,18/8488,0.05555555555555555,1.8348465196714223,0.6264963574858654,0.4253473886122341,0.707266415116418,0.6058889222441879,LOC111338817,1
GO:0016318,ommatidial rotation,1/257,18/8488,0.05555555555555555,1.8348465196714223,0.6264963574858654,0.4253473886122341,0.707266415116418,0.6058889222441879,LOC111333893,1
GO:0016339,calcium-dependent cell-cell adhesion via plasma membrane cell adhesion molecules,1/257,18/8488,0.05555555555555555,1.8348465196714223,0.6264963574858654,0.4253473886122341,0.707266415116418,0.6058889222441879,LOC111334412,1
GO:0030073,insulin secretion,1/257,18/8488,0.05555555555555555,1.8348465196714223,0.6264963574858654,0.4253473886122341,0.707266415116418,0.6058889222441879,LOC111338776,1
GO:0030422,siRNA processing,1/257,18/8488,0.05555555555555555,1.8348465196714223,0.6264963574858654,0.4253473886122341,0.707266415116418,0.6058889222441879,LOC111332090,1
GO:0034315,regulation of Arp2/3 complex-mediated actin nucleation,1/257,18/8488,0.05555555555555555,1.8348465196714223,0.6264963574858654,0.4253473886122341,0.707266415116418,0.6058889222441879,LOC111330877,1
GO:0036342,post-anal tail morphogenesis,1/257,18/8488,0.05555555555555555,1.8348465196714223,0.6264963574858654,0.4253473886122341,0.707266415116418,0.6058889222441879,LOC111327880,1
GO:0042693,muscle cell fate commitment,1/257,18/8488,0.05555555555555555,1.8348465196714223,0.6264963574858654,0.4253473886122341,0.707266415116418,0.6058889222441879,LOC111344472,1
GO:0048846,axon extension involved in axon guidance,1/257,18/8488,0.05555555555555555,1.8348465196714223,0.6264963574858654,0.4253473886122341,0.707266415116418,0.6058889222441879,LOC111333478,1
GO:0060045,positive regulation of cardiac muscle cell proliferation,1/257,18/8488,0.05555555555555555,1.8348465196714223,0.6264963574858654,0.4253473886122341,0.707266415116418,0.6058889222441879,LOC111332158,1
GO:0090208,positive regulation of triglyceride metabolic process,1/257,18/8488,0.05555555555555555,1.8348465196714223,0.6264963574858654,0.4253473886122341,0.707266415116418,0.6058889222441879,LOC111346320,1
GO:1902895,positive regulation of miRNA transcription,1/257,18/8488,0.05555555555555555,1.8348465196714223,0.6264963574858654,0.4253473886122341,0.707266415116418,0.6058889222441879,LOC111322288,1
GO:1904385,cellular response to angiotensin,1/257,18/8488,0.05555555555555555,1.8348465196714223,0.6264963574858654,0.4253473886122341,0.707266415116418,0.6058889222441879,LOC111322288,1
GO:2000758,positive regulation of peptidyl-lysine acetylation,1/257,18/8488,0.05555555555555555,1.8348465196714223,0.6264963574858654,0.4253473886122341,0.707266415116418,0.6058889222441879,LOC111340883,1
GO:0002685,regulation of leukocyte migration,2/257,48/8488,0.041666666666666664,1.3761348897535666,0.46175369259490573,0.42921848545418595,0.7109522049813829,0.6090464018037602,LOC111328749/LOC111323636,2
GO:0010827,regulation of D-glucose transmembrane transport,2/257,48/8488,0.041666666666666664,1.3761348897535666,0.46175369259490573,0.42921848545418595,0.7109522049813829,0.6090464018037602,LOC111328749/LOC111323636,2
GO:0015103,inorganic anion transmembrane transporter activity,2/257,48/8488,0.041666666666666664,1.3761348897535666,0.46175369259490573,0.42921848545418595,0.7109522049813829,0.6090464018037602,LOC111336828/LOC111343017,2
GO:0021872,forebrain generation of neurons,2/257,48/8488,0.041666666666666664,1.3761348897535666,0.46175369259490573,0.42921848545418595,0.7109522049813829,0.6090464018037602,LOC111333478/LOC111333767,2
GO:0042180,ketone metabolic process,2/257,48/8488,0.041666666666666664,1.3761348897535666,0.46175369259490573,0.42921848545418595,0.7109522049813829,0.6090464018037602,LOC111342143/LOC111342147,2
GO:0043535,regulation of blood vessel endothelial cell migration,2/257,48/8488,0.041666666666666664,1.3761348897535666,0.46175369259490573,0.42921848545418595,0.7109522049813829,0.6090464018037602,LOC111322288/LOC111333478,2
GO:0045887,positive regulation of synaptic assembly at neuromuscular junction,2/257,48/8488,0.041666666666666664,1.3761348897535666,0.46175369259490573,0.42921848545418595,0.7109522049813829,0.6090464018037602,LOC111326544/LOC111343646,2
GO:1901136,carbohydrate derivative catabolic process,3/257,79/8488,0.0379746835443038,1.2541988868640104,0.4010812647580749,0.4302098769571512,0.7122021518366047,0.6101171849440119,LOC111334156/LOC111336425/LOC111337168,3
GO:0009855,determination of bilateral symmetry,5/257,142/8488,0.035211267605633804,1.162930892749493,0.3459599144705326,0.4307878068100339,0.712374778935999,0.6102650681814549,LOC111327880/LOC111325642/LOC111326654/LOC111333901/LOC111344472,5
GO:1901654,response to ketone,5/257,142/8488,0.035211267605633804,1.162930892749493,0.3459599144705326,0.4307878068100339,0.712374778935999,0.6102650681814549,LOC111327252/LOC111328749/LOC111323636/LOC111336999/LOC111326058,5
GO:0045177,apical part of cell,9/257,270/8488,0.03333333333333333,1.1009079118028535,0.29774288656693176,0.4325643654160103,0.7148081176838229,0.6123496192924126,LOC111329099/LOC111336828/LOC111335693/LOC111323127/LOC111331622/LOC111334900/LOC111333695/LOC111326058/LOC111327558,9
GO:0048749,compound eye development,7/257,206/8488,0.03398058252427184,1.1222847644592195,0.31394654672959904,0.43273456858452175,0.7148081176838229,0.6123496192924126,LOC111329099/LOC111342023/LOC111333901/LOC111323777/LOC111329762/LOC111333893/LOC111334412,7
GO:1901981,phosphatidylinositol phosphate binding,4/257,111/8488,0.036036036036036036,1.1901707154625443,0.3563512068742378,0.4347635186915352,0.7177654578617662,0.6148830630058804,LOC111333613/LOC111321894/LOC111333893/LOC111325968,4
GO:0051896,regulation of phosphatidylinositol 3-kinase/protein kinase B signal transduction,3/257,80/8488,0.0375,1.2385214007782102,0.3787419013549409,0.43826645372945117,0.7199423933653414,0.6167479629613507,LOC111322288/LOC111338817/LOC111340622,3
GO:0002224,toll-like receptor signaling pathway,2/257,49/8488,0.04081632653061224,1.3480505042483917,0.4317299481783132,0.4396264168876267,0.7199423933653414,0.6167479629613507,LOC111325671/LOC111334113,2
GO:0006664,glycolipid metabolic process,2/257,49/8488,0.04081632653061224,1.3480505042483917,0.4317299481783132,0.4396264168876267,0.7199423933653414,0.6167479629613507,LOC111334156/LOC111336425,2
GO:0030518,nuclear receptor-mediated steroid hormone signaling pathway,2/257,49/8488,0.04081632653061224,1.3480505042483917,0.4317299481783132,0.4396264168876267,0.7199423933653414,0.6167479629613507,LOC111323127/LOC111336999,2
GO:0036445,neuronal stem cell division,2/257,49/8488,0.04081632653061224,1.3480505042483917,0.4317299481783132,0.4396264168876267,0.7199423933653414,0.6167479629613507,LOC111323862/LOC111335662,2
GO:0040024,dauer larval development,2/257,49/8488,0.04081632653061224,1.3480505042483917,0.4317299481783132,0.4396264168876267,0.7199423933653414,0.6167479629613507,LOC111342143/LOC111342147,2
GO:0005230,extracellular ligand-gated monoatomic ion channel activity,1/257,19/8488,0.05263157894736842,1.7382756502150316,0.5692416131673174,0.4427837193237638,0.7199423933653414,0.6167479629613507,LOC111343017,1
GO:0006760,folic acid-containing compound metabolic process,1/257,19/8488,0.05263157894736842,1.7382756502150316,0.5692416131673174,0.4427837193237638,0.7199423933653414,0.6167479629613507,LOC111325560,1
GO:0009415,response to water,1/257,19/8488,0.05263157894736842,1.7382756502150316,0.5692416131673174,0.4427837193237638,0.7199423933653414,0.6167479629613507,LOC111326058,1
GO:0015012,heparan sulfate proteoglycan biosynthetic process,1/257,19/8488,0.05263157894736842,1.7382756502150316,0.5692416131673174,0.4427837193237638,0.7199423933653414,0.6167479629613507,LOC111328024,1
GO:0015278,intracellularly gated calcium channel activity,1/257,19/8488,0.05263157894736842,1.7382756502150316,0.5692416131673174,0.4427837193237638,0.7199423933653414,0.6167479629613507,LOC111323527,1
GO:0016881,acid-amino acid ligase activity,1/257,19/8488,0.05263157894736842,1.7382756502150316,0.5692416131673174,0.4427837193237638,0.7199423933653414,0.6167479629613507,LOC111327418,1
GO:0021680,cerebellar Purkinje cell layer development,1/257,19/8488,0.05263157894736842,1.7382756502150316,0.5692416131673174,0.4427837193237638,0.7199423933653414,0.6167479629613507,LOC111326058,1
GO:0021696,cerebellar cortex morphogenesis,1/257,19/8488,0.05263157894736842,1.7382756502150316,0.5692416131673174,0.4427837193237638,0.7199423933653414,0.6167479629613507,LOC111326058,1
GO:0034122,negative regulation of toll-like receptor signaling pathway,1/257,19/8488,0.05263157894736842,1.7382756502150316,0.5692416131673174,0.4427837193237638,0.7199423933653414,0.6167479629613507,LOC111342023,1
GO:0035176,social behavior,1/257,19/8488,0.05263157894736842,1.7382756502150316,0.5692416131673174,0.4427837193237638,0.7199423933653414,0.6167479629613507,LOC111344472,1
GO:0042304,regulation of fatty acid biosynthetic process,1/257,19/8488,0.05263157894736842,1.7382756502150316,0.5692416131673174,0.4427837193237638,0.7199423933653414,0.6167479629613507,LOC111331303,1
GO:0043034,costamere,1/257,19/8488,0.05263157894736842,1.7382756502150316,0.5692416131673174,0.4427837193237638,0.7199423933653414,0.6167479629613507,LOC111330205,1
GO:0046331,lateral inhibition,1/257,19/8488,0.05263157894736842,1.7382756502150316,0.5692416131673174,0.4427837193237638,0.7199423933653414,0.6167479629613507,LOC111329099,1
GO:0051154,negative regulation of striated muscle cell differentiation,1/257,19/8488,0.05263157894736842,1.7382756502150316,0.5692416131673174,0.4427837193237638,0.7199423933653414,0.6167479629613507,LOC111333893,1
GO:0060076,excitatory synapse,1/257,19/8488,0.05263157894736842,1.7382756502150316,0.5692416131673174,0.4427837193237638,0.7199423933653414,0.6167479629613507,LOC111335693,1
GO:0071470,cellular response to osmotic stress,1/257,19/8488,0.05263157894736842,1.7382756502150316,0.5692416131673174,0.4427837193237638,0.7199423933653414,0.6167479629613507,LOC111336828,1
GO:0072499,photoreceptor cell axon guidance,1/257,19/8488,0.05263157894736842,1.7382756502150316,0.5692416131673174,0.4427837193237638,0.7199423933653414,0.6167479629613507,LOC111332158,1
GO:0090049,regulation of cell migration involved in sprouting angiogenesis,1/257,19/8488,0.05263157894736842,1.7382756502150316,0.5692416131673174,0.4427837193237638,0.7199423933653414,0.6167479629613507,LOC111333478,1
GO:1900026,positive regulation of substrate adhesion-dependent cell spreading,1/257,19/8488,0.05263157894736842,1.7382756502150316,0.5692416131673174,0.4427837193237638,0.7199423933653414,0.6167479629613507,LOC111333478,1
GO:1904646,cellular response to amyloid-beta,1/257,19/8488,0.05263157894736842,1.7382756502150316,0.5692416131673174,0.4427837193237638,0.7199423933653414,0.6167479629613507,LOC111340596,1
GO:1990380,K48-linked deubiquitinase activity,1/257,19/8488,0.05263157894736842,1.7382756502150316,0.5692416131673174,0.4427837193237638,0.7199423933653414,0.6167479629613507,LOC111330437,1
GO:2000351,regulation of endothelial cell apoptotic process,1/257,19/8488,0.05263157894736842,1.7382756502150316,0.5692416131673174,0.4427837193237638,0.7199423933653414,0.6167479629613507,LOC111340622,1
GO:0007391,dorsal closure,3/257,81/8488,0.037037037037037035,1.2232310131142816,0.35669241801163054,0.4462799850428931,0.7249008254384197,0.6209956679287695,LOC111335321/LOC111343646/LOC111342147,3
GO:0009582,detection of abiotic stimulus,4/257,113/8488,0.035398230088495575,1.1691057470472779,0.3197588277512501,0.44830697119423946,0.7249008254384197,0.6209956679287695,LOC111336828/LOC111323127/LOC111326058/LOC111340622,4
GO:2000241,regulation of reproductive process,6/257,177/8488,0.03389830508474576,1.119567367935105,0.28404687983850746,0.44836790421666894,0.7249008254384197,0.6209956679287695,LOC111328024/LOC111325642/LOC111341087/LOC111342143/LOC111320921/LOC111342147,6
GO:0002706,regulation of lymphocyte mediated immunity,2/257,50/8488,0.04,1.3210894941634241,0.40235434862869085,0.44993013334226384,0.7249008254384197,0.6209956679287695,LOC111328749/LOC111323636,2
GO:0009914,hormone transport,2/257,50/8488,0.04,1.3210894941634241,0.40235434862869085,0.44993013334226384,0.7249008254384197,0.6209956679287695,LOC111330589/LOC111338776,2
GO:0015276,ligand-gated monoatomic ion channel activity,2/257,50/8488,0.04,1.3210894941634241,0.40235434862869085,0.44993013334226384,0.7249008254384197,0.6209956679287695,LOC111343017/LOC111323527,2
GO:0015698,inorganic anion transport,2/257,50/8488,0.04,1.3210894941634241,0.40235434862869085,0.44993013334226384,0.7249008254384197,0.6209956679287695,LOC111336828/LOC111343017,2
GO:0016298,lipase activity,2/257,50/8488,0.04,1.3210894941634241,0.40235434862869085,0.44993013334226384,0.7249008254384197,0.6209956679287695,LOC111335819/LOC111331303,2
GO:0019886,antigen processing and presentation of exogenous peptide antigen via MHC class II,2/257,50/8488,0.04,1.3210894941634241,0.40235434862869085,0.44993013334226384,0.7249008254384197,0.6209956679287695,LOC111322266/LOC111322261,2
GO:0022834,ligand-gated channel activity,2/257,50/8488,0.04,1.3210894941634241,0.40235434862869085,0.44993013334226384,0.7249008254384197,0.6209956679287695,LOC111343017/LOC111323527,2
GO:0030134,COPII-coated ER to Golgi transport vesicle,2/257,50/8488,0.04,1.3210894941634241,0.40235434862869085,0.44993013334226384,0.7249008254384197,0.6209956679287695,LOC111321489/LOC111344752,2
GO:0030641,regulation of cellular pH,2/257,50/8488,0.04,1.3210894941634241,0.40235434862869085,0.44993013334226384,0.7249008254384197,0.6209956679287695,LOC111323945/LOC111333012,2
GO:0042659,regulation of cell fate specification,2/257,50/8488,0.04,1.3210894941634241,0.40235434862869085,0.44993013334226384,0.7249008254384197,0.6209956679287695,LOC111333901/LOC111333893,2
GO:0043954,cellular component maintenance,2/257,50/8488,0.04,1.3210894941634241,0.40235434862869085,0.44993013334226384,0.7249008254384197,0.6209956679287695,LOC111335693/LOC111322311,2
GO:0046824,positive regulation of nucleocytoplasmic transport,2/257,50/8488,0.04,1.3210894941634241,0.40235434862869085,0.44993013334226384,0.7249008254384197,0.6209956679287695,LOC111331301/LOC111333767,2
GO:0050810,regulation of steroid biosynthetic process,2/257,50/8488,0.04,1.3210894941634241,0.40235434862869085,0.44993013334226384,0.7249008254384197,0.6209956679287695,LOC111320024/LOC111325671,2
GO:0070851,growth factor receptor binding,2/257,50/8488,0.04,1.3210894941634241,0.40235434862869085,0.44993013334226384,0.7249008254384197,0.6209956679287695,LOC111332158/LOC111322288,2
GO:0019752,carboxylic acid metabolic process,15/257,469/8488,0.031982942430703626,1.0563082309409042,0.2216744092023482,0.45161415878405164,0.727224512645839,0.6229862846294143,LOC111335819/LOC111326885/LOC111331664/LOC111334156/LOC111333875/LOC111342143/LOC111346320/LOC111327210/LOC111325560/LOC111331622/LOC111331303/LOC111334900/LOC111341830/LOC111328842/LOC111342147,15
GO:0001751,compound eye photoreceptor cell differentiation,3/257,82/8488,0.036585365853658534,1.208313561734839,0.3349246712794975,0.454248148982042,0.7272512288802776,0.6230091714371919,LOC111342023/LOC111323777/LOC111333893,3
GO:0006903,vesicle targeting,3/257,82/8488,0.036585365853658534,1.208313561734839,0.3349246712794975,0.454248148982042,0.7272512288802776,0.6230091714371919,LOC111335321/LOC111321489/LOC111344752,3
GO:1901293,nucleoside phosphate biosynthetic process,5/257,146/8488,0.03424657534246575,1.131069772400192,0.2822677375839063,0.45465069204489483,0.7272512288802776,0.6230091714371919,LOC111331664/LOC111346320/LOC111321593/LOC111331622/LOC111341830,5
GO:0001700,embryonic development via the syncytial blastoderm,4/257,114/8488,0.03508771929824561,1.1588504334766878,0.30171139549766,0.4550413618086797,0.7272512288802776,0.6230091714371919,LOC111335321/LOC111343646/LOC111340622/LOC111342147,4
GO:0001974,blood vessel remodeling,1/257,20/8488,0.05,1.6513618677042803,0.5153048919742286,0.45969298654938584,0.7272512288802776,0.6230091714371919,LOC111344472,1
GO:0003170,heart valve development,1/257,20/8488,0.05,1.6513618677042803,0.5153048919742286,0.45969298654938584,0.7272512288802776,0.6230091714371919,LOC111340883,1
GO:0006654,phosphatidic acid biosynthetic process,1/257,20/8488,0.05,1.6513618677042803,0.5153048919742286,0.45969298654938584,0.7272512288802776,0.6230091714371919,LOC111331303,1
GO:0007398,ectoderm development,1/257,20/8488,0.05,1.6513618677042803,0.5153048919742286,0.45969298654938584,0.7272512288802776,0.6230091714371919,LOC111335693,1
GO:0007427,"epithelial cell migration, open tracheal system",1/257,20/8488,0.05,1.6513618677042803,0.5153048919742286,0.45969298654938584,0.7272512288802776,0.6230091714371919,LOC111335693,1
GO:0035206,regulation of hemocyte proliferation,1/257,20/8488,0.05,1.6513618677042803,0.5153048919742286,0.45969298654938584,0.7272512288802776,0.6230091714371919,LOC111333893,1
GO:0035883,enteroendocrine cell differentiation,1/257,20/8488,0.05,1.6513618677042803,0.5153048919742286,0.45969298654938584,0.7272512288802776,0.6230091714371919,LOC111338776,1
GO:0036011,imaginal disc-derived leg segmentation,1/257,20/8488,0.05,1.6513618677042803,0.5153048919742286,0.45969298654938584,0.7272512288802776,0.6230091714371919,LOC111329099,1
GO:0038202,TORC1 signaling,1/257,20/8488,0.05,1.6513618677042803,0.5153048919742286,0.45969298654938584,0.7272512288802776,0.6230091714371919,LOC111339275,1
GO:0042401,biogenic amine biosynthetic process,1/257,20/8488,0.05,1.6513618677042803,0.5153048919742286,0.45969298654938584,0.7272512288802776,0.6230091714371919,LOC111334761,1
GO:0043052,thermotaxis,1/257,20/8488,0.05,1.6513618677042803,0.5153048919742286,0.45969298654938584,0.7272512288802776,0.6230091714371919,LOC111323127,1
GO:0043171,peptide catabolic process,1/257,20/8488,0.05,1.6513618677042803,0.5153048919742286,0.45969298654938584,0.7272512288802776,0.6230091714371919,LOC111323911,1
GO:0044754,autolysosome,1/257,20/8488,0.05,1.6513618677042803,0.5153048919742286,0.45969298654938584,0.7272512288802776,0.6230091714371919,LOC111329755,1
GO:0045168,cell-cell signaling involved in cell fate commitment,1/257,20/8488,0.05,1.6513618677042803,0.5153048919742286,0.45969298654938584,0.7272512288802776,0.6230091714371919,LOC111329099,1
GO:0045196,establishment or maintenance of neuroblast polarity,1/257,20/8488,0.05,1.6513618677042803,0.5153048919742286,0.45969298654938584,0.7272512288802776,0.6230091714371919,LOC111323862,1
GO:0045581,negative regulation of T cell differentiation,1/257,20/8488,0.05,1.6513618677042803,0.5153048919742286,0.45969298654938584,0.7272512288802776,0.6230091714371919,LOC111333767,1
GO:0045792,negative regulation of cell size,1/257,20/8488,0.05,1.6513618677042803,0.5153048919742286,0.45969298654938584,0.7272512288802776,0.6230091714371919,LOC111321593,1
GO:0046473,phosphatidic acid metabolic process,1/257,20/8488,0.05,1.6513618677042803,0.5153048919742286,0.45969298654938584,0.7272512288802776,0.6230091714371919,LOC111331303,1
GO:0046632,alpha-beta T cell differentiation,1/257,20/8488,0.05,1.6513618677042803,0.5153048919742286,0.45969298654938584,0.7272512288802776,0.6230091714371919,LOC111326654,1
GO:0050891,multicellular organismal-level water homeostasis,1/257,20/8488,0.05,1.6513618677042803,0.5153048919742286,0.45969298654938584,0.7272512288802776,0.6230091714371919,LOC111326885,1
GO:0050994,regulation of lipid catabolic process,1/257,20/8488,0.05,1.6513618677042803,0.5153048919742286,0.45969298654938584,0.7272512288802776,0.6230091714371919,LOC111346320,1
GO:0051125,regulation of actin nucleation,1/257,20/8488,0.05,1.6513618677042803,0.5153048919742286,0.45969298654938584,0.7272512288802776,0.6230091714371919,LOC111330877,1
GO:0060323,head morphogenesis,1/257,20/8488,0.05,1.6513618677042803,0.5153048919742286,0.45969298654938584,0.7272512288802776,0.6230091714371919,LOC111344472,1
GO:0070971,endoplasmic reticulum exit site,1/257,20/8488,0.05,1.6513618677042803,0.5153048919742286,0.45969298654938584,0.7272512288802776,0.6230091714371919,LOC111325671,1
GO:1901682,sulfur compound transmembrane transporter activity,1/257,20/8488,0.05,1.6513618677042803,0.5153048919742286,0.45969298654938584,0.7272512288802776,0.6230091714371919,LOC111342077,1
GO:1902475,L-alpha-amino acid transmembrane transport,1/257,20/8488,0.05,1.6513618677042803,0.5153048919742286,0.45969298654938584,0.7272512288802776,0.6230091714371919,LOC111342077,1
GO:1904705,regulation of vascular associated smooth muscle cell proliferation,1/257,20/8488,0.05,1.6513618677042803,0.5153048919742286,0.45969298654938584,0.7272512288802776,0.6230091714371919,LOC111322288,1
GO:2001025,positive regulation of response to drug,1/257,20/8488,0.05,1.6513618677042803,0.5153048919742286,0.45969298654938584,0.7272512288802776,0.6230091714371919,LOC111333875,1
GO:0002495,antigen processing and presentation of peptide antigen via MHC class II,2/257,51/8488,0.0392156862745098,1.2951857785915923,0.37359740906828653,0.46012639221832685,0.7272512288802776,0.6230091714371919,LOC111322266/LOC111322261,2
GO:0002822,regulation of adaptive immune response based on somatic recombination of immune receptors built from immunoglobulin superfamily domains,2/257,51/8488,0.0392156862745098,1.2951857785915923,0.37359740906828653,0.46012639221832685,0.7272512288802776,0.6230091714371919,LOC111328749/LOC111323636,2
GO:0005884,actin filament,2/257,51/8488,0.0392156862745098,1.2951857785915923,0.37359740906828653,0.46012639221832685,0.7272512288802776,0.6230091714371919,LOC111340398/LOC111322259,2
GO:0009165,nucleotide biosynthetic process,5/257,147/8488,0.034013605442176874,1.1233754202069934,0.2666217738847726,0.4605763268008407,0.7272512288802776,0.6230091714371919,LOC111331664/LOC111346320/LOC111321593/LOC111331622/LOC111341830,5
GO:0019827,stem cell population maintenance,5/257,147/8488,0.034013605442176874,1.1233754202069934,0.2666217738847726,0.4605763268008407,0.7272512288802776,0.6230091714371919,LOC111329099/LOC111340883/LOC111333893/LOC111343646/LOC111338817,5
GO:0016829,lyase activity,3/257,83/8488,0.03614457831325301,1.193755567015142,0.31343084879168703,0.4621687276452282,0.7293827559060054,0.6248351716328043,LOC111321593/LOC111333012/LOC111341830,3
GO:0070201,regulation of establishment of protein localization,13/257,408/8488,0.031862745098039214,1.0523384451056688,0.19145317781988344,0.46591203403964176,0.7349047710494192,0.6295656773267702,LOC111325642/LOC111323945/LOC111328749/LOC111333901/LOC111331664/LOC111338776/LOC111340883/LOC111320751/LOC111323527/LOC111323636/LOC111331301/LOC111333767/LOC111340596,13
GO:0007283,spermatogenesis,12/257,376/8488,0.031914893617021274,1.0540607666197532,0.18946522650266948,0.46819460524748013,0.7381181198031552,0.6323184340978879,LOC111325642/LOC111329099/LOC111342023/LOC111325671/LOC111331389/LOC111323777/LOC111329762/LOC111342143/LOC111333695/LOC111326058/LOC111333767/LOC111342147,12
GO:0016874,ligase activity,3/257,84/8488,0.03571428571428571,1.1795441912173428,0.2922034518733695,0.470039605275007,0.739361432744805,0.6333835342102754,LOC111331664/LOC111346320/LOC111327210,3
GO:0035050,embryonic heart tube development,3/257,84/8488,0.03571428571428571,1.1795441912173428,0.2922034518733695,0.470039605275007,0.739361432744805,0.6333835342102754,LOC111326654/LOC111321759/LOC111344472,3
GO:0046148,pigment biosynthetic process,2/257,52/8488,0.038461538461538464,1.2702783597725231,0.34543156712264206,0.47021224097101466,0.739361432744805,0.6333835342102754,LOC111330589/LOC111334761,2
GO:0050709,negative regulation of protein secretion,2/257,52/8488,0.038461538461538464,1.2702783597725231,0.34543156712264206,0.47021224097101466,0.739361432744805,0.6333835342102754,LOC111325642/LOC111333901,2
GO:1900407,regulation of cellular response to oxidative stress,2/257,52/8488,0.038461538461538464,1.2702783597725231,0.34543156712264206,0.47021224097101466,0.739361432744805,0.6333835342102754,LOC111323527/LOC111333893,2
GO:0050769,positive regulation of neurogenesis,11/257,344/8488,0.03197674418604651,1.056103520043435,0.18770152940041537,0.47060325234249756,0.7395896463146462,0.6335790363165781,LOC111328393/LOC111335693/LOC111333478/LOC111323777/LOC111345144/LOC111320751/LOC111346320/LOC111326544/LOC111333893/LOC111333767/LOC111340622,11
GO:0032868,response to insulin,5/257,149/8488,0.03355704697986577,1.1082965555062283,0.2356503845560085,0.4723716712778493,0.7397117326099982,0.6336836231205473,LOC111325642/LOC111322288/LOC111339275/LOC111346320/LOC111325560,5
GO:0046914,transition metal ion binding,12/257,378/8488,0.031746031746031744,1.0484837255265271,0.17039185018165365,0.47564885518998634,0.7397117326099982,0.6336836231205473,LOC111323911/LOC111320816/LOC111327625/LOC111322161/LOC111329755/LOC111326819/LOC111330961/LOC111328120/LOC111325220/LOC111324368/LOC111321502/LOC111329754,12
GO:0001658,branching involved in ureteric bud morphogenesis,1/257,21/8488,0.047619047619047616,1.5727255882897904,0.4643108329215957,0.47609106194579676,0.7397117326099982,0.6336836231205473,LOC111333767,1
GO:0001752,compound eye photoreceptor fate commitment,1/257,21/8488,0.047619047619047616,1.5727255882897904,0.4643108329215957,0.47609106194579676,0.7397117326099982,0.6336836231205473,LOC111333893,1
GO:0006636,unsaturated fatty acid biosynthetic process,1/257,21/8488,0.047619047619047616,1.5727255882897904,0.4643108329215957,0.47609106194579676,0.7397117326099982,0.6336836231205473,LOC111326885,1
GO:0006972,hyperosmotic response,1/257,21/8488,0.047619047619047616,1.5727255882897904,0.4643108329215957,0.47609106194579676,0.7397117326099982,0.6336836231205473,LOC111336828,1
GO:0008407,chaeta morphogenesis,1/257,21/8488,0.047619047619047616,1.5727255882897904,0.4643108329215957,0.47609106194579676,0.7397117326099982,0.6336836231205473,LOC111340398,1
GO:0009651,response to salt stress,1/257,21/8488,0.047619047619047616,1.5727255882897904,0.4643108329215957,0.47609106194579676,0.7397117326099982,0.6336836231205473,LOC111336828,1
GO:0009794,"regulation of mitotic cell cycle, embryonic",1/257,21/8488,0.047619047619047616,1.5727255882897904,0.4643108329215957,0.47609106194579676,0.7397117326099982,0.6336836231205473,LOC111322288,1
GO:0015807,L-amino acid transport,1/257,21/8488,0.047619047619047616,1.5727255882897904,0.4643108329215957,0.47609106194579676,0.7397117326099982,0.6336836231205473,LOC111342077,1
GO:0016504,peptidase activator activity,1/257,21/8488,0.047619047619047616,1.5727255882897904,0.4643108329215957,0.47609106194579676,0.7397117326099982,0.6336836231205473,LOC111344752,1
GO:0018992,germ-line sex determination,1/257,21/8488,0.047619047619047616,1.5727255882897904,0.4643108329215957,0.47609106194579676,0.7397117326099982,0.6336836231205473,LOC111333767,1
GO:0030201,heparan sulfate proteoglycan metabolic process,1/257,21/8488,0.047619047619047616,1.5727255882897904,0.4643108329215957,0.47609106194579676,0.7397117326099982,0.6336836231205473,LOC111328024,1
GO:0031952,regulation of protein autophosphorylation,1/257,21/8488,0.047619047619047616,1.5727255882897904,0.4643108329215957,0.47609106194579676,0.7397117326099982,0.6336836231205473,LOC111322288,1
GO:0042661,regulation of mesodermal cell fate specification,1/257,21/8488,0.047619047619047616,1.5727255882897904,0.4643108329215957,0.47609106194579676,0.7397117326099982,0.6336836231205473,LOC111333901,1
GO:0042706,eye photoreceptor cell fate commitment,1/257,21/8488,0.047619047619047616,1.5727255882897904,0.4643108329215957,0.47609106194579676,0.7397117326099982,0.6336836231205473,LOC111333893,1
GO:0051290,protein heterotetramerization,1/257,21/8488,0.047619047619047616,1.5727255882897904,0.4643108329215957,0.47609106194579676,0.7397117326099982,0.6336836231205473,LOC111336974,1
GO:0060612,adipose tissue development,1/257,21/8488,0.047619047619047616,1.5727255882897904,0.4643108329215957,0.47609106194579676,0.7397117326099982,0.6336836231205473,LOC111330631,1
GO:0060996,dendritic spine development,1/257,21/8488,0.047619047619047616,1.5727255882897904,0.4643108329215957,0.47609106194579676,0.7397117326099982,0.6336836231205473,LOC111331664,1
GO:0061157,mRNA destabilization,1/257,21/8488,0.047619047619047616,1.5727255882897904,0.4643108329215957,0.47609106194579676,0.7397117326099982,0.6336836231205473,LOC111320938,1
GO:1903861,positive regulation of dendrite extension,1/257,21/8488,0.047619047619047616,1.5727255882897904,0.4643108329215957,0.47609106194579676,0.7397117326099982,0.6336836231205473,LOC111326544,1
GO:2001224,positive regulation of neuron migration,1/257,21/8488,0.047619047619047616,1.5727255882897904,0.4643108329215957,0.47609106194579676,0.7397117326099982,0.6336836231205473,LOC111345144,1
GO:0001678,intracellular glucose homeostasis,2/257,53/8488,0.03773584905660377,1.2463108435504,0.31783102231211835,0.4801850026403738,0.7449182506148759,0.638143854110168,LOC111324621/LOC111340883,2
GO:0048208,COPII vesicle coating,2/257,53/8488,0.03773584905660377,1.2463108435504,0.31783102231211835,0.4801850026403738,0.7449182506148759,0.638143854110168,LOC111321489/LOC111344752,2
GO:0051591,response to cAMP,2/257,53/8488,0.03773584905660377,1.2463108435504,0.31783102231211835,0.4801850026403738,0.7449182506148759,0.638143854110168,LOC111325642/LOC111328842,2
GO:0014069,postsynaptic density,4/257,118/8488,0.03389830508474576,1.119567367935105,0.23110444873929112,0.4816947764760241,0.7468751998143714,0.6398202999529609,LOC111342023/LOC111336974/LOC111322311/LOC111326058,4
GO:1900006,positive regulation of dendrite development,3/257,86/8488,0.03488372093023256,1.1521129309564744,0.2505194118681575,0.4856242935641629,0.7478099898153222,0.6406210998977845,LOC111323777/LOC111345144/LOC111326544,3
GO:1900180,regulation of protein localization to nucleus,3/257,86/8488,0.03488372093023256,1.1521129309564744,0.2505194118681575,0.4856242935641629,0.7478099898153222,0.6406210998977845,LOC111327334/LOC111331301/LOC111333767,3
GO:0001666,response to hypoxia,6/257,184/8488,0.03260869565217391,1.076975131111487,0.18652327853121334,0.4857546230821582,0.7478099898153222,0.6406210998977845,LOC111329099/LOC111322288/LOC111333478/LOC111340883/LOC111346320/LOC111324368,6
GO:0046677,response to antibiotic,8/257,250/8488,0.032,1.0568715953307393,0.16127679469811215,0.48798619049415604,0.7478099898153222,0.6406210998977845,LOC111332158/LOC111322288/LOC111323527/LOC111324410/LOC111325560/LOC111331303/LOC111336999/LOC111333695,8
GO:0032279,asymmetric synapse,4/257,119/8488,0.03361344537815126,1.1101592387927934,0.21383312601770058,0.48828001216517103,0.7478099898153222,0.6406210998977845,LOC111342023/LOC111336974/LOC111322311/LOC111326058,4
GO:0045807,positive regulation of endocytosis,4/257,119/8488,0.03361344537815126,1.1101592387927934,0.21383312601770058,0.48828001216517103,0.7478099898153222,0.6406210998977845,LOC111328749/LOC111323636/LOC111326058/LOC111340596,4
GO:0051091,positive regulation of DNA-binding transcription factor activity,4/257,119/8488,0.03361344537815126,1.1101592387927934,0.21383312601770058,0.48828001216517103,0.7478099898153222,0.6406210998977845,LOC111323862/LOC111323127/LOC111333893/LOC111331301,4
GO:0098858,actin-based cell projection,4/257,119/8488,0.03361344537815126,1.1101592387927934,0.21383312601770058,0.48828001216517103,0.7478099898153222,0.6406210998977845,LOC111335693/LOC111340398/LOC111345144/LOC111325968,4
GO:0006885,regulation of pH,2/257,54/8488,0.037037037037037035,1.2232310131142816,0.29077159165701244,0.4900422619858984,0.7478099898153222,0.6406210998977845,LOC111323945/LOC111333012,2
GO:0007478,leg disc morphogenesis,2/257,54/8488,0.037037037037037035,1.2232310131142816,0.29077159165701244,0.4900422619858984,0.7478099898153222,0.6406210998977845,LOC111329099/LOC111327558,2
GO:0007480,imaginal disc-derived leg morphogenesis,2/257,54/8488,0.037037037037037035,1.2232310131142816,0.29077159165701244,0.4900422619858984,0.7478099898153222,0.6406210998977845,LOC111329099/LOC111327558,2
GO:0030203,glycosaminoglycan metabolic process,2/257,54/8488,0.037037037037037035,1.2232310131142816,0.29077159165701244,0.4900422619858984,0.7478099898153222,0.6406210998977845,LOC111328024/LOC111336425,2
GO:0032231,regulation of actin filament bundle assembly,2/257,54/8488,0.037037037037037035,1.2232310131142816,0.29077159165701244,0.4900422619858984,0.7478099898153222,0.6406210998977845,LOC111333478/LOC111333893,2
GO:0042051,compound eye photoreceptor development,2/257,54/8488,0.037037037037037035,1.2232310131142816,0.29077159165701244,0.4900422619858984,0.7478099898153222,0.6406210998977845,LOC111342023/LOC111323777,2
GO:0042157,lipoprotein metabolic process,2/257,54/8488,0.037037037037037035,1.2232310131142816,0.29077159165701244,0.4900422619858984,0.7478099898153222,0.6406210998977845,LOC111325671/LOC111326885,2
GO:0042306,regulation of protein import into nucleus,2/257,54/8488,0.037037037037037035,1.2232310131142816,0.29077159165701244,0.4900422619858984,0.7478099898153222,0.6406210998977845,LOC111331301/LOC111333767,2
GO:0000271,polysaccharide biosynthetic process,1/257,22/8488,0.045454545454545456,1.5012380615493455,0.41594280093870184,0.4919933410387376,0.7478099898153222,0.6406210998977845,LOC111324410,1
GO:0001711,endodermal cell fate commitment,1/257,22/8488,0.045454545454545456,1.5012380615493455,0.41594280093870184,0.4919933410387376,0.7478099898153222,0.6406210998977845,LOC111324192,1
GO:0001825,blastocyst formation,1/257,22/8488,0.045454545454545456,1.5012380615493455,0.41594280093870184,0.4919933410387376,0.7478099898153222,0.6406210998977845,LOC111343122,1
GO:0005112,Notch binding,1/257,22/8488,0.045454545454545456,1.5012380615493455,0.41594280093870184,0.4919933410387376,0.7478099898153222,0.6406210998977845,LOC111329099,1
GO:0006517,protein deglycosylation,1/257,22/8488,0.045454545454545456,1.5012380615493455,0.41594280093870184,0.4919933410387376,0.7478099898153222,0.6406210998977845,LOC111329016,1
GO:0007585,respiratory gaseous exchange by respiratory system,1/257,22/8488,0.045454545454545456,1.5012380615493455,0.41594280093870184,0.4919933410387376,0.7478099898153222,0.6406210998977845,LOC111329099,1
GO:0018996,"molting cycle, collagen and cuticulin-based cuticle",1/257,22/8488,0.045454545454545456,1.5012380615493455,0.41594280093870184,0.4919933410387376,0.7478099898153222,0.6406210998977845,LOC111331622,1
GO:0030072,peptide hormone secretion,1/257,22/8488,0.045454545454545456,1.5012380615493455,0.41594280093870184,0.4919933410387376,0.7478099898153222,0.6406210998977845,LOC111338776,1
GO:0036335,intestinal stem cell homeostasis,1/257,22/8488,0.045454545454545456,1.5012380615493455,0.41594280093870184,0.4919933410387376,0.7478099898153222,0.6406210998977845,LOC111339275,1
GO:0042168,heme metabolic process,1/257,22/8488,0.045454545454545456,1.5012380615493455,0.41594280093870184,0.4919933410387376,0.7478099898153222,0.6406210998977845,LOC111340822,1
GO:0042887,amide transmembrane transporter activity,1/257,22/8488,0.045454545454545456,1.5012380615493455,0.41594280093870184,0.4919933410387376,0.7478099898153222,0.6406210998977845,LOC111342077,1
GO:0043949,regulation of cAMP-mediated signaling,1/257,22/8488,0.045454545454545456,1.5012380615493455,0.41594280093870184,0.4919933410387376,0.7478099898153222,0.6406210998977845,LOC111326058,1
GO:0045907,positive regulation of vasoconstriction,1/257,22/8488,0.045454545454545456,1.5012380615493455,0.41594280093870184,0.4919933410387376,0.7478099898153222,0.6406210998977845,LOC111322288,1
GO:0046552,photoreceptor cell fate commitment,1/257,22/8488,0.045454545454545456,1.5012380615493455,0.41594280093870184,0.4919933410387376,0.7478099898153222,0.6406210998977845,LOC111333893,1
GO:0046915,transition metal ion transmembrane transporter activity,1/257,22/8488,0.045454545454545456,1.5012380615493455,0.41594280093870184,0.4919933410387376,0.7478099898153222,0.6406210998977845,LOC111323527,1
GO:0048048,embryonic eye morphogenesis,1/257,22/8488,0.045454545454545456,1.5012380615493455,0.41594280093870184,0.4919933410387376,0.7478099898153222,0.6406210998977845,LOC111321680,1
GO:0048102,autophagic cell death,1/257,22/8488,0.045454545454545456,1.5012380615493455,0.41594280093870184,0.4919933410387376,0.7478099898153222,0.6406210998977845,LOC111336999,1
GO:0050779,RNA destabilization,1/257,22/8488,0.045454545454545456,1.5012380615493455,0.41594280093870184,0.4919933410387376,0.7478099898153222,0.6406210998977845,LOC111320938,1
GO:0051954,positive regulation of amine transport,1/257,22/8488,0.045454545454545456,1.5012380615493455,0.41594280093870184,0.4919933410387376,0.7478099898153222,0.6406210998977845,LOC111333875,1
GO:0071398,cellular response to fatty acid,1/257,22/8488,0.045454545454545456,1.5012380615493455,0.41594280093870184,0.4919933410387376,0.7478099898153222,0.6406210998977845,LOC111325671,1
GO:1902235,regulation of endoplasmic reticulum stress-induced intrinsic apoptotic signaling pathway,1/257,22/8488,0.045454545454545456,1.5012380615493455,0.41594280093870184,0.4919933410387376,0.7478099898153222,0.6406210998977845,LOC111338776,1
GO:1904645,response to amyloid-beta,1/257,22/8488,0.045454545454545456,1.5012380615493455,0.41594280093870184,0.4919933410387376,0.7478099898153222,0.6406210998977845,LOC111340596,1
GO:1990776,response to angiotensin,1/257,22/8488,0.045454545454545456,1.5012380615493455,0.41594280093870184,0.4919933410387376,0.7478099898153222,0.6406210998977845,LOC111322288,1
GO:0002221,pattern recognition receptor signaling pathway,2/257,55/8488,0.03636363636363636,1.2009904492394763,0.26423057958944485,0.4997818522027214,0.7584983912339991,0.6497774572161358,LOC111325671/LOC111334113,2
GO:0010324,membrane invagination,2/257,55/8488,0.03636363636363636,1.2009904492394763,0.26423057958944485,0.4997818522027214,0.7584983912339991,0.6497774572161358,LOC111328749/LOC111323636,2
GO:0030864,cortical actin cytoskeleton,2/257,55/8488,0.03636363636363636,1.2009904492394763,0.26423057958944485,0.4997818522027214,0.7584983912339991,0.6497774572161358,LOC111322259/LOC111330877,2
GO:0008306,associative learning,3/257,88/8488,0.03409090909090909,1.125928546162009,0.20981824226271398,0.5009872566907079,0.7592122304011234,0.6503889767713992,LOC111332158/LOC111345144/LOC111321502,3
GO:0030674,protein-macromolecule adaptor activity,3/257,88/8488,0.03409090909090909,1.125928546162009,0.20981824226271398,0.5009872566907079,0.7592122304011234,0.6503889767713992,LOC111320871/LOC111340398/LOC111330877,3
GO:0098984,neuron to neuron synapse,4/257,121/8488,0.03305785123966942,1.091809499308615,0.17972677502804976,0.501347480398231,0.7592122304011234,0.6503889767713992,LOC111342023/LOC111336974/LOC111322311/LOC111326058,4
GO:0051962,positive regulation of nervous system development,12/257,386/8488,0.031088082901554404,1.0267534928731274,0.09505946929344075,0.5052717314396291,0.7592122304011234,0.6503889767713992,LOC111328393/LOC111335693/LOC111333478/LOC111323777/LOC111345144/LOC111320751/LOC111346320/LOC111326544/LOC111333893/LOC111333767/LOC111343646/LOC111340622,12
GO:0005253,monoatomic anion channel activity,1/257,23/8488,0.043478260869565216,1.4359668414819828,0.36993145267603705,0.5074147574518069,0.7592122304011234,0.6503889767713992,LOC111343017,1
GO:0005767,secondary lysosome,1/257,23/8488,0.043478260869565216,1.4359668414819828,0.36993145267603705,0.5074147574518069,0.7592122304011234,0.6503889767713992,LOC111329755,1
GO:0006465,signal peptide processing,1/257,23/8488,0.043478260869565216,1.4359668414819828,0.36993145267603705,0.5074147574518069,0.7592122304011234,0.6503889767713992,LOC111326544,1
GO:0009996,negative regulation of cell fate specification,1/257,23/8488,0.043478260869565216,1.4359668414819828,0.36993145267603705,0.5074147574518069,0.7592122304011234,0.6503889767713992,LOC111333893,1
GO:0014044,Schwann cell development,1/257,23/8488,0.043478260869565216,1.4359668414819828,0.36993145267603705,0.5074147574518069,0.7592122304011234,0.6503889767713992,LOC111321759,1
GO:0016081,synaptic vesicle docking,1/257,23/8488,0.043478260869565216,1.4359668414819828,0.36993145267603705,0.5074147574518069,0.7592122304011234,0.6503889767713992,LOC111335321,1
GO:0021983,pituitary gland development,1/257,23/8488,0.043478260869565216,1.4359668414819828,0.36993145267603705,0.5074147574518069,0.7592122304011234,0.6503889767713992,LOC111325642,1
GO:0030858,positive regulation of epithelial cell differentiation,1/257,23/8488,0.043478260869565216,1.4359668414819828,0.36993145267603705,0.5074147574518069,0.7592122304011234,0.6503889767713992,LOC111333767,1
GO:0030947,regulation of vascular endothelial growth factor receptor signaling pathway,1/257,23/8488,0.043478260869565216,1.4359668414819828,0.36993145267603705,0.5074147574518069,0.7592122304011234,0.6503889767713992,LOC111333478,1
GO:0032222,"regulation of synaptic transmission, cholinergic",1/257,23/8488,0.043478260869565216,1.4359668414819828,0.36993145267603705,0.5074147574518069,0.7592122304011234,0.6503889767713992,LOC111338912,1
GO:0032350,regulation of hormone metabolic process,1/257,23/8488,0.043478260869565216,1.4359668414819828,0.36993145267603705,0.5074147574518069,0.7592122304011234,0.6503889767713992,LOC111331622,1
GO:0033563,dorsal/ventral axon guidance,1/257,23/8488,0.043478260869565216,1.4359668414819828,0.36993145267603705,0.5074147574518069,0.7592122304011234,0.6503889767713992,LOC111333901,1
GO:0035640,exploration behavior,1/257,23/8488,0.043478260869565216,1.4359668414819828,0.36993145267603705,0.5074147574518069,0.7592122304011234,0.6503889767713992,LOC111335693,1
GO:0036092,phosphatidylinositol-3-phosphate biosynthetic process,1/257,23/8488,0.043478260869565216,1.4359668414819828,0.36993145267603705,0.5074147574518069,0.7592122304011234,0.6503889767713992,LOC111338817,1
GO:0043243,positive regulation of protein-containing complex disassembly,1/257,23/8488,0.043478260869565216,1.4359668414819828,0.36993145267603705,0.5074147574518069,0.7592122304011234,0.6503889767713992,LOC111340622,1
GO:0050840,extracellular matrix binding,1/257,23/8488,0.043478260869565216,1.4359668414819828,0.36993145267603705,0.5074147574518069,0.7592122304011234,0.6503889767713992,LOC111335693,1
GO:0050951,sensory perception of temperature stimulus,1/257,23/8488,0.043478260869565216,1.4359668414819828,0.36993145267603705,0.5074147574518069,0.7592122304011234,0.6503889767713992,LOC111323527,1
GO:0060711,labyrinthine layer development,1/257,23/8488,0.043478260869565216,1.4359668414819828,0.36993145267603705,0.5074147574518069,0.7592122304011234,0.6503889767713992,LOC111330856,1
GO:0061383,trabecula morphogenesis,1/257,23/8488,0.043478260869565216,1.4359668414819828,0.36993145267603705,0.5074147574518069,0.7592122304011234,0.6503889767713992,LOC111321680,1
GO:0071949,FAD binding,1/257,23/8488,0.043478260869565216,1.4359668414819828,0.36993145267603705,0.5074147574518069,0.7592122304011234,0.6503889767713992,LOC111322597,1
GO:1900087,positive regulation of G1/S transition of mitotic cell cycle,1/257,23/8488,0.043478260869565216,1.4359668414819828,0.36993145267603705,0.5074147574518069,0.7592122304011234,0.6503889767713992,LOC111333767,1
GO:1901071,glucosamine-containing compound metabolic process,1/257,23/8488,0.043478260869565216,1.4359668414819828,0.36993145267603705,0.5074147574518069,0.7592122304011234,0.6503889767713992,LOC111337168,1
GO:2000648,positive regulation of stem cell proliferation,1/257,23/8488,0.043478260869565216,1.4359668414819828,0.36993145267603705,0.5074147574518069,0.7592122304011234,0.6503889767713992,LOC111333767,1
GO:2000826,regulation of heart morphogenesis,1/257,23/8488,0.043478260869565216,1.4359668414819828,0.36993145267603705,0.5074147574518069,0.7592122304011234,0.6503889767713992,LOC111344472,1
GO:1904062,regulation of monoatomic cation transmembrane transport,4/257,122/8488,0.03278688524590164,1.082860241117561,0.16288629307730146,0.5078272505383084,0.7592122304011234,0.6503889767713992,LOC111320952/LOC111323945/LOC111327334/LOC111326058,4
GO:0005996,monosaccharide metabolic process,3/257,89/8488,0.033707865168539325,1.113277663620863,0.1898203883652693,0.5085813312028802,0.7592122304011234,0.6503889767713992,LOC111338776/LOC111336425/LOC111329016,3
GO:0008595,"anterior/posterior axis specification, embryo",3/257,89/8488,0.033707865168539325,1.113277663620863,0.1898203883652693,0.5085813312028802,0.7592122304011234,0.6503889767713992,LOC111327880/LOC111336934/LOC111343646,3
GO:0030522,intracellular receptor signaling pathway,3/257,89/8488,0.033707865168539325,1.113277663620863,0.1898203883652693,0.5085813312028802,0.7592122304011234,0.6503889767713992,LOC111323127/LOC111336999/LOC111344472,3
GO:0072089,stem cell proliferation,3/257,89/8488,0.033707865168539325,1.113277663620863,0.1898203883652693,0.5085813312028802,0.7592122304011234,0.6503889767713992,LOC111323862/LOC111346320/LOC111335662,3
GO:0018991,egg-laying behavior,2/257,56/8488,0.03571428571428571,1.1795441912173428,0.23818666051995172,0.5094018421971105,0.7596830646152248,0.650792322990646,LOC111324192/LOC111328517,2
GO:0090114,COPII-coated vesicle budding,2/257,56/8488,0.03571428571428571,1.1795441912173428,0.23818666051995172,0.5094018421971105,0.7596830646152248,0.650792322990646,LOC111321489/LOC111344752,2
GO:0007298,border follicle cell migration,3/257,90/8488,0.03333333333333333,1.1009079118028535,0.1700497118741796,0.5161150449649807,0.7687320687420525,0.6585442694150841,LOC111322288/LOC111339275/LOC111333893,3
GO:0010770,positive regulation of cell morphogenesis,5/257,157/8488,0.03184713375796178,1.0518228456715162,0.11580835106307309,0.5186578298003276,0.7687320687420525,0.6585442694150841,LOC111333478/LOC111323777/LOC111326544/LOC111333893/LOC111340622,5
GO:0004197,cysteine-type endopeptidase activity,2/257,57/8488,0.03508771929824561,1.1588504334766878,0.21261977262349915,0.5189005243997815,0.7687320687420525,0.6585442694150841,LOC111333695/LOC111344752,2
GO:0043401,steroid hormone receptor signaling pathway,2/257,57/8488,0.03508771929824561,1.1588504334766878,0.21261977262349915,0.5189005243997815,0.7687320687420525,0.6585442694150841,LOC111323127/LOC111336999,2
GO:0071322,cellular response to carbohydrate stimulus,2/257,57/8488,0.03508771929824561,1.1588504334766878,0.21261977262349915,0.5189005243997815,0.7687320687420525,0.6585442694150841,LOC111324621/LOC111340883,2
GO:0098876,vesicle-mediated transport to the plasma membrane,2/257,57/8488,0.03508771929824561,1.1588504334766878,0.21261977262349915,0.5189005243997815,0.7687320687420525,0.6585442694150841,LOC111326934/LOC111340366,2
GO:0012501,programmed cell death,13/257,423/8488,0.030732860520094562,1.0150214789671697,0.05600129291299671,0.5192351927994632,0.7687320687420525,0.6585442694150841,LOC111329099/LOC111324621/LOC111320952/LOC111323127/LOC111326544/LOC111325851/LOC111336999/LOC111333695/LOC111344752/LOC111334113/LOC111333767/LOC111344472/LOC111338817,13
GO:0010720,positive regulation of cell development,12/257,390/8488,0.03076923076923077,1.0162226878180187,0.05795402317335685,0.5199339809770207,0.7687320687420525,0.6585442694150841,LOC111328393/LOC111335693/LOC111341087/LOC111333478/LOC111323777/LOC111345144/LOC111320751/LOC111346320/LOC111326544/LOC111333893/LOC111333767/LOC111340622,12
GO:0044092,negative regulation of molecular function,15/257,490/8488,0.030612244897959183,1.0110378781862939,0.04447442059904779,0.5213423112747083,0.7687320687420525,0.6585442694150841,LOC111336303/LOC111330856/LOC111327252/LOC111322288/LOC111322400/LOC111327625/LOC111322161/LOC111326819/LOC111321403/LOC111326544/LOC111324532/LOC111325220/LOC111334113/LOC111326058/LOC111320928,15
GO:0008146,sulfotransferase activity,1/257,24/8488,0.041666666666666664,1.3761348897535666,0.32604592395417265,0.5223697967116873,0.7687320687420525,0.6585442694150841,LOC111328024,1
GO:0014041,regulation of neuron maturation,1/257,24/8488,0.041666666666666664,1.3761348897535666,0.32604592395417265,0.5223697967116873,0.7687320687420525,0.6585442694150841,LOC111332158,1
GO:0021587,cerebellum morphogenesis,1/257,24/8488,0.041666666666666664,1.3761348897535666,0.32604592395417265,0.5223697967116873,0.7687320687420525,0.6585442694150841,LOC111326058,1
GO:0030032,lamellipodium assembly,1/257,24/8488,0.041666666666666664,1.3761348897535666,0.32604592395417265,0.5223697967116873,0.7687320687420525,0.6585442694150841,LOC111328517,1
GO:0030837,negative regulation of actin filament polymerization,1/257,24/8488,0.041666666666666664,1.3761348897535666,0.32604592395417265,0.5223697967116873,0.7687320687420525,0.6585442694150841,LOC111321894,1
GO:0032480,negative regulation of type I interferon production,1/257,24/8488,0.041666666666666664,1.3761348897535666,0.32604592395417265,0.5223697967116873,0.7687320687420525,0.6585442694150841,LOC111342023,1
GO:0035075,response to ecdysone,1/257,24/8488,0.041666666666666664,1.3761348897535666,0.32604592395417265,0.5223697967116873,0.7687320687420525,0.6585442694150841,LOC111336999,1
GO:0048286,lung alveolus development,1/257,24/8488,0.041666666666666664,1.3761348897535666,0.32604592395417265,0.5223697967116873,0.7687320687420525,0.6585442694150841,LOC111333893,1
GO:0048665,neuron fate specification,1/257,24/8488,0.041666666666666664,1.3761348897535666,0.32604592395417265,0.5223697967116873,0.7687320687420525,0.6585442694150841,LOC111333767,1
GO:0052742,phosphatidylinositol kinase activity,1/257,24/8488,0.041666666666666664,1.3761348897535666,0.32604592395417265,0.5223697967116873,0.7687320687420525,0.6585442694150841,LOC111338817,1
GO:0055038,recycling endosome membrane,1/257,24/8488,0.041666666666666664,1.3761348897535666,0.32604592395417265,0.5223697967116873,0.7687320687420525,0.6585442694150841,LOC111333893,1
GO:0060324,face development,1/257,24/8488,0.041666666666666664,1.3761348897535666,0.32604592395417265,0.5223697967116873,0.7687320687420525,0.6585442694150841,LOC111344472,1
GO:0070821,tertiary granule membrane,1/257,24/8488,0.041666666666666664,1.3761348897535666,0.32604592395417265,0.5223697967116873,0.7687320687420525,0.6585442694150841,LOC111323527,1
GO:0071868,cellular response to monoamine stimulus,1/257,24/8488,0.041666666666666664,1.3761348897535666,0.32604592395417265,0.5223697967116873,0.7687320687420525,0.6585442694150841,LOC111326058,1
GO:0071870,cellular response to catecholamine stimulus,1/257,24/8488,0.041666666666666664,1.3761348897535666,0.32604592395417265,0.5223697967116873,0.7687320687420525,0.6585442694150841,LOC111326058,1
GO:0099604,ligand-gated calcium channel activity,1/257,24/8488,0.041666666666666664,1.3761348897535666,0.32604592395417265,0.5223697967116873,0.7687320687420525,0.6585442694150841,LOC111323527,1
GO:1901985,positive regulation of protein acetylation,1/257,24/8488,0.041666666666666664,1.3761348897535666,0.32604592395417265,0.5223697967116873,0.7687320687420525,0.6585442694150841,LOC111340883,1
GO:1903427,negative regulation of reactive oxygen species biosynthetic process,1/257,24/8488,0.041666666666666664,1.3761348897535666,0.32604592395417265,0.5223697967116873,0.7687320687420525,0.6585442694150841,LOC111326058,1
GO:0014074,response to purine-containing compound,3/257,91/8488,0.03296703296703297,1.0888100226621626,0.15050050679004115,0.523586941465053,0.7693940009413187,0.6591113221949707,LOC111325642/LOC111323527/LOC111328842,3
GO:0042440,pigment metabolic process,3/257,91/8488,0.03296703296703297,1.0888100226621626,0.15050050679004115,0.523586941465053,0.7693940009413187,0.6591113221949707,LOC111340822/LOC111330589/LOC111334761,3
GO:0051302,regulation of cell division,3/257,91/8488,0.03296703296703297,1.0888100226621626,0.15050050679004115,0.523586941465053,0.7693940009413187,0.6591113221949707,LOC111330205/LOC111341087/LOC111328517,3
GO:0046883,regulation of hormone secretion,5/257,158/8488,0.03164556962025317,1.045165739053342,0.10125874157018537,0.5243273554851671,0.7701058033688392,0.6597210969509093,LOC111325642/LOC111323945/LOC111338776/LOC111340883/LOC111323527,5
GO:0046578,regulation of Ras protein signal transduction,4/257,125/8488,0.032,1.0568715953307393,0.11318444119730604,0.5270368763184918,0.7735010811109159,0.6626297055429459,LOC111320822/LOC111335693/LOC111333478/LOC111327558,4
GO:0043687,post-translational protein modification,6/257,192/8488,0.03125,1.0321011673151752,0.0794976754363806,0.5274741640713145,0.7735010811109159,0.6626297055429459,LOC111328749/LOC111325671/LOC111321759/LOC111321403/LOC111323636/LOC111328120,6
GO:0019218,regulation of steroid metabolic process,2/257,58/8488,0.034482758620689655,1.1388702535891586,0.18751102159470315,0.5282764030963334,0.7735010811109159,0.6626297055429459,LOC111320024/LOC111325671,2
GO:0031016,pancreas development,2/257,58/8488,0.034482758620689655,1.1388702535891586,0.18751102159470315,0.5282764030963334,0.7735010811109159,0.6626297055429459,LOC111338776/LOC111340883,2
GO:0031902,late endosome membrane,2/257,58/8488,0.034482758620689655,1.1388702535891586,0.18751102159470315,0.5282764030963334,0.7735010811109159,0.6626297055429459,LOC111342143/LOC111342147,2
GO:0045746,negative regulation of Notch signaling pathway,2/257,58/8488,0.034482758620689655,1.1388702535891586,0.18751102159470315,0.5282764030963334,0.7735010811109159,0.6626297055429459,LOC111329099/LOC111333893,2
GO:0060249,anatomical structure homeostasis,8/257,259/8488,0.03088803088803089,1.0201463275393237,0.05818212823976432,0.5284390697084216,0.7735010811109159,0.6626297055429459,LOC111320817/LOC111324192/LOC111320821/LOC111335693/LOC111320842/LOC111330961/LOC111331303/LOC111332138,8
GO:0001738,morphogenesis of a polarized epithelium,3/257,92/8488,0.03260869565217391,1.076975131111487,0.131167275533221,0.5309956500878599,0.7757248950089448,0.664534764481347,LOC111329762/LOC111333893/LOC111334412,3
GO:2000045,regulation of G1/S transition of mitotic cell cycle,3/257,92/8488,0.03260869565217391,1.076975131111487,0.131167275533221,0.5309956500878599,0.7757248950089448,0.664534764481347,LOC111340883/LOC111331303/LOC111333767,3
GO:0007015,actin filament organization,5/257,160/8488,0.03125,1.0321011673151752,0.07243155687364568,0.5355794857825061,0.7757248950089448,0.664534764481347,LOC111335693/LOC111340398/LOC111321894/LOC111328517/LOC111330877,5
GO:0051056,regulation of small GTPase mediated signal transduction,5/257,160/8488,0.03125,1.0321011673151752,0.07243155687364568,0.5355794857825061,0.7757248950089448,0.664534764481347,LOC111327252/LOC111320822/LOC111335693/LOC111333478/LOC111327558,5
GO:0001776,leukocyte homeostasis,1/257,25/8488,0.04,1.3210894941634241,0.2840869549886003,0.5368725096423459,0.7757248950089448,0.664534764481347,LOC111326654,1
GO:0006027,glycosaminoglycan catabolic process,1/257,25/8488,0.04,1.3210894941634241,0.2840869549886003,0.5368725096423459,0.7757248950089448,0.664534764481347,LOC111336425,1
GO:0006778,porphyrin-containing compound metabolic process,1/257,25/8488,0.04,1.3210894941634241,0.2840869549886003,0.5368725096423459,0.7757248950089448,0.664534764481347,LOC111340822,1
GO:0007595,lactation,1/257,25/8488,0.04,1.3210894941634241,0.2840869549886003,0.5368725096423459,0.7757248950089448,0.664534764481347,LOC111326058,1
GO:0010454,negative regulation of cell fate commitment,1/257,25/8488,0.04,1.3210894941634241,0.2840869549886003,0.5368725096423459,0.7757248950089448,0.664534764481347,LOC111333893,1
GO:0010830,regulation of myotube differentiation,1/257,25/8488,0.04,1.3210894941634241,0.2840869549886003,0.5368725096423459,0.7757248950089448,0.664534764481347,LOC111344472,1
GO:0031435,mitogen-activated protein kinase kinase kinase binding,1/257,25/8488,0.04,1.3210894941634241,0.2840869549886003,0.5368725096423459,0.7757248950089448,0.664534764481347,LOC111323862,1
GO:0032467,positive regulation of cytokinesis,1/257,25/8488,0.04,1.3210894941634241,0.2840869549886003,0.5368725096423459,0.7757248950089448,0.664534764481347,LOC111330205,1
GO:0045570,regulation of imaginal disc growth,1/257,25/8488,0.04,1.3210894941634241,0.2840869549886003,0.5368725096423459,0.7757248950089448,0.664534764481347,LOC111334412,1
GO:0046634,regulation of alpha-beta T cell activation,1/257,25/8488,0.04,1.3210894941634241,0.2840869549886003,0.5368725096423459,0.7757248950089448,0.664534764481347,LOC111333767,1
GO:0051703,biological process involved in intraspecies interaction between organisms,1/257,25/8488,0.04,1.3210894941634241,0.2840869549886003,0.5368725096423459,0.7757248950089448,0.664534764481347,LOC111344472,1
GO:0060117,auditory receptor cell development,1/257,25/8488,0.04,1.3210894941634241,0.2840869549886003,0.5368725096423459,0.7757248950089448,0.664534764481347,LOC111326058,1
GO:0060675,ureteric bud morphogenesis,1/257,25/8488,0.04,1.3210894941634241,0.2840869549886003,0.5368725096423459,0.7757248950089448,0.664534764481347,LOC111333767,1
GO:0061098,positive regulation of protein tyrosine kinase activity,1/257,25/8488,0.04,1.3210894941634241,0.2840869549886003,0.5368725096423459,0.7757248950089448,0.664534764481347,LOC111322288,1
GO:0061174,type I terminal bouton,1/257,25/8488,0.04,1.3210894941634241,0.2840869549886003,0.5368725096423459,0.7757248950089448,0.664534764481347,LOC111332158,1
GO:0070536,protein K63-linked deubiquitination,1/257,25/8488,0.04,1.3210894941634241,0.2840869549886003,0.5368725096423459,0.7757248950089448,0.664534764481347,LOC111330437,1
GO:0072171,mesonephric tubule morphogenesis,1/257,25/8488,0.04,1.3210894941634241,0.2840869549886003,0.5368725096423459,0.7757248950089448,0.664534764481347,LOC111333767,1
GO:0101003,ficolin-1-rich granule membrane,1/257,25/8488,0.04,1.3210894941634241,0.2840869549886003,0.5368725096423459,0.7757248950089448,0.664534764481347,LOC111323527,1
GO:0005938,cell cortex,8/257,261/8488,0.03065134099616858,1.0123291143014745,0.035747752778117335,0.537278188765399,0.7757248950089448,0.664534764481347,LOC111333735/LOC111321843/LOC111322311/LOC111331622/LOC111322256/LOC111325968/LOC111330877/LOC111327558,8
GO:0002819,regulation of adaptive immune response,2/257,59/8488,0.03389830508474576,1.119567367935105,0.162842593280464,0.5375281832548526,0.7757248950089448,0.664534764481347,LOC111328749/LOC111323636,2
GO:0007525,somatic muscle development,2/257,59/8488,0.03389830508474576,1.119567367935105,0.162842593280464,0.5375281832548526,0.7757248950089448,0.664534764481347,LOC111324192/LOC111344472,2
GO:0042059,negative regulation of epidermal growth factor receptor signaling pathway,2/257,59/8488,0.03389830508474576,1.119567367935105,0.162842593280464,0.5375281832548526,0.7757248950089448,0.664534764481347,LOC111328024/LOC111332158,2
GO:0048661,positive regulation of smooth muscle cell proliferation,2/257,59/8488,0.03389830508474576,1.119567367935105,0.162842593280464,0.5375281832548526,0.7757248950089448,0.664534764481347,LOC111328024/LOC111322288,2
GO:0050764,regulation of phagocytosis,2/257,59/8488,0.03389830508474576,1.119567367935105,0.162842593280464,0.5375281832548526,0.7757248950089448,0.664534764481347,LOC111328749/LOC111323636,2
GO:1902882,regulation of response to oxidative stress,2/257,59/8488,0.03389830508474576,1.119567367935105,0.162842593280464,0.5375281832548526,0.7757248950089448,0.664534764481347,LOC111323527/LOC111333893,2
GO:0036293,response to decreased oxygen levels,6/257,194/8488,0.030927835051546393,1.021460949095431,0.0534299952759593,0.5376949488343251,0.7757248950089448,0.664534764481347,LOC111329099/LOC111322288/LOC111333478/LOC111340883/LOC111346320/LOC111324368,6
GO:0043065,positive regulation of apoptotic process,11/257,362/8488,0.03038674033149171,1.0035900853451427,0.01233496754470512,0.539652318607138,0.7781755390078002,0.6666341403594257,LOC111325642/LOC111335693/LOC111327625/LOC111340883/LOC111326819/LOC111331303/LOC111336999/LOC111325220/LOC111344752/LOC111334412/LOC111333767,11
GO:0046982,protein heterodimerization activity,8/257,262/8488,0.030534351145038167,1.0084652627201711,0.02459314645140581,0.5416745277942595,0.7803670818274692,0.6685115538611579,LOC111325642/LOC111328662/LOC111322288/LOC111335693/LOC111338776/LOC111340883/LOC111333893/LOC111343646,8
GO:0048232,male gamete generation,12/257,396/8488,0.030303030303030304,1.0008253743662305,0.0029722681972068135,0.5416909796727911,0.7803670818274692,0.6685115538611579,LOC111325642/LOC111329099/LOC111342023/LOC111325671/LOC111331389/LOC111323777/LOC111329762/LOC111342143/LOC111333695/LOC111326058/LOC111333767/LOC111342147,12
GO:0051090,regulation of DNA-binding transcription factor activity,6/257,195/8488,0.03076923076923077,1.0162226878180187,0.040495022611297594,0.5427704003963927,0.7815478048790566,0.6695230355346902,LOC111323862/LOC111323127/LOC111333893/LOC111334113/LOC111331301/LOC111320928,6
GO:0003777,microtubule motor activity,2/257,60/8488,0.03333333333333333,1.1009079118028535,0.13859767423424263,0.5466547598314672,0.7845121744146246,0.6720625010382842,LOC111331389/LOC111331219,2
GO:0005791,rough endoplasmic reticulum,2/257,60/8488,0.03333333333333333,1.1009079118028535,0.13859767423424263,0.5466547598314672,0.7845121744146246,0.6720625010382842,LOC111327082/LOC111333875,2
GO:0030718,germ-line stem cell population maintenance,2/257,60/8488,0.03333333333333333,1.1009079118028535,0.13859767423424263,0.5466547598314672,0.7845121744146246,0.6720625010382842,LOC111329099/LOC111343646,2
GO:0032092,positive regulation of protein binding,2/257,60/8488,0.03333333333333333,1.1009079118028535,0.13859767423424263,0.5466547598314672,0.7845121744146246,0.6720625010382842,LOC111333478/LOC111340596,2
GO:0035218,leg disc development,2/257,60/8488,0.03333333333333333,1.1009079118028535,0.13859767423424263,0.5466547598314672,0.7845121744146246,0.6720625010382842,LOC111329099/LOC111327558,2
GO:0042734,presynaptic membrane,2/257,60/8488,0.03333333333333333,1.1009079118028535,0.13859767423424263,0.5466547598314672,0.7845121744146246,0.6720625010382842,LOC111332158/LOC111322311,2
GO:0048194,Golgi vesicle budding,2/257,60/8488,0.03333333333333333,1.1009079118028535,0.13859767423424263,0.5466547598314672,0.7845121744146246,0.6720625010382842,LOC111321489/LOC111344752,2
GO:0043086,negative regulation of catalytic activity,10/257,331/8488,0.030211480362537766,0.9978017327518309,-0.007208528454016873,0.5492968160575313,0.7846671724829983,0.6721952821382908,LOC111330856/LOC111327252/LOC111327625/LOC111322161/LOC111326819/LOC111321403/LOC111326544/LOC111324532/LOC111325220/LOC111326058,10
GO:0001649,osteoblast differentiation,1/257,26/8488,0.038461538461538464,1.2702783597725231,0.24388146775220362,0.550936525360403,0.7846671724829983,0.6721952821382908,LOC111333893,1
GO:0005217,intracellularly ligand-gated monoatomic ion channel activity,1/257,26/8488,0.038461538461538464,1.2702783597725231,0.24388146775220362,0.550936525360403,0.7846671724829983,0.6721952821382908,LOC111323527,1
GO:0006040,amino sugar metabolic process,1/257,26/8488,0.038461538461538464,1.2702783597725231,0.24388146775220362,0.550936525360403,0.7846671724829983,0.6721952821382908,LOC111337168,1
GO:0014037,Schwann cell differentiation,1/257,26/8488,0.038461538461538464,1.2702783597725231,0.24388146775220362,0.550936525360403,0.7846671724829983,0.6721952821382908,LOC111321759,1
GO:0021884,forebrain neuron development,1/257,26/8488,0.038461538461538464,1.2702783597725231,0.24388146775220362,0.550936525360403,0.7846671724829983,0.6721952821382908,LOC111333478,1
GO:0030512,negative regulation of transforming growth factor beta receptor signaling pathway,1/257,26/8488,0.038461538461538464,1.2702783597725231,0.24388146775220362,0.550936525360403,0.7846671724829983,0.6721952821382908,LOC111321680,1
GO:0030521,androgen receptor signaling pathway,1/257,26/8488,0.038461538461538464,1.2702783597725231,0.24388146775220362,0.550936525360403,0.7846671724829983,0.6721952821382908,LOC111323127,1
GO:0031623,receptor internalization,1/257,26/8488,0.038461538461538464,1.2702783597725231,0.24388146775220362,0.550936525360403,0.7846671724829983,0.6721952821382908,LOC111340596,1
GO:0045540,regulation of cholesterol biosynthetic process,1/257,26/8488,0.038461538461538464,1.2702783597725231,0.24388146775220362,0.550936525360403,0.7846671724829983,0.6721952821382908,LOC111325671,1
GO:0045652,regulation of megakaryocyte differentiation,1/257,26/8488,0.038461538461538464,1.2702783597725231,0.24388146775220362,0.550936525360403,0.7846671724829983,0.6721952821382908,LOC111330060,1
GO:0048865,stem cell fate commitment,1/257,26/8488,0.038461538461538464,1.2702783597725231,0.24388146775220362,0.550936525360403,0.7846671724829983,0.6721952821382908,LOC111325851,1
GO:0051930,regulation of sensory perception of pain,1/257,26/8488,0.038461538461538464,1.2702783597725231,0.24388146775220362,0.550936525360403,0.7846671724829983,0.6721952821382908,LOC111332158,1
GO:0097061,dendritic spine organization,1/257,26/8488,0.038461538461538464,1.2702783597725231,0.24388146775220362,0.550936525360403,0.7846671724829983,0.6721952821382908,LOC111335693,1
GO:1904263,positive regulation of TORC1 signaling,1/257,26/8488,0.038461538461538464,1.2702783597725231,0.24388146775220362,0.550936525360403,0.7846671724829983,0.6721952821382908,LOC111333767,1
GO:2000008,regulation of protein localization to cell surface,1/257,26/8488,0.038461538461538464,1.2702783597725231,0.24388146775220362,0.550936525360403,0.7846671724829983,0.6721952821382908,LOC111326544,1
GO:0031349,positive regulation of defense response,5/257,163/8488,0.03067484662576687,1.0131054403093742,0.029851809379042592,0.5522288758284885,0.7861355695655907,0.6734532034912396,LOC111328749/LOC111325671/LOC111323636/LOC111331303/LOC111334113,5
GO:0005777,peroxisome,3/257,95/8488,0.031578947368421054,1.042965390129019,0.07441137207192122,0.5528301866291205,0.7866193005583701,0.6738675979027472,LOC111346087/LOC111331664/LOC111346320,3
GO:0043066,negative regulation of apoptotic process,15/257,500/8488,0.03,0.990817120622568,-0.03739919166732534,0.5537850732711818,0.7876054375412364,0.6747123849037466,LOC111320817/LOC111330631/LOC111320821/LOC111333170/LOC111335693/LOC111333478/LOC111320842/LOC111338776/LOC111339275/LOC111325851/LOC111333767/LOC111340596/LOC111344472/LOC111338817/LOC111340622,15
GO:0007606,sensory perception of chemical stimulus,2/257,61/8488,0.03278688524590164,1.082860241117561,0.11476037935330818,0.5556552075353277,0.7884013510689932,0.67539421452159,LOC111335693/LOC111333893,2
GO:0014902,myotube differentiation,2/257,61/8488,0.03278688524590164,1.082860241117561,0.11476037935330818,0.5556552075353277,0.7884013510689932,0.67539421452159,LOC111330631/LOC111333901,2
GO:0050829,defense response to Gram-negative bacterium,2/257,61/8488,0.03278688524590164,1.082860241117561,0.11476037935330818,0.5556552075353277,0.7884013510689932,0.67539421452159,LOC111327334/LOC111331589,2
GO:1901185,negative regulation of ERBB signaling pathway,2/257,61/8488,0.03278688524590164,1.082860241117561,0.11476037935330818,0.5556552075353277,0.7884013510689932,0.67539421452159,LOC111328024/LOC111332158,2
GO:1903707,negative regulation of hemopoiesis,2/257,61/8488,0.03278688524590164,1.082860241117561,0.11476037935330818,0.5556552075353277,0.7884013510689932,0.67539421452159,LOC111329099/LOC111333767,2
GO:0001819,positive regulation of cytokine production,4/257,130/8488,0.03076923076923077,1.0162226878180187,0.032935227339506774,0.5582253971794634,0.7916746792625299,0.6781983534555828,LOC111328024/LOC111328749/LOC111333170/LOC111323636,4
GO:0097014,ciliary plasm,3/257,96/8488,0.03125,1.0321011673151752,0.05589089524166961,0.5599740815786354,0.7917211152268265,0.678238133424997,LOC111331389/LOC111331219/LOC111333767,3
GO:1903530,regulation of secretion by cell,11/257,368/8488,0.029891304347826088,0.9872272035188632,-0.04426385646401721,0.5620172909177836,0.7917211152268265,0.678238133424997,LOC111332158/LOC111325642/LOC111323945/LOC111328749/LOC111333901/LOC111338776/LOC111340883/LOC111320751/LOC111323527/LOC111323636/LOC111343646,11
GO:0098660,inorganic ion transmembrane transport,8/257,267/8488,0.0299625468164794,0.9895801454407672,-0.030568373109362723,0.5634073936926602,0.7917211152268265,0.678238133424997,LOC111336828/LOC111343017/LOC111330251/LOC111323527/LOC111328120/LOC111334900/LOC111326058/LOC111329754,8
GO:0050795,regulation of behavior,4/257,131/8488,0.030534351145038167,1.0084652627201711,0.017253144102845334,0.5643306447255729,0.7917211152268265,0.678238133424997,LOC111343017/LOC111342143/LOC111320921/LOC111342147,4
GO:0002478,antigen processing and presentation of exogenous peptide antigen,2/257,62/8488,0.03225806451612903,1.0653947533576,0.09131568586135203,0.5645287710351754,0.7917211152268265,0.678238133424997,LOC111322266/LOC111322261,2
GO:0003231,cardiac ventricle development,2/257,62/8488,0.03225806451612903,1.0653947533576,0.09131568586135203,0.5645287710351754,0.7917211152268265,0.678238133424997,LOC111340883/LOC111333893,2
GO:0030863,cortical cytoskeleton,2/257,62/8488,0.03225806451612903,1.0653947533576,0.09131568586135203,0.5645287710351754,0.7917211152268265,0.678238133424997,LOC111322311/LOC111330877,2
GO:0050775,positive regulation of dendrite morphogenesis,2/257,62/8488,0.03225806451612903,1.0653947533576,0.09131568586135203,0.5645287710351754,0.7917211152268265,0.678238133424997,LOC111323777/LOC111326544,2
GO:1903169,regulation of calcium ion transmembrane transport,2/257,62/8488,0.03225806451612903,1.0653947533576,0.09131568586135203,0.5645287710351754,0.7917211152268265,0.678238133424997,LOC111323945/LOC111327334,2
GO:0002763,positive regulation of myeloid leukocyte differentiation,1/257,27/8488,0.037037037037037035,1.2232310131142816,0.20527824529831762,0.5645750638834917,0.7917211152268265,0.678238133424997,LOC111323862,1
GO:0005254,chloride channel activity,1/257,27/8488,0.037037037037037035,1.2232310131142816,0.20527824529831762,0.5645750638834917,0.7917211152268265,0.678238133424997,LOC111343017,1
GO:0005782,peroxisomal matrix,1/257,27/8488,0.037037037037037035,1.2232310131142816,0.20527824529831762,0.5645750638834917,0.7917211152268265,0.678238133424997,LOC111346087,1
GO:0016529,sarcoplasmic reticulum,1/257,27/8488,0.037037037037037035,1.2232310131142816,0.20527824529831762,0.5645750638834917,0.7917211152268265,0.678238133424997,LOC111321502,1
GO:0021575,hindbrain morphogenesis,1/257,27/8488,0.037037037037037035,1.2232310131142816,0.20527824529831762,0.5645750638834917,0.7917211152268265,0.678238133424997,LOC111326058,1
GO:0021846,cell proliferation in forebrain,1/257,27/8488,0.037037037037037035,1.2232310131142816,0.20527824529831762,0.5645750638834917,0.7917211152268265,0.678238133424997,LOC111333767,1
GO:0030166,proteoglycan biosynthetic process,1/257,27/8488,0.037037037037037035,1.2232310131142816,0.20527824529831762,0.5645750638834917,0.7917211152268265,0.678238133424997,LOC111328024,1
GO:0032420,stereocilium,1/257,27/8488,0.037037037037037035,1.2232310131142816,0.20527824529831762,0.5645750638834917,0.7917211152268265,0.678238133424997,LOC111340398,1
GO:0033209,tumor necrosis factor-mediated signaling pathway,1/257,27/8488,0.037037037037037035,1.2232310131142816,0.20527824529831762,0.5645750638834917,0.7917211152268265,0.678238133424997,LOC111334113,1
GO:0042558,pteridine-containing compound metabolic process,1/257,27/8488,0.037037037037037035,1.2232310131142816,0.20527824529831762,0.5645750638834917,0.7917211152268265,0.678238133424997,LOC111325560,1
GO:0048255,mRNA stabilization,1/257,27/8488,0.037037037037037035,1.2232310131142816,0.20527824529831762,0.5645750638834917,0.7917211152268265,0.678238133424997,LOC111343122,1
GO:0060043,regulation of cardiac muscle cell proliferation,1/257,27/8488,0.037037037037037035,1.2232310131142816,0.20527824529831762,0.5645750638834917,0.7917211152268265,0.678238133424997,LOC111332158,1
GO:0071320,cellular response to cAMP,1/257,27/8488,0.037037037037037035,1.2232310131142816,0.20527824529831762,0.5645750638834917,0.7917211152268265,0.678238133424997,LOC111325642,1
GO:0090181,regulation of cholesterol metabolic process,1/257,27/8488,0.037037037037037035,1.2232310131142816,0.20527824529831762,0.5645750638834917,0.7917211152268265,0.678238133424997,LOC111325671,1
GO:1900024,regulation of substrate adhesion-dependent cell spreading,1/257,27/8488,0.037037037037037035,1.2232310131142816,0.20527824529831762,0.5645750638834917,0.7917211152268265,0.678238133424997,LOC111333478,1
GO:0043409,negative regulation of MAPK cascade,3/257,97/8488,0.030927835051546393,1.021460949095431,0.037561704601708046,0.5670491500855198,0.7948200575290045,0.6808928824296624,LOC111327625/LOC111326819/LOC111325220,3
GO:0098552,side of membrane,7/257,234/8488,0.029914529914529916,0.9879942798230736,-0.0329064683914936,0.5675509612008223,0.7951529069828008,0.6811780222193087,LOC111332158/LOC111335693/LOC111323527/LOC111324532/LOC111333695/LOC111334113/LOC111326058,7
GO:0010959,regulation of metal ion transport,5/257,166/8488,0.030120481927710843,0.9947963058459519,-0.011963804655650773,0.568586656189573,0.7962330827831637,0.6821033687896084,LOC111320952/LOC111322288/LOC111323945/LOC111327334/LOC111326058,5
GO:0099568,cytoplasmic region,11/257,370/8488,0.02972972972972973,0.9818908402565991,-0.06293496574818265,0.5693801275788435,0.7969732078907218,0.6827374065357248,LOC111333735/LOC111321843/LOC111331389/LOC111322311/LOC111331219/LOC111331622/LOC111322256/LOC111333767/LOC111325968/LOC111330877/LOC111327558,11
GO:0021549,cerebellum development,2/257,63/8488,0.031746031746031744,1.0484837255265271,0.06824937298633103,0.5732748555902992,0.8016786451025663,0.6867683801830495,LOC111342023/LOC111326058,2
GO:0050905,neuromuscular process,2/257,63/8488,0.031746031746031744,1.0484837255265271,0.06824937298633103,0.5732748555902992,0.8016786451025663,0.6867683801830495,LOC111326058/LOC111331073,2
GO:0008356,asymmetric cell division,3/257,98/8488,0.030612244897959183,1.0110378781862939,0.019419364622845138,0.5740544925849773,0.8023958706763995,0.6873828007474195,LOC111323862/LOC111335662/LOC111333893,3
GO:0044403,biological process involved in symbiotic interaction,6/257,202/8488,0.0297029702970297,0.9810070501213545,-0.048273968678487024,0.5775926301299636,0.8038969716356136,0.6886687382992659,LOC111325642/LOC111342143/LOC111327334/LOC111326544/LOC111333695/LOC111342147,6
GO:0010517,regulation of phospholipase activity,1/257,28/8488,0.03571428571428571,1.1795441912173428,0.16814445699324865,0.5778009483630973,0.8038969716356136,0.6886687382992659,LOC111340596,1
GO:0045169,fusome,1/257,28/8488,0.03571428571428571,1.1795441912173428,0.16814445699324865,0.5778009483630973,0.8038969716356136,0.6886687382992659,LOC111329754,1
GO:0046676,negative regulation of insulin secretion,1/257,28/8488,0.03571428571428571,1.1795441912173428,0.16814445699324865,0.5778009483630973,0.8038969716356136,0.6886687382992659,LOC111325642,1
GO:0046902,regulation of mitochondrial membrane permeability,1/257,28/8488,0.03571428571428571,1.1795441912173428,0.16814445699324865,0.5778009483630973,0.8038969716356136,0.6886687382992659,LOC111346891,1
GO:0048532,anatomical structure arrangement,1/257,28/8488,0.03571428571428571,1.1795441912173428,0.16814445699324865,0.5778009483630973,0.8038969716356136,0.6886687382992659,LOC111333478,1
GO:0051893,regulation of focal adhesion assembly,1/257,28/8488,0.03571428571428571,1.1795441912173428,0.16814445699324865,0.5778009483630973,0.8038969716356136,0.6886687382992659,LOC111333478,1
GO:0061180,mammary gland epithelium development,1/257,28/8488,0.03571428571428571,1.1795441912173428,0.16814445699324865,0.5778009483630973,0.8038969716356136,0.6886687382992659,LOC111336828,1
GO:0072078,nephron tubule morphogenesis,1/257,28/8488,0.03571428571428571,1.1795441912173428,0.16814445699324865,0.5778009483630973,0.8038969716356136,0.6886687382992659,LOC111333767,1
GO:2000179,positive regulation of neural precursor cell proliferation,1/257,28/8488,0.03571428571428571,1.1795441912173428,0.16814445699324865,0.5778009483630973,0.8038969716356136,0.6886687382992659,LOC111333767,1
GO:0030139,endocytic vesicle,5/257,168/8488,0.02976190476190476,0.9829534926811191,-0.03943172250811793,0.579321195303395,0.8056394616147073,0.6901614648771011,LOC111323862/LOC111325671/LOC111329755/LOC111333893/LOC111340596,5
GO:0060627,regulation of vesicle-mediated transport,10/257,339/8488,0.029498525073746312,0.9742547892060649,-0.08547940768993056,0.5801437416140739,0.8060685073804982,0.6905290124816139,LOC111332158/LOC111328749/LOC111333478/LOC111331664/LOC111340366/LOC111344634/LOC111323636/LOC111331303/LOC111326058/LOC111340596,10
GO:0090407,organophosphate biosynthetic process,9/257,305/8488,0.029508196721311476,0.9745742170058047,-0.07990709494809575,0.5801656643878919,0.8060685073804982,0.6905290124816139,LOC111346087/LOC111331664/LOC111329762/LOC111346320/LOC111321593/LOC111331622/LOC111331303/LOC111341830/LOC111338817,9
GO:0022411,cellular component disassembly,8/257,271/8488,0.02952029520295203,0.9749737964305714,-0.07398443077588777,0.5804717027103012,0.8060958285469297,0.6905524175122074,LOC111327880/LOC111335366/LOC111327252/LOC111336934/LOC111326544/LOC111321894/LOC111333893/LOC111328842,8
GO:0030833,regulation of actin filament polymerization,3/257,99/8488,0.030303030303030304,1.0008253743662305,0.001459589864114259,0.5809892806814307,0.8060958285469297,0.6905524175122074,LOC111321894/LOC111322259/LOC111330877,3
GO:0030902,hindbrain development,3/257,99/8488,0.030303030303030304,1.0008253743662305,0.001459589864114259,0.5809892806814307,0.8060958285469297,0.6905524175122074,LOC111342023/LOC111333478/LOC111326058,3
GO:0008652,amino acid biosynthetic process,2/257,64/8488,0.03125,1.0321011673151752,0.04554796675927322,0.581893018089328,0.8069775004207924,0.6913077131264347,LOC111333875/LOC111327210,2
GO:0046873,metal ion transmembrane transporter activity,5/257,169/8488,0.029585798816568046,0.9771371998250178,-0.0530462359397441,0.5846354900008968,0.8101094185869381,0.6939907113314755,LOC111336828/LOC111330251/LOC111323527/LOC111334900/LOC111326058,5
GO:0098655,monoatomic cation transmembrane transport,8/257,272/8488,0.029411764705882353,0.9713893339436942,-0.08474216728918826,0.5846900092261444,0.8101094185869381,0.6939907113314755,LOC111336828/LOC111342077/LOC111330251/LOC111323527/LOC111328120/LOC111334900/LOC111326058/LOC111329754,8
GO:0010212,response to ionizing radiation,3/257,100/8488,0.03,0.990817120622568,-0.016321761619039348,0.5878527550831085,0.8101253368876706,0.6940043479496842,LOC111320817/LOC111320821/LOC111320842,3
GO:0098662,inorganic cation transmembrane transport,7/257,239/8488,0.029288702928870293,0.9673249434251013,-0.09053823185485525,0.5901441657750568,0.8101253368876706,0.6940043479496842,LOC111336828/LOC111330251/LOC111323527/LOC111328120/LOC111334900/LOC111326058/LOC111329754,7
GO:0003143,embryonic heart tube morphogenesis,2/257,65/8488,0.03076923076923077,1.0162226878180187,0.023198689425750273,0.5903829584809006,0.8101253368876706,0.6940043479496842,LOC111321759/LOC111344472,2
GO:0045444,fat cell differentiation,2/257,65/8488,0.03076923076923077,1.0162226878180187,0.023198689425750273,0.5903829584809006,0.8101253368876706,0.6940043479496842,LOC111325642/LOC111335693,2
GO:0001046,core promoter sequence-specific DNA binding,1/257,29/8488,0.034482758620689655,1.1388702535891586,0.13236284001728965,0.5906266169530126,0.8101253368876706,0.6940043479496842,LOC111340883,1
GO:0001725,stress fiber,1/257,29/8488,0.034482758620689655,1.1388702535891586,0.13236284001728965,0.5906266169530126,0.8101253368876706,0.6940043479496842,LOC111323862,1
GO:0007549,sex-chromosome dosage compensation,1/257,29/8488,0.034482758620689655,1.1388702535891586,0.13236284001728965,0.5906266169530126,0.8101253368876706,0.6940043479496842,LOC111321403,1
GO:0042749,regulation of circadian sleep/wake cycle,1/257,29/8488,0.034482758620689655,1.1388702535891586,0.13236284001728965,0.5906266169530126,0.8101253368876706,0.6940043479496842,LOC111343017,1
GO:0043388,positive regulation of DNA binding,1/257,29/8488,0.034482758620689655,1.1388702535891586,0.13236284001728965,0.5906266169530126,0.8101253368876706,0.6940043479496842,LOC111338776,1
GO:0045582,positive regulation of T cell differentiation,1/257,29/8488,0.034482758620689655,1.1388702535891586,0.13236284001728965,0.5906266169530126,0.8101253368876706,0.6940043479496842,LOC111333767,1
GO:0046456,icosanoid biosynthetic process,1/257,29/8488,0.034482758620689655,1.1388702535891586,0.13236284001728965,0.5906266169530126,0.8101253368876706,0.6940043479496842,LOC111331303,1
GO:0050931,pigment cell differentiation,1/257,29/8488,0.034482758620689655,1.1388702535891586,0.13236284001728965,0.5906266169530126,0.8101253368876706,0.6940043479496842,LOC111333767,1
GO:0051155,positive regulation of striated muscle cell differentiation,1/257,29/8488,0.034482758620689655,1.1388702535891586,0.13236284001728965,0.5906266169530126,0.8101253368876706,0.6940043479496842,LOC111344472,1
GO:0051496,positive regulation of stress fiber assembly,1/257,29/8488,0.034482758620689655,1.1388702535891586,0.13236284001728965,0.5906266169530126,0.8101253368876706,0.6940043479496842,LOC111333478,1
GO:0055025,positive regulation of cardiac muscle tissue development,1/257,29/8488,0.034482758620689655,1.1388702535891586,0.13236284001728965,0.5906266169530126,0.8101253368876706,0.6940043479496842,LOC111332158,1
GO:0060122,inner ear receptor cell stereocilium organization,1/257,29/8488,0.034482758620689655,1.1388702535891586,0.13236284001728965,0.5906266169530126,0.8101253368876706,0.6940043479496842,LOC111326058,1
GO:0070828,heterochromatin organization,1/257,29/8488,0.034482758620689655,1.1388702535891586,0.13236284001728965,0.5906266169530126,0.8101253368876706,0.6940043479496842,LOC111324368,1
GO:0072028,nephron morphogenesis,1/257,29/8488,0.034482758620689655,1.1388702535891586,0.13236284001728965,0.5906266169530126,0.8101253368876706,0.6940043479496842,LOC111333767,1
GO:0072088,nephron epithelium morphogenesis,1/257,29/8488,0.034482758620689655,1.1388702535891586,0.13236284001728965,0.5906266169530126,0.8101253368876706,0.6940043479496842,LOC111333767,1
GO:0097581,lamellipodium organization,1/257,29/8488,0.034482758620689655,1.1388702535891586,0.13236284001728965,0.5906266169530126,0.8101253368876706,0.6940043479496842,LOC111328517,1
GO:1902373,negative regulation of mRNA catabolic process,1/257,29/8488,0.034482758620689655,1.1388702535891586,0.13236284001728965,0.5906266169530126,0.8101253368876706,0.6940043479496842,LOC111343122,1
GO:1902808,positive regulation of cell cycle G1/S phase transition,1/257,29/8488,0.034482758620689655,1.1388702535891586,0.13236284001728965,0.5906266169530126,0.8101253368876706,0.6940043479496842,LOC111333767,1
GO:0031647,regulation of protein stability,6/257,205/8488,0.02926829268292683,0.9666508493878714,-0.085405381868966,0.5921095522423516,0.8117892129193225,0.6954297288726559,LOC111343122/LOC111324192/LOC111322266/LOC111323127/LOC111340883/LOC111322261,6
GO:0007368,determination of left/right symmetry,4/257,136/8488,0.029411764705882353,0.9713893339436942,-0.05943189000552196,0.5941515532573164,0.814151035252828,0.6974530145222996,LOC111325642/LOC111326654/LOC111333901/LOC111344472,4
GO:0000578,embryonic axis specification,3/257,101/8488,0.0297029702970297,0.9810070501213545,-0.03392869451294966,0.5946442235540104,0.814151035252828,0.6974530145222996,LOC111327880/LOC111336934/LOC111343646,3
GO:0008064,regulation of actin polymerization or depolymerization,3/257,101/8488,0.0297029702970297,0.9810070501213545,-0.03392869451294966,0.5946442235540104,0.814151035252828,0.6974530145222996,LOC111321894/LOC111330877/LOC111340622,3
GO:0043405,regulation of MAP kinase activity,5/257,171/8488,0.029239766081871343,0.9657086945639064,-0.08004165962726305,0.595155399774683,0.8144801831311405,0.6977349833094315,LOC111323862/LOC111322288/LOC111323945/LOC111328749/LOC111323636,5
GO:0043068,positive regulation of programmed cell death,11/257,378/8488,0.0291005291005291,0.9611100817326498,-0.13667524628158925,0.5983173827260213,0.8164204400884789,0.6993971295270843,LOC111325642/LOC111335693/LOC111327625/LOC111340883/LOC111326819/LOC111331303/LOC111336999/LOC111325220/LOC111344752/LOC111334412/LOC111333767,11
GO:0002703,regulation of leukocyte mediated immunity,2/257,66/8488,0.030303030303030304,1.0008253743662305,0.0011894130192244118,0.5987445115808459,0.8164204400884789,0.6993971295270843,LOC111328749/LOC111323636,2
GO:0008217,regulation of blood pressure,2/257,66/8488,0.030303030303030304,1.0008253743662305,0.0011894130192244118,0.5987445115808459,0.8164204400884789,0.6993971295270843,LOC111320871/LOC111322288,2
GO:0009583,detection of light stimulus,2/257,66/8488,0.030303030303030304,1.0008253743662305,0.0011894130192244118,0.5987445115808459,0.8164204400884789,0.6993971295270843,LOC111323127/LOC111340622,2
GO:0016651,"oxidoreductase activity, acting on NAD(P)H",2/257,66/8488,0.030303030303030304,1.0008253743662305,0.0011894130192244118,0.5987445115808459,0.8164204400884789,0.6993971295270843,LOC111322266/LOC111322261,2
GO:0046425,regulation of receptor signaling pathway via JAK-STAT,2/257,66/8488,0.030303030303030304,1.0008253743662305,0.0011894130192244118,0.5987445115808459,0.8164204400884789,0.6993971295270843,LOC111323777/LOC111327334,2
GO:0048002,antigen processing and presentation of peptide antigen,2/257,66/8488,0.030303030303030304,1.0008253743662305,0.0011894130192244118,0.5987445115808459,0.8164204400884789,0.6993971295270843,LOC111322266/LOC111322261,2
GO:1902936,phosphatidylinositol bisphosphate binding,2/257,66/8488,0.030303030303030304,1.0008253743662305,0.0011894130192244118,0.5987445115808459,0.8164204400884789,0.6993971295270843,LOC111321894/LOC111333893,2
GO:0005930,axoneme,3/257,102/8488,0.029411764705882353,0.9713893339436942,-0.05136508215261399,0.6013630588853349,0.8174929770379746,0.7003159321769883,LOC111331389/LOC111331219/LOC111333767,3
GO:0003382,epithelial cell morphogenesis,1/257,30/8488,0.03333333333333333,1.1009079118028535,0.09782939501085924,0.6030641343242239,0.8174929770379746,0.7003159321769883,LOC111330856,1
GO:0005703,polytene chromosome puff,1/257,30/8488,0.03333333333333333,1.1009079118028535,0.09782939501085924,0.6030641343242239,0.8174929770379746,0.7003159321769883,LOC111321403,1
GO:0015179,L-amino acid transmembrane transporter activity,1/257,30/8488,0.03333333333333333,1.1009079118028535,0.09782939501085924,0.6030641343242239,0.8174929770379746,0.7003159321769883,LOC111342077,1
GO:0030315,T-tubule,1/257,30/8488,0.03333333333333333,1.1009079118028535,0.09782939501085924,0.6030641343242239,0.8174929770379746,0.7003159321769883,LOC111326058,1
GO:0030901,midbrain development,1/257,30/8488,0.03333333333333333,1.1009079118028535,0.09782939501085924,0.6030641343242239,0.8174929770379746,0.7003159321769883,LOC111333893,1
GO:0035330,regulation of hippo signaling,1/257,30/8488,0.03333333333333333,1.1009079118028535,0.09782939501085924,0.6030641343242239,0.8174929770379746,0.7003159321769883,LOC111334412,1
GO:0042220,response to cocaine,1/257,30/8488,0.03333333333333333,1.1009079118028535,0.09782939501085924,0.6030641343242239,0.8174929770379746,0.7003159321769883,LOC111332158,1
GO:0042359,vitamin D metabolic process,1/257,30/8488,0.03333333333333333,1.1009079118028535,0.09782939501085924,0.6030641343242239,0.8174929770379746,0.7003159321769883,LOC111330961,1
GO:0051966,"regulation of synaptic transmission, glutamatergic",1/257,30/8488,0.03333333333333333,1.1009079118028535,0.09782939501085924,0.6030641343242239,0.8174929770379746,0.7003159321769883,LOC111323862,1
GO:0070050,neuron cellular homeostasis,1/257,30/8488,0.03333333333333333,1.1009079118028535,0.09782939501085924,0.6030641343242239,0.8174929770379746,0.7003159321769883,LOC111330961,1
GO:0070593,dendrite self-avoidance,1/257,30/8488,0.03333333333333333,1.1009079118028535,0.09782939501085924,0.6030641343242239,0.8174929770379746,0.7003159321769883,LOC111326544,1
GO:0098900,regulation of action potential,1/257,30/8488,0.03333333333333333,1.1009079118028535,0.09782939501085924,0.6030641343242239,0.8174929770379746,0.7003159321769883,LOC111324532,1
GO:0032496,response to lipopolysaccharide,4/257,138/8488,0.028985507246376812,0.9573112276546552,-0.08933617066639726,0.6057385028107192,0.8200096383684262,0.7024718626560428,LOC111325671/LOC111322161/LOC111331303/LOC111324532,4
GO:0042742,defense response to bacterium,4/257,138/8488,0.028985507246376812,0.9573112276546552,-0.08933617066639726,0.6057385028107192,0.8200096383684262,0.7024718626560428,LOC111333170/LOC111327334/LOC111329755/LOC111331589,4
GO:0043393,regulation of protein binding,4/257,138/8488,0.028985507246376812,0.9573112276546552,-0.08933617066639726,0.6057385028107192,0.8200096383684262,0.7024718626560428,LOC111322288/LOC111333478/LOC111325851/LOC111340596,4
GO:0005776,autophagosome,2/257,67/8488,0.029850746268656716,0.9858876822115105,-0.020491383304305374,0.6069776392410744,0.8204980530461726,0.7028902694068556,LOC111329755/LOC111336999,2
GO:0007349,cellularization,2/257,67/8488,0.029850746268656716,0.9858876822115105,-0.020491383304305374,0.6069776392410744,0.8204980530461726,0.7028902694068556,LOC111342143/LOC111342147,2
GO:0030832,regulation of actin filament length,3/257,103/8488,0.02912621359223301,0.961958369536474,-0.06863467211797068,0.6080086968882709,0.8204980530461726,0.7028902694068556,LOC111321894/LOC111330877/LOC111340622,3
GO:0043197,dendritic spine,3/257,103/8488,0.02912621359223301,0.961958369536474,-0.06863467211797068,0.6080086968882709,0.8204980530461726,0.7028902694068556,LOC111345144/LOC111330961/LOC111326058,3
GO:0043524,negative regulation of neuron apoptotic process,3/257,103/8488,0.02912621359223301,0.961958369536474,-0.06863467211797068,0.6080086968882709,0.8204980530461726,0.7028902694068556,LOC111330631/LOC111333478/LOC111340596,3
GO:0044309,neuron spine,3/257,103/8488,0.02912621359223301,0.961958369536474,-0.06863467211797068,0.6080086968882709,0.8204980530461726,0.7028902694068556,LOC111345144/LOC111330961/LOC111326058,3
GO:0045216,cell-cell junction organization,3/257,103/8488,0.02912621359223301,0.961958369536474,-0.06863467211797068,0.6080086968882709,0.8204980530461726,0.7028902694068556,LOC111335321/LOC111323127/LOC111332138,3
GO:0044419,biological process involved in interspecies interaction between organisms,6/257,209/8488,0.028708133971291867,0.9481503546627447,-0.13410573592229272,0.6110555251864602,0.8227197021488873,0.7047934738453514,LOC111325642/LOC111342143/LOC111327334/LOC111326544/LOC111333695/LOC111342147,6
GO:0051262,protein tetramerization,3/257,104/8488,0.028846153846153848,0.9527087698293925,-0.08574109153878788,0.6145806344098855,0.8227197021488873,0.7047934738453514,LOC111327252/LOC111336974/LOC111323527,3
GO:0032479,regulation of type I interferon production,2/257,68/8488,0.029411764705882353,0.9713893339436942,-0.04185465252696554,0.6150824228659215,0.8227197021488873,0.7047934738453514,LOC111342023/LOC111334113,2
GO:0046683,response to organophosphorus,2/257,68/8488,0.029411764705882353,0.9713893339436942,-0.04185465252696554,0.6150824228659215,0.8227197021488873,0.7047934738453514,LOC111325642/LOC111328842,2
GO:0001653,peptide receptor activity,1/257,31/8488,0.03225806451612903,1.0653947533576,0.06445148818492358,0.615125202836718,0.8227197021488873,0.7047934738453514,LOC111321593,1
GO:0005544,calcium-dependent phospholipid binding,1/257,31/8488,0.03225806451612903,1.0653947533576,0.06445148818492358,0.615125202836718,0.8227197021488873,0.7047934738453514,LOC111331303,1
GO:0007474,imaginal disc-derived wing vein specification,1/257,31/8488,0.03225806451612903,1.0653947533576,0.06445148818492358,0.615125202836718,0.8227197021488873,0.7047934738453514,LOC111343646,1
GO:0008287,protein serine/threonine phosphatase complex,1/257,31/8488,0.03225806451612903,1.0653947533576,0.06445148818492358,0.615125202836718,0.8227197021488873,0.7047934738453514,LOC111324410,1
GO:0016879,"ligase activity, forming carbon-nitrogen bonds",1/257,31/8488,0.03225806451612903,1.0653947533576,0.06445148818492358,0.615125202836718,0.8227197021488873,0.7047934738453514,LOC111327210,1
GO:0021695,cerebellar cortex development,1/257,31/8488,0.03225806451612903,1.0653947533576,0.06445148818492358,0.615125202836718,0.8227197021488873,0.7047934738453514,LOC111326058,1
GO:0030279,negative regulation of ossification,1/257,31/8488,0.03225806451612903,1.0653947533576,0.06445148818492358,0.615125202836718,0.8227197021488873,0.7047934738453514,LOC111336974,1
GO:0032781,positive regulation of ATP-dependent activity,1/257,31/8488,0.03225806451612903,1.0653947533576,0.06445148818492358,0.615125202836718,0.8227197021488873,0.7047934738453514,LOC111321403,1
GO:0043489,RNA stabilization,1/257,31/8488,0.03225806451612903,1.0653947533576,0.06445148818492358,0.615125202836718,0.8227197021488873,0.7047934738453514,LOC111343122,1
GO:0044273,sulfur compound catabolic process,1/257,31/8488,0.03225806451612903,1.0653947533576,0.06445148818492358,0.615125202836718,0.8227197021488873,0.7047934738453514,LOC111336425,1
GO:0046621,negative regulation of organ growth,1/257,31/8488,0.03225806451612903,1.0653947533576,0.06445148818492358,0.615125202836718,0.8227197021488873,0.7047934738453514,LOC111334412,1
GO:0046879,hormone secretion,1/257,31/8488,0.03225806451612903,1.0653947533576,0.06445148818492358,0.615125202836718,0.8227197021488873,0.7047934738453514,LOC111338776,1
GO:0048190,wing disc dorsal/ventral pattern formation,1/257,31/8488,0.03225806451612903,1.0653947533576,0.06445148818492358,0.615125202836718,0.8227197021488873,0.7047934738453514,LOC111328024,1
GO:0048536,spleen development,1/257,31/8488,0.03225806451612903,1.0653947533576,0.06445148818492358,0.615125202836718,0.8227197021488873,0.7047934738453514,LOC111326654,1
GO:0050868,negative regulation of T cell activation,1/257,31/8488,0.03225806451612903,1.0653947533576,0.06445148818492358,0.615125202836718,0.8227197021488873,0.7047934738453514,LOC111333767,1
GO:0071108,protein K48-linked deubiquitination,1/257,31/8488,0.03225806451612903,1.0653947533576,0.06445148818492358,0.615125202836718,0.8227197021488873,0.7047934738453514,LOC111330437,1
GO:0006888,endoplasmic reticulum to Golgi vesicle-mediated transport,4/257,140/8488,0.02857142857142857,0.9436353529738744,-0.11882202547209464,0.6171235780815105,0.8250256546085261,0.7067688978449299,LOC111321489/LOC111327334/LOC111344752/LOC111328207,4
GO:0008219,cell death,13/257,453/8488,0.02869757174392936,0.9478015134726553,-0.20175831089746285,0.6205606431420644,0.82805361858683,0.7093628423504199,LOC111329099/LOC111324621/LOC111320952/LOC111323127/LOC111326544/LOC111325851/LOC111336999/LOC111333695/LOC111344752/LOC111334113/LOC111333767/LOC111344472/LOC111338817,13
GO:0051129,negative regulation of cellular component organization,13/257,453/8488,0.02869757174392936,0.9478015134726553,-0.20175831089746285,0.6205606431420644,0.82805361858683,0.7093628423504199,LOC111336303/LOC111342023/LOC111336974/LOC111335693/LOC111322400/LOC111333478/LOC111333901/LOC111331664/LOC111345144/LOC111321894/LOC111340596/LOC111330877/LOC111340622,13
GO:0050865,regulation of cell activation,5/257,176/8488,0.028409090909090908,0.938273788468341,-0.14621453632003542,0.6207984211247606,0.82805361858683,0.7093628423504199,LOC111322288/LOC111327334/LOC111324532/LOC111333767/LOC111321308,5
GO:0046488,phosphatidylinositol metabolic process,3/257,105/8488,0.02857142857142857,0.9436353529738744,-0.10268785212601816,0.6210784273736958,0.82805361858683,0.7093628423504199,LOC111322288/LOC111331303/LOC111338817,3
GO:0005085,guanyl-nucleotide exchange factor activity,4/257,141/8488,0.028368794326241134,0.9369429036620028,-0.13341224118090997,0.6227392199833393,0.82805361858683,0.7093628423504199,LOC111332158/LOC111322288/LOC111338817/LOC111327558,4
GO:0010507,negative regulation of autophagy,2/257,69/8488,0.028985507246376812,0.9573112276546552,-0.0629108159430273,0.6230590562622198,0.82805361858683,0.7093628423504199,LOC111342143/LOC111342147,2
GO:0022037,metencephalon development,2/257,69/8488,0.028985507246376812,0.9573112276546552,-0.0629108159430273,0.6230590562622198,0.82805361858683,0.7093628423504199,LOC111342023/LOC111326058,2
GO:0051291,protein heterooligomerization,2/257,69/8488,0.028985507246376812,0.9573112276546552,-0.0629108159430273,0.6230590562622198,0.82805361858683,0.7093628423504199,LOC111320871/LOC111336974,2
GO:0009150,purine ribonucleotide metabolic process,7/257,247/8488,0.02834008097165992,0.9359945808850171,-0.18038176296833344,0.6250354210543896,0.82805361858683,0.7093628423504199,LOC111346087/LOC111331664/LOC111346320/LOC111321593/LOC111331622/LOC111326058/LOC111341830,7
GO:0001954,positive regulation of cell-matrix adhesion,1/257,32/8488,0.03125,1.0321011673151752,0.032146277480889086,0.6268211733783949,0.82805361858683,0.7093628423504199,LOC111333478,1
GO:0007189,adenylate cyclase-activating G protein-coupled receptor signaling pathway,1/257,32/8488,0.03125,1.0321011673151752,0.032146277480889086,0.6268211733783949,0.82805361858683,0.7093628423504199,LOC111334640,1
GO:0008049,male courtship behavior,1/257,32/8488,0.03125,1.0321011673151752,0.032146277480889086,0.6268211733783949,0.82805361858683,0.7093628423504199,LOC111334761,1
GO:0008080,N-acetyltransferase activity,1/257,32/8488,0.03125,1.0321011673151752,0.032146277480889086,0.6268211733783949,0.82805361858683,0.7093628423504199,LOC111333875,1
GO:0014014,negative regulation of gliogenesis,1/257,32/8488,0.03125,1.0321011673151752,0.032146277480889086,0.6268211733783949,0.82805361858683,0.7093628423504199,LOC111327334,1
GO:0016459,myosin complex,1/257,32/8488,0.03125,1.0321011673151752,0.032146277480889086,0.6268211733783949,0.82805361858683,0.7093628423504199,LOC111325968,1
GO:0019888,protein phosphatase regulator activity,1/257,32/8488,0.03125,1.0321011673151752,0.032146277480889086,0.6268211733783949,0.82805361858683,0.7093628423504199,LOC111324410,1
GO:0030511,positive regulation of transforming growth factor beta receptor signaling pathway,1/257,32/8488,0.03125,1.0321011673151752,0.032146277480889086,0.6268211733783949,0.82805361858683,0.7093628423504199,LOC111326544,1
GO:0032233,positive regulation of actin filament bundle assembly,1/257,32/8488,0.03125,1.0321011673151752,0.032146277480889086,0.6268211733783949,0.82805361858683,0.7093628423504199,LOC111333478,1
GO:0032432,actin filament bundle,1/257,32/8488,0.03125,1.0321011673151752,0.032146277480889086,0.6268211733783949,0.82805361858683,0.7093628423504199,LOC111323862,1
GO:0045428,regulation of nitric oxide biosynthetic process,1/257,32/8488,0.03125,1.0321011673151752,0.032146277480889086,0.6268211733783949,0.82805361858683,0.7093628423504199,LOC111326058,1
GO:0048770,pigment granule,1/257,32/8488,0.03125,1.0321011673151752,0.032146277480889086,0.6268211733783949,0.82805361858683,0.7093628423504199,LOC111334761,1
GO:0050661,NADP binding,1/257,32/8488,0.03125,1.0321011673151752,0.032146277480889086,0.6268211733783949,0.82805361858683,0.7093628423504199,LOC111327626,1
GO:0051209,release of sequestered calcium ion into cytosol,1/257,32/8488,0.03125,1.0321011673151752,0.032146277480889086,0.6268211733783949,0.82805361858683,0.7093628423504199,LOC111323527,1
GO:0071385,cellular response to glucocorticoid stimulus,1/257,32/8488,0.03125,1.0321011673151752,0.032146277480889086,0.6268211733783949,0.82805361858683,0.7093628423504199,LOC111326058,1
GO:0090559,regulation of membrane permeability,1/257,32/8488,0.03125,1.0321011673151752,0.032146277480889086,0.6268211733783949,0.82805361858683,0.7093628423504199,LOC111346891,1
GO:0106027,neuron projection organization,1/257,32/8488,0.03125,1.0321011673151752,0.032146277480889086,0.6268211733783949,0.82805361858683,0.7093628423504199,LOC111335693,1
GO:1903670,regulation of sprouting angiogenesis,1/257,32/8488,0.03125,1.0321011673151752,0.032146277480889086,0.6268211733783949,0.82805361858683,0.7093628423504199,LOC111333478,1
GO:0030027,lamellipodium,3/257,106/8488,0.02830188679245283,0.9347331326628,-0.11947835494621878,0.6275016888463426,0.8285887094160661,0.7098212348301126,LOC111345144/LOC111328517/LOC111325968,3
GO:0005793,endoplasmic reticulum-Golgi intermediate compartment,2/257,70/8488,0.02857142857142857,0.9436353529738744,-0.08366979653043088,0.6309078388098694,0.8316261082997753,0.7124232618693485,LOC111321489/LOC111344752,2
GO:0019233,sensory perception of pain,2/257,70/8488,0.02857142857142857,0.9436353529738744,-0.08366979653043088,0.6309078388098694,0.8316261082997753,0.7124232618693485,LOC111330961/LOC111324532,2
GO:0035194,regulatory ncRNA-mediated post-transcriptional gene silencing,2/257,70/8488,0.02857142857142857,0.9436353529738744,-0.08366979653043088,0.6309078388098694,0.8316261082997753,0.7124232618693485,LOC111320938/LOC111330060,2
GO:0051289,protein homotetramerization,2/257,70/8488,0.02857142857142857,0.9436353529738744,-0.08366979653043088,0.6309078388098694,0.8316261082997753,0.7124232618693485,LOC111327252/LOC111323527,2
GO:0006366,transcription by RNA polymerase II,10/257,353/8488,0.028328611898016998,0.9356157890675808,-0.21832592733311423,0.6317890615966686,0.8324229072635914,0.7131058500074439,LOC111330631/LOC111328662/LOC111341087/LOC111338776/LOC111340883/LOC111325851/LOC111331301/LOC111333767/LOC111344472/LOC111333334,10
GO:0017145,stem cell division,3/257,107/8488,0.028037383177570093,0.9259973089930542,-0.13611589495448134,0.6338500871316626,0.8334041389032868,0.7139464347827709,LOC111323862/LOC111335662/LOC111333893,3
GO:0045860,positive regulation of protein kinase activity,7/257,250/8488,0.028,0.9247626459143969,-0.2133585182185749,0.6376914119367341,0.8334041389032868,0.7139464347827709,LOC111323862/LOC111322288/LOC111323945/LOC111328749/LOC111346320/LOC111323636/LOC111326058,7
GO:0002067,glandular epithelial cell differentiation,1/257,33/8488,0.030303030303030304,1.0008253743662305,8.39399106687029e-4,0.6381630558809672,0.8334041389032868,0.7139464347827709,LOC111338776,1
GO:0003351,epithelial cilium movement involved in extracellular fluid movement,1/257,33/8488,0.030303030303030304,1.0008253743662305,8.39399106687029e-4,0.6381630558809672,0.8334041389032868,0.7139464347827709,LOC111331389,1
GO:0016278,lysine N-methyltransferase activity,1/257,33/8488,0.030303030303030304,1.0008253743662305,8.39399106687029e-4,0.6381630558809672,0.8334041389032868,0.7139464347827709,LOC111321502,1
GO:0016279,protein-lysine N-methyltransferase activity,1/257,33/8488,0.030303030303030304,1.0008253743662305,8.39399106687029e-4,0.6381630558809672,0.8334041389032868,0.7139464347827709,LOC111321502,1
GO:0016528,sarcoplasm,1/257,33/8488,0.030303030303030304,1.0008253743662305,8.39399106687029e-4,0.6381630558809672,0.8334041389032868,0.7139464347827709,LOC111321502,1
GO:0016605,PML body,1/257,33/8488,0.030303030303030304,1.0008253743662305,8.39399106687029e-4,0.6381630558809672,0.8334041389032868,0.7139464347827709,LOC111336999,1
GO:0031929,TOR signaling,1/257,33/8488,0.030303030303030304,1.0008253743662305,8.39399106687029e-4,0.6381630558809672,0.8334041389032868,0.7139464347827709,LOC111339275,1
GO:0034243,regulation of transcription elongation by RNA polymerase II,1/257,33/8488,0.030303030303030304,1.0008253743662305,8.39399106687029e-4,0.6381630558809672,0.8334041389032868,0.7139464347827709,LOC111326654,1
GO:0042074,cell migration involved in gastrulation,1/257,33/8488,0.030303030303030304,1.0008253743662305,8.39399106687029e-4,0.6381630558809672,0.8334041389032868,0.7139464347827709,LOC111324192,1
GO:0045880,positive regulation of smoothened signaling pathway,1/257,33/8488,0.030303030303030304,1.0008253743662305,8.39399106687029e-4,0.6381630558809672,0.8334041389032868,0.7139464347827709,LOC111328024,1
GO:0051213,dioxygenase activity,1/257,33/8488,0.030303030303030304,1.0008253743662305,8.39399106687029e-4,0.6381630558809672,0.8334041389032868,0.7139464347827709,LOC111326885,1
GO:0070286,axonemal dynein complex assembly,1/257,33/8488,0.030303030303030304,1.0008253743662305,8.39399106687029e-4,0.6381630558809672,0.8334041389032868,0.7139464347827709,LOC111331389,1
GO:1903038,negative regulation of leukocyte cell-cell adhesion,1/257,33/8488,0.030303030303030304,1.0008253743662305,8.39399106687029e-4,0.6381630558809672,0.8334041389032868,0.7139464347827709,LOC111333767,1
GO:1903391,regulation of adherens junction organization,1/257,33/8488,0.030303030303030304,1.0008253743662305,8.39399106687029e-4,0.6381630558809672,0.8334041389032868,0.7139464347827709,LOC111333478,1
GO:1903573,negative regulation of response to endoplasmic reticulum stress,1/257,33/8488,0.030303030303030304,1.0008253743662305,8.39399106687029e-4,0.6381630558809672,0.8334041389032868,0.7139464347827709,LOC111338776,1
GO:0002758,innate immune response-activating signaling pathway,2/257,71/8488,0.028169014084507043,0.9303447141995944,-0.10414104977411669,0.6386291689401848,0.8334041389032868,0.7139464347827709,LOC111325671/LOC111334113,2
GO:0014013,regulation of gliogenesis,2/257,71/8488,0.028169014084507043,0.9303447141995944,-0.10414104977411669,0.6386291689401848,0.8334041389032868,0.7139464347827709,LOC111345144/LOC111327334,2
GO:0036126,sperm flagellum,2/257,71/8488,0.028169014084507043,0.9303447141995944,-0.10414104977411669,0.6386291689401848,0.8334041389032868,0.7139464347827709,LOC111331389/LOC111326058,2
GO:0051588,regulation of neurotransmitter transport,2/257,71/8488,0.028169014084507043,0.9303447141995944,-0.10414104977411669,0.6386291689401848,0.8334041389032868,0.7139464347827709,LOC111333875/LOC111343646,2
GO:0072347,response to anesthetic,2/257,71/8488,0.028169014084507043,0.9303447141995944,-0.10414104977411669,0.6386291689401848,0.8334041389032868,0.7139464347827709,LOC111332158/LOC111327252,2
GO:0006163,purine nucleotide metabolic process,7/257,251/8488,0.027888446215139442,0.9210783325840606,-0.22426729347229618,0.6418558981651792,0.8372517526803378,0.7172425428896511,LOC111346087/LOC111331664/LOC111346320/LOC111321593/LOC111331622/LOC111326058/LOC111341830,7
GO:0007268,chemical synaptic transmission,7/257,252/8488,0.027777777777777776,0.9174232598357112,-0.23513495606260382,0.6459928806846494,0.8398614541090229,0.7194781773722314,LOC111324621/LOC111335321/LOC111331664/LOC111322311/LOC111325851/LOC111343646/LOC111320921,7
GO:0071900,regulation of protein serine/threonine kinase activity,7/257,252/8488,0.027777777777777776,0.9174232598357112,-0.23513495606260382,0.6459928806846494,0.8398614541090229,0.7194781773722314,LOC111323862/LOC111322288/LOC111323945/LOC111328749/LOC111346320/LOC111323636/LOC111326058,7
GO:0016441,post-transcriptional gene silencing,2/257,72/8488,0.027777777777777776,0.9174232598357112,-0.12433359216912347,0.6462235379097501,0.8398614541090229,0.7194781773722314,LOC111320938/LOC111330060,2
GO:0048593,camera-type eye morphogenesis,2/257,72/8488,0.027777777777777776,0.9174232598357112,-0.12433359216912347,0.6462235379097501,0.8398614541090229,0.7194781773722314,LOC111330961/LOC111333767,2
GO:0071466,cellular response to xenobiotic stimulus,2/257,72/8488,0.027777777777777776,0.9174232598357112,-0.12433359216912347,0.6462235379097501,0.8398614541090229,0.7194781773722314,LOC111322288/LOC111346320,2
GO:0006904,vesicle docking involved in exocytosis,1/257,34/8488,0.029411764705882353,0.9713893339436942,-0.029536135177821006,0.649161529522433,0.8398614541090229,0.7194781773722314,LOC111335321,1
GO:0007589,body fluid secretion,1/257,34/8488,0.029411764705882353,0.9713893339436942,-0.029536135177821006,0.649161529522433,0.8398614541090229,0.7194781773722314,LOC111326058,1
GO:0008637,apoptotic mitochondrial changes,1/257,34/8488,0.029411764705882353,0.9713893339436942,-0.029536135177821006,0.649161529522433,0.8398614541090229,0.7194781773722314,LOC111324621,1
GO:0010717,regulation of epithelial to mesenchymal transition,1/257,34/8488,0.029411764705882353,0.9713893339436942,-0.029536135177821006,0.649161529522433,0.8398614541090229,0.7194781773722314,LOC111324368,1
GO:0030140,trans-Golgi network transport vesicle,1/257,34/8488,0.029411764705882353,0.9713893339436942,-0.029536135177821006,0.649161529522433,0.8398614541090229,0.7194781773722314,LOC111326544,1
GO:0031571,mitotic G1 DNA damage checkpoint signaling,1/257,34/8488,0.029411764705882353,0.9713893339436942,-0.029536135177821006,0.649161529522433,0.8398614541090229,0.7194781773722314,LOC111340883,1
GO:0045621,positive regulation of lymphocyte differentiation,1/257,34/8488,0.029411764705882353,0.9713893339436942,-0.029536135177821006,0.649161529522433,0.8398614541090229,0.7194781773722314,LOC111333767,1
GO:0045886,negative regulation of synaptic assembly at neuromuscular junction,1/257,34/8488,0.029411764705882353,0.9713893339436942,-0.029536135177821006,0.649161529522433,0.8398614541090229,0.7194781773722314,LOC111331664,1
GO:0050885,neuromuscular process controlling balance,1/257,34/8488,0.029411764705882353,0.9713893339436942,-0.029536135177821006,0.649161529522433,0.8398614541090229,0.7194781773722314,LOC111326058,1
GO:0051017,actin filament bundle assembly,1/257,34/8488,0.029411764705882353,0.9713893339436942,-0.029536135177821006,0.649161529522433,0.8398614541090229,0.7194781773722314,LOC111340398,1
GO:0055013,cardiac muscle cell development,1/257,34/8488,0.029411764705882353,0.9713893339436942,-0.029536135177821006,0.649161529522433,0.8398614541090229,0.7194781773722314,LOC111321759,1
GO:0070207,protein homotrimerization,1/257,34/8488,0.029411764705882353,0.9713893339436942,-0.029536135177821006,0.649161529522433,0.8398614541090229,0.7194781773722314,LOC111323527,1
GO:1903793,positive regulation of monoatomic anion transport,1/257,34/8488,0.029411764705882353,0.9713893339436942,-0.029536135177821006,0.649161529522433,0.8398614541090229,0.7194781773722314,LOC111346320,1
GO:1990841,promoter-specific chromatin binding,1/257,34/8488,0.029411764705882353,0.9713893339436942,-0.029536135177821006,0.649161529522433,0.8398614541090229,0.7194781773722314,LOC111338776,1
GO:0031514,motile cilium,3/257,110/8488,0.02727272727272727,0.9007428369296073,-0.1851421849253265,0.652443575243,0.8433821548478487,0.7224942311966454,LOC111331389/LOC111331219/LOC111326058,3
GO:0051099,positive regulation of binding,3/257,110/8488,0.02727272727272727,0.9007428369296073,-0.1851421849253265,0.652443575243,0.8433821548478487,0.7224942311966454,LOC111333478/LOC111338776/LOC111340596,3
GO:0001959,regulation of cytokine-mediated signaling pathway,2/257,73/8488,0.0273972602739726,0.9048558179201535,-0.144256027608131,0.6536915238579848,0.8439073406715959,0.7229441384252753,LOC111336303/LOC111322400,2
GO:0030865,cortical cytoskeleton organization,2/257,73/8488,0.0273972602739726,0.9048558179201535,-0.144256027608131,0.6536915238579848,0.8439073406715959,0.7229441384252753,LOC111322311/LOC111330877,2
GO:0097729,9+2 motile cilium,2/257,73/8488,0.0273972602739726,0.9048558179201535,-0.144256027608131,0.6536915238579848,0.8439073406715959,0.7229441384252753,LOC111331389/LOC111326058,2
GO:0006066,alcohol metabolic process,4/257,147/8488,0.027210884353741496,0.8987003361655945,-0.21891472401995785,0.655332167274728,0.8452979018301928,0.7241353806272088,LOC111325671/LOC111340366/LOC111323127/LOC111340596,4
GO:1901137,carbohydrate derivative biosynthetic process,8/257,290/8488,0.027586206896551724,0.911096202871327,-0.2721966113088721,0.6569506324981871,0.8452979018301928,0.7241353806272088,LOC111328024/LOC111331664/LOC111342143/LOC111346320/LOC111321593/LOC111331622/LOC111341830/LOC111342147,8
GO:0005789,endoplasmic reticulum membrane,13/257,465/8488,0.02795698924731183,0.9233421195765869,-0.300422357046837,0.6581384745627672,0.8452979018301928,0.7241353806272088,LOC111327082/LOC111325671/LOC111331664/LOC111323127/LOC111330775/LOC111333875/LOC111329762/LOC111323527/LOC111346320/LOC111331622/LOC111326544/LOC111331303/LOC111341830,13
GO:0001889,liver development,3/257,111/8488,0.02702702702702703,0.8926280365969083,-0.2011988473098231,0.6584902434805404,0.8452979018301928,0.7241353806272088,LOC111338776/LOC111328120/LOC111333334,3
GO:0009798,axis specification,5/257,184/8488,0.02717391304347826,0.8974792759262392,-0.24842441052728614,0.6597716635107908,0.8452979018301928,0.7241353806272088,LOC111327880/LOC111336974/LOC111336934/LOC111333893/LOC111343646,5
GO:0005164,tumor necrosis factor receptor binding,1/257,35/8488,0.02857142857142857,0.9436353529738744,-0.05904086902340803,0.6598269526254297,0.8452979018301928,0.7241353806272088,LOC111334113,1
GO:0006775,fat-soluble vitamin metabolic process,1/257,35/8488,0.02857142857142857,0.9436353529738744,-0.05904086902340803,0.6598269526254297,0.8452979018301928,0.7241353806272088,LOC111330961,1
GO:0006805,xenobiotic metabolic process,1/257,35/8488,0.02857142857142857,0.9436353529738744,-0.05904086902340803,0.6598269526254297,0.8452979018301928,0.7241353806272088,LOC111346320,1
GO:0009584,detection of visible light,1/257,35/8488,0.02857142857142857,0.9436353529738744,-0.05904086902340803,0.6598269526254297,0.8452979018301928,0.7241353806272088,LOC111340622,1
GO:0038096,Fc-gamma receptor signaling pathway involved in phagocytosis,1/257,35/8488,0.02857142857142857,0.9436353529738744,-0.05904086902340803,0.6598269526254297,0.8452979018301928,0.7241353806272088,LOC111325968,1
GO:0044819,mitotic G1/S transition checkpoint signaling,1/257,35/8488,0.02857142857142857,0.9436353529738744,-0.05904086902340803,0.6598269526254297,0.8452979018301928,0.7241353806272088,LOC111340883,1
GO:0045685,regulation of glial cell differentiation,1/257,35/8488,0.02857142857142857,0.9436353529738744,-0.05904086902340803,0.6598269526254297,0.8452979018301928,0.7241353806272088,LOC111327334,1
GO:0046427,positive regulation of receptor signaling pathway via JAK-STAT,1/257,35/8488,0.02857142857142857,0.9436353529738744,-0.05904086902340803,0.6598269526254297,0.8452979018301928,0.7241353806272088,LOC111327334,1
GO:0048029,monosaccharide binding,1/257,35/8488,0.02857142857142857,0.9436353529738744,-0.05904086902340803,0.6598269526254297,0.8452979018301928,0.7241353806272088,LOC111329016,1
GO:0060042,retina morphogenesis in camera-type eye,1/257,35/8488,0.02857142857142857,0.9436353529738744,-0.05904086902340803,0.6598269526254297,0.8452979018301928,0.7241353806272088,LOC111330961,1
GO:0061014,positive regulation of mRNA catabolic process,1/257,35/8488,0.02857142857142857,0.9436353529738744,-0.05904086902340803,0.6598269526254297,0.8452979018301928,0.7241353806272088,LOC111320938,1
GO:1904894,positive regulation of receptor signaling pathway via STAT,1/257,35/8488,0.02857142857142857,0.9436353529738744,-0.05904086902340803,0.6598269526254297,0.8452979018301928,0.7241353806272088,LOC111327334,1
GO:2000178,negative regulation of neural precursor cell proliferation,1/257,35/8488,0.02857142857142857,0.9436353529738744,-0.05904086902340803,0.6598269526254297,0.8452979018301928,0.7241353806272088,LOC111330856,1
GO:0009948,anterior/posterior axis specification,3/257,112/8488,0.026785714285714284,0.8846581434130071,-0.21711757346617153,0.6644611539533876,0.850148511736193,0.7282907183406357,LOC111327880/LOC111336934/LOC111343646,3
GO:0045931,positive regulation of mitotic cell cycle,3/257,112/8488,0.026785714285714284,0.8846581434130071,-0.21711757346617153,0.6644611539533876,0.850148511736193,0.7282907183406357,LOC111322288/LOC111321593/LOC111333767,3
GO:0048814,regulation of dendrite morphogenesis,3/257,112/8488,0.026785714285714284,0.8846581434130071,-0.21711757346617153,0.6644611539533876,0.850148511736193,0.7282907183406357,LOC111323777/LOC111345144/LOC111326544,3
GO:0070482,response to oxygen levels,6/257,221/8488,0.027149321266968326,0.896667077486487,-0.275028843385902,0.6648630316955051,0.8503010201275848,0.7284213666266545,LOC111329099/LOC111322288/LOC111333478/LOC111340883/LOC111346320/LOC111324368,6
GO:0006914,autophagy,4/257,149/8488,0.026845637583892617,0.8866372444049826,-0.24667429933871024,0.6657698561873422,0.8507373523413446,0.7287951562610623,LOC111342143/LOC111336999/LOC111333695/LOC111342147,4
GO:0009410,response to xenobiotic stimulus,4/257,149/8488,0.026845637583892617,0.8866372444049826,-0.24667429933871024,0.6657698561873422,0.8507373523413446,0.7287951562610623,LOC111332158/LOC111322288/LOC111346320/LOC111324532,4
GO:0015085,calcium ion transmembrane transporter activity,2/257,75/8488,0.02666666666666667,0.8807263294422828,-0.18332307514761612,0.6682510599031991,0.8511741892064754,0.7291693782115942,LOC111323527/LOC111326058,2
GO:0045185,maintenance of protein location,2/257,75/8488,0.02666666666666667,0.8807263294422828,-0.18332307514761612,0.6682510599031991,0.8511741892064754,0.7291693782115942,LOC111321680/LOC111320928,2
GO:0001570,vasculogenesis,1/257,36/8488,0.027777777777777776,0.9174232598357112,-0.08772969158250239,0.6701693722605021,0.8511741892064754,0.7291693782115942,LOC111333478,1
GO:0002433,immune response-regulating cell surface receptor signaling pathway involved in phagocytosis,1/257,36/8488,0.027777777777777776,0.9174232598357112,-0.08772969158250239,0.6701693722605021,0.8511741892064754,0.7291693782115942,LOC111325968,1
GO:0032813,tumor necrosis factor receptor superfamily binding,1/257,36/8488,0.027777777777777776,0.9174232598357112,-0.08772969158250239,0.6701693722605021,0.8511741892064754,0.7291693782115942,LOC111334113,1
GO:0034121,regulation of toll-like receptor signaling pathway,1/257,36/8488,0.027777777777777776,0.9174232598357112,-0.08772969158250239,0.6701693722605021,0.8511741892064754,0.7291693782115942,LOC111342023,1
GO:0035254,glutamate receptor binding,1/257,36/8488,0.027777777777777776,0.9174232598357112,-0.08772969158250239,0.6701693722605021,0.8511741892064754,0.7291693782115942,LOC111326058,1
GO:0042641,actomyosin,1/257,36/8488,0.027777777777777776,0.9174232598357112,-0.08772969158250239,0.6701693722605021,0.8511741892064754,0.7291693782115942,LOC111323862,1
GO:0048278,vesicle docking,1/257,36/8488,0.027777777777777776,0.9174232598357112,-0.08772969158250239,0.6701693722605021,0.8511741892064754,0.7291693782115942,LOC111335321,1
GO:0050830,defense response to Gram-positive bacterium,1/257,36/8488,0.027777777777777776,0.9174232598357112,-0.08772969158250239,0.6701693722605021,0.8511741892064754,0.7291693782115942,LOC111329755,1
GO:0071384,cellular response to corticosteroid stimulus,1/257,36/8488,0.027777777777777776,0.9174232598357112,-0.08772969158250239,0.6701693722605021,0.8511741892064754,0.7291693782115942,LOC111326058,1
GO:1900408,negative regulation of cellular response to oxidative stress,1/257,36/8488,0.027777777777777776,0.9174232598357112,-0.08772969158250239,0.6701693722605021,0.8511741892064754,0.7291693782115942,LOC111333893,1
GO:1901264,carbohydrate derivative transport,1/257,36/8488,0.027777777777777776,0.9174232598357112,-0.08772969158250239,0.6701693722605021,0.8511741892064754,0.7291693782115942,LOC111334761,1
GO:1902369,negative regulation of RNA catabolic process,1/257,36/8488,0.027777777777777776,0.9174232598357112,-0.08772969158250239,0.6701693722605021,0.8511741892064754,0.7291693782115942,LOC111343122,1
GO:0016042,lipid catabolic process,3/257,113/8488,0.02654867256637168,0.8768293102854585,-0.2329011050430098,0.670356268028637,0.8511741892064754,0.7291693782115942,LOC111335819/LOC111325671/LOC111340366,3
GO:0043523,regulation of neuron apoptotic process,4/257,150/8488,0.02666666666666667,0.8807263294422828,-0.26042137678873295,0.6709076810084195,0.8515148964022471,0.7294612494375353,LOC111330631/LOC111333478/LOC111333767/LOC111340596,4
GO:0030100,regulation of endocytosis,5/257,187/8488,0.026737967914438502,0.8830812126760856,-0.28566514936955334,0.6737073684112971,0.8547076188026914,0.7321963363763259,LOC111328749/LOC111340366/LOC111323636/LOC111326058/LOC111340596,5
GO:1901655,cellular response to ketone,2/257,76/8488,0.02631578947368421,0.8691378251075158,-0.20248304344693369,0.6753441509588907,0.855724462132005,0.7330674283661633,LOC111336999/LOC111326058,2
GO:0048477,oogenesis,12/257,436/8488,0.027522935779816515,0.9090065326812552,-0.3446822645905846,0.6759866134018411,0.855724462132005,0.7330674283661633,LOC111327880/LOC111325642/LOC111342023/LOC111320816/LOC111322288/LOC111336934/LOC111323777/LOC111329762/LOC111339275/LOC111333893/LOC111333767/LOC111343646,12
GO:0055002,striated muscle cell development,3/257,114/8488,0.02631578947368421,0.8691378251075158,-0.24855210363945587,0.6761755898183655,0.855724462132005,0.7330674283661633,LOC111330631/LOC111324192/LOC111321759,3
GO:0061008,hepaticobiliary system development,3/257,114/8488,0.02631578947368421,0.8691378251075158,-0.24855210363945587,0.6761755898183655,0.855724462132005,0.7330674283661633,LOC111338776/LOC111328120/LOC111333334,3
GO:0009416,response to light stimulus,7/257,260/8488,0.026923076923076925,0.8891948518407663,-0.32063936012369454,0.6780727484952203,0.855724462132005,0.7330674283661633,LOC111327625/LOC111323127/LOC111345144/LOC111326819/LOC111336999/LOC111325220/LOC111340622,7
GO:0001756,somitogenesis,1/257,37/8488,0.02702702702702703,0.8926280365969083,-0.115652511358448,0.6801985335630399,0.855724462132005,0.7330674283661633,LOC111323862,1
GO:0005977,glycogen metabolic process,1/257,37/8488,0.02702702702702703,0.8926280365969083,-0.115652511358448,0.6801985335630399,0.855724462132005,0.7330674283661633,LOC111324410,1
GO:0016328,lateral plasma membrane,1/257,37/8488,0.02702702702702703,0.8926280365969083,-0.115652511358448,0.6801985335630399,0.855724462132005,0.7330674283661633,LOC111335693,1
GO:0016410,N-acyltransferase activity,1/257,37/8488,0.02702702702702703,0.8926280365969083,-0.115652511358448,0.6801985335630399,0.855724462132005,0.7330674283661633,LOC111333875,1
GO:0035579,specific granule membrane,1/257,37/8488,0.02702702702702703,0.8926280365969083,-0.115652511358448,0.6801985335630399,0.855724462132005,0.7330674283661633,LOC111323527,1
GO:0042562,hormone binding,1/257,37/8488,0.02702702702702703,0.8926280365969083,-0.115652511358448,0.6801985335630399,0.855724462132005,0.7330674283661633,LOC111336974,1
GO:0043242,negative regulation of protein-containing complex disassembly,1/257,37/8488,0.02702702702702703,0.8926280365969083,-0.115652511358448,0.6801985335630399,0.855724462132005,0.7330674283661633,LOC111321894,1
GO:0045824,negative regulation of innate immune response,1/257,37/8488,0.02702702702702703,0.8926280365969083,-0.115652511358448,0.6801985335630399,0.855724462132005,0.7330674283661633,LOC111327252,1
GO:0045840,positive regulation of mitotic nuclear division,1/257,37/8488,0.02702702702702703,0.8926280365969083,-0.115652511358448,0.6801985335630399,0.855724462132005,0.7330674283661633,LOC111322288,1
GO:0045913,positive regulation of carbohydrate metabolic process,1/257,37/8488,0.02702702702702703,0.8926280365969083,-0.115652511358448,0.6801985335630399,0.855724462132005,0.7330674283661633,LOC111322288,1
GO:0046426,negative regulation of receptor signaling pathway via JAK-STAT,1/257,37/8488,0.02702702702702703,0.8926280365969083,-0.115652511358448,0.6801985335630399,0.855724462132005,0.7330674283661633,LOC111323777,1
GO:0061572,actin filament bundle organization,1/257,37/8488,0.02702702702702703,0.8926280365969083,-0.115652511358448,0.6801985335630399,0.855724462132005,0.7330674283661633,LOC111340398,1
GO:0090278,negative regulation of peptide hormone secretion,1/257,37/8488,0.02702702702702703,0.8926280365969083,-0.115652511358448,0.6801985335630399,0.855724462132005,0.7330674283661633,LOC111325642,1
GO:0097542,ciliary tip,1/257,37/8488,0.02702702702702703,0.8926280365969083,-0.115652511358448,0.6801985335630399,0.855724462132005,0.7330674283661633,LOC111333767,1
GO:2000378,negative regulation of reactive oxygen species metabolic process,1/257,37/8488,0.02702702702702703,0.8926280365969083,-0.115652511358448,0.6801985335630399,0.855724462132005,0.7330674283661633,LOC111326058,1
GO:0007292,female gamete generation,13/257,473/8488,0.02748414376321353,0.9077253395414647,-0.36490400059142947,0.6820495544857196,0.856952110210464,0.7341191089708904,LOC111327880/LOC111325642/LOC111342023/LOC111320816/LOC111322288/LOC111336934/LOC111323777/LOC111329762/LOC111339275/LOC111331303/LOC111333893/LOC111333767/LOC111343646,13
GO:0001726,ruffle,2/257,77/8488,0.025974025974025976,0.8578503208853404,-0.2214036578549595,0.6823139308357917,0.856952110210464,0.7341191089708904,LOC111345144/LOC111325968,2
GO:0031047,regulatory ncRNA-mediated gene silencing,2/257,77/8488,0.025974025974025976,0.8578503208853404,-0.2214036578549595,0.6823139308357917,0.856952110210464,0.7341191089708904,LOC111320938/LOC111330060,2
GO:0034614,cellular response to reactive oxygen species,2/257,77/8488,0.025974025974025976,0.8578503208853404,-0.2214036578549595,0.6823139308357917,0.856952110210464,0.7341191089708904,LOC111333170/LOC111323527,2
GO:1902903,regulation of supramolecular fiber organization,5/257,189/8488,0.026455026455026454,0.8737364379387725,-0.31017973377220925,0.6827872471997809,0.8571886642641657,0.7343217560605675,LOC111333478/LOC111321894/LOC111333893/LOC111330877/LOC111340622,5
GO:0016032,viral process,4/257,153/8488,0.026143790849673203,0.8634571857277282,-0.30114740490442576,0.6859953251712161,0.860046024628006,0.7367695507731518,LOC111342143/LOC111326544/LOC111333695/LOC111342147,4
GO:0006816,calcium ion transport,3/257,116/8488,0.02586206896551724,0.854152690191869,-0.2794667661678143,0.6875870768196632,0.860046024628006,0.7367695507731518,LOC111323527/LOC111330961/LOC111326058,3
GO:0030010,establishment of cell polarity,3/257,116/8488,0.02586206896551724,0.854152690191869,-0.2794667661678143,0.6875870768196632,0.860046024628006,0.7367695507731518,LOC111323862/LOC111333893/LOC111334412,3
GO:0006900,vesicle budding from membrane,2/257,78/8488,0.02564102564102564,0.8468522398483488,-0.24009179293613414,0.6891613321086432,0.860046024628006,0.7367695507731518,LOC111321489/LOC111344752,2
GO:0048660,regulation of smooth muscle cell proliferation,2/257,78/8488,0.02564102564102564,0.8468522398483488,-0.24009179293613414,0.6891613321086432,0.860046024628006,0.7367695507731518,LOC111328024/LOC111322288,2
GO:1902904,negative regulation of supramolecular fiber organization,2/257,78/8488,0.02564102564102564,0.8468522398483488,-0.24009179293613414,0.6891613321086432,0.860046024628006,0.7367695507731518,LOC111321894/LOC111330877,2
GO:0003208,cardiac ventricle morphogenesis,1/257,38/8488,0.02631578947368421,0.8691378251075158,-0.14285483359079296,0.6899238887723997,0.860046024628006,0.7367695507731518,LOC111340883,1
GO:0007588,excretion,1/257,38/8488,0.02631578947368421,0.8691378251075158,-0.14285483359079296,0.6899238887723997,0.860046024628006,0.7367695507731518,LOC111336828,1
GO:0008542,visual learning,1/257,38/8488,0.02631578947368421,0.8691378251075158,-0.14285483359079296,0.6899238887723997,0.860046024628006,0.7367695507731518,LOC111345144,1
GO:0016525,negative regulation of angiogenesis,1/257,38/8488,0.02631578947368421,0.8691378251075158,-0.14285483359079296,0.6899238887723997,0.860046024628006,0.7367695507731518,LOC111328024,1
GO:0016627,"oxidoreductase activity, acting on the CH-CH group of donors",1/257,38/8488,0.02631578947368421,0.8691378251075158,-0.14285483359079296,0.6899238887723997,0.860046024628006,0.7367695507731518,LOC111340822,1
GO:0031338,regulation of vesicle fusion,1/257,38/8488,0.02631578947368421,0.8691378251075158,-0.14285483359079296,0.6899238887723997,0.860046024628006,0.7367695507731518,LOC111331303,1
GO:0032008,positive regulation of TOR signaling,1/257,38/8488,0.02631578947368421,0.8691378251075158,-0.14285483359079296,0.6899238887723997,0.860046024628006,0.7367695507731518,LOC111333767,1
GO:0044304,main axon,1/257,38/8488,0.02631578947368421,0.8691378251075158,-0.14285483359079296,0.6899238887723997,0.860046024628006,0.7367695507731518,LOC111329099,1
GO:0051261,protein depolymerization,1/257,38/8488,0.02631578947368421,0.8691378251075158,-0.14285483359079296,0.6899238887723997,0.860046024628006,0.7367695507731518,LOC111321894,1
GO:1903432,regulation of TORC1 signaling,1/257,38/8488,0.02631578947368421,0.8691378251075158,-0.14285483359079296,0.6899238887723997,0.860046024628006,0.7367695507731518,LOC111333767,1
GO:2000242,negative regulation of reproductive process,1/257,38/8488,0.02631578947368421,0.8691378251075158,-0.14285483359079296,0.6899238887723997,0.860046024628006,0.7367695507731518,LOC111328024,1
GO:0019748,secondary metabolic process,2/257,79/8488,0.02531645569620253,0.8361325912426736,-0.2585540336853547,0.69588734393076,0.8660443237665395,0.7419080713117613,LOC111330589/LOC111334761,2
GO:0042058,regulation of epidermal growth factor receptor signaling pathway,2/257,79/8488,0.02531645569620253,0.8361325912426736,-0.2585540336853547,0.69588734393076,0.8660443237665395,0.7419080713117613,LOC111328024/LOC111332158,2
GO:0043488,regulation of mRNA stability,2/257,79/8488,0.02531645569620253,0.8361325912426736,-0.2585540336853547,0.69588734393076,0.8660443237665395,0.7419080713117613,LOC111343122/LOC111320938,2
GO:0051668,localization within membrane,2/257,79/8488,0.02531645569620253,0.8361325912426736,-0.2585540336853547,0.69588734393076,0.8660443237665395,0.7419080713117613,LOC111336974/LOC111326544,2
GO:0000079,regulation of cyclin-dependent protein serine/threonine kinase activity,1/257,39/8488,0.02564102564102564,0.8468522398483488,-0.16937825715984564,0.699354606001452,0.86748810509376,0.7431449052594921,LOC111322288,1
GO:0001669,acrosomal vesicle,1/257,39/8488,0.02564102564102564,0.8468522398483488,-0.16937825715984564,0.699354606001452,0.86748810509376,0.7431449052594921,LOC111328842,1
GO:0014015,positive regulation of gliogenesis,1/257,39/8488,0.02564102564102564,0.8468522398483488,-0.16937825715984564,0.699354606001452,0.86748810509376,0.7431449052594921,LOC111345144,1
GO:0019208,phosphatase regulator activity,1/257,39/8488,0.02564102564102564,0.8468522398483488,-0.16937825715984564,0.699354606001452,0.86748810509376,0.7431449052594921,LOC111324410,1
GO:0033138,positive regulation of peptidyl-serine phosphorylation,1/257,39/8488,0.02564102564102564,0.8468522398483488,-0.16937825715984564,0.699354606001452,0.86748810509376,0.7431449052594921,LOC111326058,1
GO:0051250,negative regulation of lymphocyte activation,1/257,39/8488,0.02564102564102564,0.8468522398483488,-0.16937825715984564,0.699354606001452,0.86748810509376,0.7431449052594921,LOC111333767,1
GO:0051964,negative regulation of synapse assembly,1/257,39/8488,0.02564102564102564,0.8468522398483488,-0.16937825715984564,0.699354606001452,0.86748810509376,0.7431449052594921,LOC111331664,1
GO:1902883,negative regulation of response to oxidative stress,1/257,39/8488,0.02564102564102564,0.8468522398483488,-0.16937825715984564,0.699354606001452,0.86748810509376,0.7431449052594921,LOC111333893,1
GO:0019904,protein domain specific binding,12/257,444/8488,0.02702702702702703,0.8926280365969083,-0.4106423254901743,0.6999917601785729,0.8679205336426823,0.7435153507689272,LOC111332158/LOC111342023/LOC111335693/LOC111341087/LOC111333901/LOC111331664/LOC111323777/LOC111322311/LOC111328517/LOC111333893/LOC111325851/LOC111326058,12
GO:0019693,ribose phosphate metabolic process,7/257,266/8488,0.02631578947368421,0.8691378251075158,-0.3831630114162371,0.7009103843305206,0.8687014569700066,0.7441843388376875,LOC111346087/LOC111331664/LOC111346320/LOC111321593/LOC111331622/LOC111326058/LOC111341830,7
GO:0005262,calcium channel activity,2/257,80/8488,0.025,0.8256809338521401,-0.27679669136543805,0.7024930077820755,0.8703043523099188,0.7455574798623605,LOC111337892/LOC111323527,2
GO:0030258,lipid modification,3/257,119/8488,0.025210084033613446,0.8326194290945951,-0.3249070264424486,0.7041382449075304,0.8716246257950006,0.7466885092196814,LOC111322288/LOC111323127/LOC111338817,3
GO:0032869,cellular response to insulin stimulus,3/257,119/8488,0.025210084033613446,0.8326194290945951,-0.3249070264424486,0.7041382449075304,0.8716246257950006,0.7466885092196814,LOC111325642/LOC111339275/LOC111346320,3
GO:0000165,MAPK cascade,4/257,157/8488,0.025477707006369428,0.8414582765372128,-0.3542926933287801,0.7053488119362907,0.872763976266706,0.7476645485375477,LOC111332158/LOC111323862/LOC111322288/LOC111338817,4
GO:0098827,endoplasmic reticulum subcompartment,12/257,446/8488,0.026905829596412557,0.8886252202892988,-0.4269623841874667,0.7058233650371467,0.8728335247656597,0.7477241281587118,LOC111327082/LOC111325671/LOC111331664/LOC111323127/LOC111333875/LOC111329762/LOC111323527/LOC111346320/LOC111331622/LOC111326544/LOC111331303/LOC111341830,12
GO:0050778,positive regulation of immune response,6/257,231/8488,0.025974025974025976,0.8578503208853404,-0.38704199823836977,0.7059853609557347,0.8728335247656597,0.7477241281587118,LOC111328749/LOC111325671/LOC111338418/LOC111323636/LOC111334113/LOC111325968,6
GO:0006112,energy reserve metabolic process,1/257,40/8488,0.025,0.8256809338521401,-0.19526090400520404,0.7084995777445726,0.8737870971117976,0.7485410182424695,LOC111324410,1
GO:0019229,regulation of vasoconstriction,1/257,40/8488,0.025,0.8256809338521401,-0.19526090400520404,0.7084995777445726,0.8737870971117976,0.7485410182424695,LOC111322288,1
GO:0021879,forebrain neuron differentiation,1/257,40/8488,0.025,0.8256809338521401,-0.19526090400520404,0.7084995777445726,0.8737870971117976,0.7485410182424695,LOC111333478,1
GO:0030971,receptor tyrosine kinase binding,1/257,40/8488,0.025,0.8256809338521401,-0.19526090400520404,0.7084995777445726,0.8737870971117976,0.7485410182424695,LOC111336974,1
GO:0032784,regulation of DNA-templated transcription elongation,1/257,40/8488,0.025,0.8256809338521401,-0.19526090400520404,0.7084995777445726,0.8737870971117976,0.7485410182424695,LOC111326654,1
GO:0035262,gonad morphogenesis,1/257,40/8488,0.025,0.8256809338521401,-0.19526090400520404,0.7084995777445726,0.8737870971117976,0.7485410182424695,LOC111333901,1
GO:0043433,negative regulation of DNA-binding transcription factor activity,2/257,81/8488,0.024691358024691357,0.8154873420761877,-0.29482581828764204,0.7089794134210421,0.8739522142659925,0.7486824679882242,LOC111334113/LOC111320928,2
GO:0048599,oocyte development,3/257,120/8488,0.025,0.8256809338521401,-0.3398146043927835,0.7095050888422718,0.8739522142659925,0.7486824679882242,LOC111327880/LOC111325642/LOC111336934,3
GO:0099504,synaptic vesicle cycle,3/257,120/8488,0.025,0.8256809338521401,-0.3398146043927835,0.7095050888422718,0.8739522142659925,0.7486824679882242,LOC111335321/LOC111334761/LOC111343646,3
GO:0061024,membrane organization,13/257,483/8488,0.026915113871635612,0.8889318542507513,-0.44411943706800394,0.7105591065062322,0.8748922604874115,0.7494877707422956,LOC111336828/LOC111346891/LOC111336974/LOC111328749/LOC111325671/LOC111335321/LOC111323777/LOC111321489/LOC111342143/LOC111323636/LOC111326544/LOC111344752/LOC111342147,13
GO:0055001,muscle cell development,3/257,121/8488,0.024793388429752067,0.8188571244814612,-0.3546062780150628,0.7147972314298321,0.8789577298690747,0.7529705076705959,LOC111330631/LOC111324192/LOC111321759,3
GO:0044057,regulation of system process,7/257,270/8488,0.025925925925925925,0.8562617091799971,-0.42411990154507007,0.715537705738202,0.8789577298690747,0.7529705076705959,LOC111345835/LOC111332158/LOC111325642/LOC111343017/LOC111322288/LOC111323945/LOC111326058,7
GO:0008587,imaginal disc-derived wing margin morphogenesis,1/257,41/8488,0.024390243902439025,0.8055423744898927,-0.2205377916834999,0.7173674291318413,0.8789577298690747,0.7529705076705959,LOC111335693,1
GO:0030330,"DNA damage response, signal transduction by p53 class mediator",1/257,41/8488,0.024390243902439025,0.8055423744898927,-0.2205377916834999,0.7173674291318413,0.8789577298690747,0.7529705076705959,LOC111340883,1
GO:0032421,stereocilium bundle,1/257,41/8488,0.024390243902439025,0.8055423744898927,-0.2205377916834999,0.7173674291318413,0.8789577298690747,0.7529705076705959,LOC111340398,1
GO:0035195,miRNA-mediated post-transcriptional gene silencing,1/257,41/8488,0.024390243902439025,0.8055423744898927,-0.2205377916834999,0.7173674291318413,0.8789577298690747,0.7529705076705959,LOC111330060,1
GO:0040003,chitin-based cuticle development,1/257,41/8488,0.024390243902439025,0.8055423744898927,-0.2205377916834999,0.7173674291318413,0.8789577298690747,0.7529705076705959,LOC111333893,1
GO:0043462,regulation of ATP-dependent activity,1/257,41/8488,0.024390243902439025,0.8055423744898927,-0.2205377916834999,0.7173674291318413,0.8789577298690747,0.7529705076705959,LOC111321403,1
GO:0045111,intermediate filament cytoskeleton,1/257,41/8488,0.024390243902439025,0.8055423744898927,-0.2205377916834999,0.7173674291318413,0.8789577298690747,0.7529705076705959,LOC111333478,1
GO:0051702,biological process involved in interaction with symbiont,1/257,41/8488,0.024390243902439025,0.8055423744898927,-0.2205377916834999,0.7173674291318413,0.8789577298690747,0.7529705076705959,LOC111327334,1
GO:0097546,ciliary base,1/257,41/8488,0.024390243902439025,0.8055423744898927,-0.2205377916834999,0.7173674291318413,0.8789577298690747,0.7529705076705959,LOC111333767,1
GO:1901888,regulation of cell junction assembly,1/257,41/8488,0.024390243902439025,0.8055423744898927,-0.2205377916834999,0.7173674291318413,0.8789577298690747,0.7529705076705959,LOC111333478,1
GO:0007612,learning,3/257,122/8488,0.02459016393442623,0.8121451808381706,-0.3692841671383007,0.7200149620405428,0.8818424290789711,0.7554417225592529,LOC111332158/LOC111345144/LOC111321502,3
GO:0004386,helicase activity,2/257,83/8488,0.024096385542168676,0.7958370446767615,-0.33026647628545763,0.721599027560086,0.8833767435349819,0.7567561128827113,LOC111335313/LOC111330060,2
GO:0006979,response to oxidative stress,8/257,309/8488,0.025889967637540454,0.8550741062546434,-0.45855611030210086,0.7247049085175536,0.8833767435349819,0.7567561128827113,LOC111336303/LOC111333170/LOC111322400/LOC111338412/LOC111323527/LOC111331303/LOC111334900/LOC111336999,8
GO:0009898,cytoplasmic side of plasma membrane,3/257,123/8488,0.024390243902439025,0.8055423744898927,-0.3838503344369335,0.7251585991302695,0.8833767435349819,0.7567561128827113,LOC111324532/LOC111334113/LOC111326058,3
GO:0003073,regulation of systemic arterial blood pressure,1/257,42/8488,0.023809523809523808,0.7863627941448952,-0.2452411578001303,0.7259665259369931,0.8833767435349819,0.7567561128827113,LOC111322288,1
GO:0005901,caveola,1/257,42/8488,0.023809523809523808,0.7863627941448952,-0.2452411578001303,0.7259665259369931,0.8833767435349819,0.7567561128827113,LOC111326058,1
GO:0007619,courtship behavior,1/257,42/8488,0.023809523809523808,0.7863627941448952,-0.2452411578001303,0.7259665259369931,0.8833767435349819,0.7567561128827113,LOC111334761,1
GO:0008013,beta-catenin binding,1/257,42/8488,0.023809523809523808,0.7863627941448952,-0.2452411578001303,0.7259665259369931,0.8833767435349819,0.7567561128827113,LOC111333767,1
GO:0019915,lipid storage,1/257,42/8488,0.023809523809523808,0.7863627941448952,-0.2452411578001303,0.7259665259369931,0.8833767435349819,0.7567561128827113,LOC111334900,1
GO:0031526,brush border membrane,1/257,42/8488,0.023809523809523808,0.7863627941448952,-0.2452411578001303,0.7259665259369931,0.8833767435349819,0.7567561128827113,LOC111330251,1
GO:0032587,ruffle membrane,1/257,42/8488,0.023809523809523808,0.7863627941448952,-0.2452411578001303,0.7259665259369931,0.8833767435349819,0.7567561128827113,LOC111345144,1
GO:0035019,somatic stem cell population maintenance,1/257,42/8488,0.023809523809523808,0.7863627941448952,-0.2452411578001303,0.7259665259369931,0.8833767435349819,0.7567561128827113,LOC111340883,1
GO:0045214,sarcomere organization,1/257,42/8488,0.023809523809523808,0.7863627941448952,-0.2452411578001303,0.7259665259369931,0.8833767435349819,0.7567561128827113,LOC111330631,1
GO:0046888,negative regulation of hormone secretion,1/257,42/8488,0.023809523809523808,0.7863627941448952,-0.2452411578001303,0.7259665259369931,0.8833767435349819,0.7567561128827113,LOC111325642,1
GO:0099094,ligand-gated monoatomic cation channel activity,1/257,42/8488,0.023809523809523808,0.7863627941448952,-0.2452411578001303,0.7259665259369931,0.8833767435349819,0.7567561128827113,LOC111323527,1
GO:0099175,regulation of postsynapse organization,1/257,42/8488,0.023809523809523808,0.7863627941448952,-0.2452411578001303,0.7259665259369931,0.8833767435349819,0.7567561128827113,LOC111336974,1
GO:1905037,autophagosome organization,1/257,42/8488,0.023809523809523808,0.7863627941448952,-0.2452411578001303,0.7259665259369931,0.8833767435349819,0.7567561128827113,LOC111336999,1
GO:0019882,antigen processing and presentation,2/257,84/8488,0.023809523809523808,0.7863627941448952,-0.34768893705881815,0.7277346232255759,0.885170136135274,0.7582924458493668,LOC111322266/LOC111322261,2
GO:0009266,response to temperature stimulus,5/257,200/8488,0.025,0.8256809338521401,-0.4408109551796961,0.729671272678296,0.8868199597824271,0.7597057886154052,LOC111323127/LOC111323527/LOC111331303/LOC111336999/LOC111326058,5
GO:0072521,purine-containing compound metabolic process,7/257,274/8488,0.025547445255474453,0.8437615382430629,-0.46451874981048624,0.7296806517491712,0.8868199597824271,0.7597057886154052,LOC111346087/LOC111331664/LOC111346320/LOC111321593/LOC111331622/LOC111326058/LOC111341830,7
GO:0032147,activation of protein kinase activity,4/257,163/8488,0.024539877300613498,0.8104843522474995,-0.43168217606597203,0.7327428938429974,0.8877770847661145,0.760525722112069,LOC111322288/LOC111323945/LOC111328749/LOC111323636,4
GO:0007308,oocyte construction,2/257,85/8488,0.023529411764705882,0.7771114671549554,-0.36491974985808256,0.7337557282108071,0.8877770847661145,0.760525722112069,LOC111327880/LOC111336934,2
GO:0042175,nuclear outer membrane-endoplasmic reticulum membrane network,12/257,456/8488,0.02631578947368421,0.8691378251075158,-0.5075771550600487,0.7339335917115449,0.8877770847661145,0.760525722112069,LOC111327082/LOC111325671/LOC111331664/LOC111323127/LOC111333875/LOC111329762/LOC111323527/LOC111346320/LOC111331622/LOC111326544/LOC111331303/LOC111341830,12
GO:0001942,hair follicle development,1/257,43/8488,0.023255813953488372,0.7680752873043163,-0.26940074353239657,0.7343049823464405,0.8877770847661145,0.760525722112069,LOC111336974,1
GO:0006893,Golgi to plasma membrane transport,1/257,43/8488,0.023255813953488372,0.7680752873043163,-0.26940074353239657,0.7343049823464405,0.8877770847661145,0.760525722112069,LOC111326934,1
GO:0007602,phototransduction,1/257,43/8488,0.023255813953488372,0.7680752873043163,-0.26940074353239657,0.7343049823464405,0.8877770847661145,0.760525722112069,LOC111323127,1
GO:0008238,exopeptidase activity,1/257,43/8488,0.023255813953488372,0.7680752873043163,-0.26940074353239657,0.7343049823464405,0.8877770847661145,0.760525722112069,LOC111325560,1
GO:0008630,intrinsic apoptotic signaling pathway in response to DNA damage,1/257,43/8488,0.023255813953488372,0.7680752873043163,-0.26940074353239657,0.7343049823464405,0.8877770847661145,0.760525722112069,LOC111340887,1
GO:0030431,sleep,1/257,43/8488,0.023255813953488372,0.7680752873043163,-0.26940074353239657,0.7343049823464405,0.8877770847661145,0.760525722112069,LOC111343017,1
GO:0043277,apoptotic cell clearance,1/257,43/8488,0.023255813953488372,0.7680752873043163,-0.26940074353239657,0.7343049823464405,0.8877770847661145,0.760525722112069,LOC111340596,1
GO:0046622,positive regulation of organ growth,1/257,43/8488,0.023255813953488372,0.7680752873043163,-0.26940074353239657,0.7343049823464405,0.8877770847661145,0.760525722112069,LOC111332158,1
GO:0060420,regulation of heart growth,1/257,43/8488,0.023255813953488372,0.7680752873043163,-0.26940074353239657,0.7343049823464405,0.8877770847661145,0.760525722112069,LOC111332158,1
GO:0070301,cellular response to hydrogen peroxide,1/257,43/8488,0.023255813953488372,0.7680752873043163,-0.26940074353239657,0.7343049823464405,0.8877770847661145,0.760525722112069,LOC111323527,1
GO:0007286,spermatid development,3/257,125/8488,0.024,0.7926536964980545,-0.4126554804681196,0.7352250039581125,0.8885322667360395,0.76117265851407645,LOC111331389/LOC111342143/LOC111342147,3
GO:0008324,monoatomic cation transmembrane transporter activity,6/257,239/8488,0.02510460251046025,0.8291356657929441,-0.47344232352601184,0.7363447592844075,0.8895281268785131,0.7620257749855123,LOC111336828/LOC111342077/LOC111330251/LOC111323527/LOC111334900/LOC111326058,6
GO:0005667,transcription regulator complex,5/257,202/8488,0.024752475247524754,0.8175058751011288,-0.4638413582758482,0.7376372068725658,0.8907317215064946,0.763056849890782,LOC111330631/LOC111340883/LOC111325851/LOC111326942/LOC111320928,5
GO:0030029,actin filament-based process,9/257,350/8488,0.025714285714285714,0.849271817676487,-0.5088467478805676,0.7396112479207623,0.8921738437224807,0.7642922625394151,LOC111330631/LOC111322288/LOC111335693/LOC111333478/LOC111340398/LOC111339275/LOC111321894/LOC111328517/LOC111330877,9
GO:0098542,defense response to other organism,5/257,203/8488,0.024630541871921183,0.8134787525636848,-0.4752776979186076,0.7415558225781068,0.8921738437224807,0.7642922625394151,LOC111333170/LOC111327334/LOC111329755/LOC111331589/LOC111322259,5
GO:0000045,autophagosome assembly,1/257,44/8488,0.022727272727272728,0.7506190307746727,-0.2930440422367039,0.7423906684964657,0.8921738437224807,0.7642922625394151,LOC111336999,1
GO:0014823,response to activity,1/257,44/8488,0.022727272727272728,0.7506190307746727,-0.2930440422367039,0.7423906684964657,0.8921738437224807,0.7642922625394151,LOC111332158,1
GO:0015079,potassium ion transmembrane transporter activity,1/257,44/8488,0.022727272727272728,0.7506190307746727,-0.2930440422367039,0.7423906684964657,0.8921738437224807,0.7642922625394151,LOC111336828,1
GO:0015748,organophosphate ester transport,1/257,44/8488,0.022727272727272728,0.7506190307746727,-0.2930440422367039,0.7423906684964657,0.8921738437224807,0.7642922625394151,LOC111334761,1
GO:0016407,acetyltransferase activity,1/257,44/8488,0.022727272727272728,0.7506190307746727,-0.2930440422367039,0.7423906684964657,0.8921738437224807,0.7642922625394151,LOC111333875,1
GO:0022416,chaeta development,1/257,44/8488,0.022727272727272728,0.7506190307746727,-0.2930440422367039,0.7423906684964657,0.8921738437224807,0.7642922625394151,LOC111340398,1
GO:0045639,positive regulation of myeloid cell differentiation,1/257,44/8488,0.022727272727272728,0.7506190307746727,-0.2930440422367039,0.7423906684964657,0.8921738437224807,0.7642922625394151,LOC111323862,1
GO:0051492,regulation of stress fiber assembly,1/257,44/8488,0.022727272727272728,0.7506190307746727,-0.2930440422367039,0.7423906684964657,0.8921738437224807,0.7642922625394151,LOC111333478,1
GO:0098773,skin epidermis development,1/257,44/8488,0.022727272727272728,0.7506190307746727,-0.2930440422367039,0.7423906684964657,0.8921738437224807,0.7642922625394151,LOC111336974,1
GO:1905809,negative regulation of synapse organization,1/257,44/8488,0.022727272727272728,0.7506190307746727,-0.2930440422367039,0.7423906684964657,0.8921738437224807,0.7642922625394151,LOC111331664,1
GO:0008047,enzyme activator activity,6/257,241/8488,0.024896265560165973,0.8222548718859486,-0.4946244629542004,0.7435784643901747,0.8932444172865998,0.7652093832298418,LOC111335366/LOC111327252/LOC111322288/LOC111333478/LOC111327334/LOC111344752,6
GO:0032838,plasma membrane bounded cell projection cytoplasm,3/257,127/8488,0.023622047244094488,0.7801709611201324,-0.44103714871874444,0.7449995249872556,0.8944325818357312,0.766227239758493,LOC111331389/LOC111331219/LOC111333767,3
GO:0002218,activation of innate immune response,2/257,87/8488,0.022988505747126436,0.7592468357261057,-0.39882603391416316,0.7454596019488623,0.8944325818357312,0.766227239758493,LOC111325671/LOC111334113,2
GO:0043487,regulation of RNA stability,2/257,87/8488,0.022988505747126436,0.7592468357261057,-0.39882603391416316,0.7454596019488623,0.8944325818357312,0.766227239758493,LOC111343122/LOC111320938,2
GO:0051347,positive regulation of transferase activity,8/257,316/8488,0.02531645569620253,0.8361325912426736,-0.5245529218731781,0.7472818968367798,0.8962253785141836,0.7677630622209972,LOC111323862/LOC111322288/LOC111323945/LOC111328749/LOC111346320/LOC111327334/LOC111323636/LOC111326058,8
GO:0016491,oxidoreductase activity,11/257,426/8488,0.025821596244131457,0.852815988016295,-0.5507587447206793,0.749967504280932,0.8962253785141836,0.7677630622209972,LOC111336303/LOC111346087/LOC111340822/LOC111333170/LOC111326885/LOC111322400/LOC111322266/LOC111331622/LOC111322261/LOC111328120/LOC111324368,11
GO:0006090,pyruvate metabolic process,1/257,45/8488,0.022222222222222223,0.733938607868569,-0.31619651813854055,0.7502312177854769,0.8962253785141836,0.7677630622209972,LOC111328842,1
GO:0006576,biogenic amine metabolic process,1/257,45/8488,0.022222222222222223,0.733938607868569,-0.31619651813854055,0.7502312177854769,0.8962253785141836,0.7677630622209972,LOC111334761,1
GO:0008298,intracellular mRNA localization,1/257,45/8488,0.022222222222222223,0.733938607868569,-0.31619651813854055,0.7502312177854769,0.8962253785141836,0.7677630622209972,LOC111343122,1
GO:0016319,mushroom body development,1/257,45/8488,0.022222222222222223,0.733938607868569,-0.31619651813854055,0.7502312177854769,0.8962253785141836,0.7677630622209972,LOC111332158,1
GO:0022405,hair cycle process,1/257,45/8488,0.022222222222222223,0.733938607868569,-0.31619651813854055,0.7502312177854769,0.8962253785141836,0.7677630622209972,LOC111336974,1
GO:0032088,negative regulation of NF-kappaB transcription factor activity,1/257,45/8488,0.022222222222222223,0.733938607868569,-0.31619651813854055,0.7502312177854769,0.8962253785141836,0.7677630622209972,LOC111334113,1
GO:0032154,cleavage furrow,1/257,45/8488,0.022222222222222223,0.733938607868569,-0.31619651813854055,0.7502312177854769,0.8962253785141836,0.7677630622209972,LOC111330205,1
GO:0051149,positive regulation of muscle cell differentiation,1/257,45/8488,0.022222222222222223,0.733938607868569,-0.31619651813854055,0.7502312177854769,0.8962253785141836,0.7677630622209972,LOC111344472,1
GO:2000573,positive regulation of DNA biosynthetic process,1/257,45/8488,0.022222222222222223,0.733938607868569,-0.31619651813854055,0.7502312177854769,0.8962253785141836,0.7677630622209972,LOC111322288,1
GO:0042542,response to hydrogen peroxide,2/257,88/8488,0.022727272727272728,0.7506190307746727,-0.41551084493037477,0.7511450053269586,0.8966048317553538,0.7680881257478673,LOC111323527/LOC111331303,2
GO:0051087,protein-folding chaperone binding,2/257,88/8488,0.022727272727272728,0.7506190307746727,-0.41551084493037477,0.7511450053269586,0.8966048317553538,0.7680881257478673,LOC111328120/LOC111344752,2
GO:0023061,signal release,3/257,129/8488,0.023255813953488372,0.7680752873043163,-0.46900997741914835,0.7544856240655442,0.9002351278021249,0.7711980658103311,LOC111335321/LOC111338776/LOC111322311,3
GO:0006497,protein lipidation,1/257,46/8488,0.021739130434782608,0.7179834207409914,-0.3388817992932103,0.7578340339680105,0.9020834088546797,0.772781419679541,LOC111326885,1
GO:0019842,vitamin binding,1/257,46/8488,0.021739130434782608,0.7179834207409914,-0.3388817992932103,0.7578340339680105,0.9020834088546797,0.772781419679541,LOC111345835,1
GO:0033555,multicellular organismal response to stress,1/257,46/8488,0.021739130434782608,0.7179834207409914,-0.3388817992932103,0.7578340339680105,0.9020834088546797,0.772781419679541,LOC111332158,1
GO:0045747,positive regulation of Notch signaling pathway,1/257,46/8488,0.021739130434782608,0.7179834207409914,-0.3388817992932103,0.7578340339680105,0.9020834088546797,0.772781419679541,LOC111329099,1
GO:0048520,positive regulation of behavior,1/257,46/8488,0.021739130434782608,0.7179834207409914,-0.3388817992932103,0.7578340339680105,0.9020834088546797,0.772781419679541,LOC111320921,1
GO:1901992,positive regulation of mitotic cell cycle phase transition,1/257,46/8488,0.021739130434782608,0.7179834207409914,-0.3388817992932103,0.7578340339680105,0.9020834088546797,0.772781419679541,LOC111333767,1
GO:0048511,rhythmic process,3/257,130/8488,0.023076923076923078,0.7621670158635139,-0.482847447305758,0.759121692417184,0.9032587226229783,0.7737882674205807,LOC111327252/LOC111323527/LOC111331303,3
GO:0016788,"hydrolase activity, acting on ester bonds",9/257,357/8488,0.025210084033613446,0.8326194290945951,-0.5709321957827054,0.7602947939005955,0.9038360059016181,0.7742828046077691,LOC111328024/LOC111342023/LOC111335819/LOC111323127/LOC111323777/LOC111345144/LOC111324410/LOC111341498/LOC111331303,9
GO:0010008,endosome membrane,5/257,208/8488,0.02403846153846154,0.7939239748578271,-0.5316934741621051,0.7605082882104373,0.9038360059016181,0.7742828046077691,LOC111325671/LOC111340366/LOC111342143/LOC111333893/LOC111342147,5
GO:0015629,actin cytoskeleton,5/257,208/8488,0.02403846153846154,0.7939239748578271,-0.5316934741621051,0.7605082882104373,0.9038360059016181,0.7742828046077691,LOC111330205/LOC111323862/LOC111340398/LOC111321894/LOC111330877,5
GO:0051051,negative regulation of transport,6/257,246/8488,0.024390243902439025,0.8055423744898927,-0.5468819488963274,0.7610402683152505,0.904111029657296,0.7745184072652087,LOC111325642/LOC111323945/LOC111328749/LOC111333901/LOC111331664/LOC111323636,6
GO:0009101,glycoprotein biosynthetic process,3/257,131/8488,0.022900763358778626,0.7563489470401283,-0.49658786342329864,0.7636871075974561,0.9065393921283141,0.776598695384278,LOC111328024/LOC111342143/LOC111342147,3
GO:0009994,oocyte differentiation,3/257,131/8488,0.022900763358778626,0.7563489470401283,-0.49658786342329864,0.7636871075974561,0.9065393921283141,0.776598695384278,LOC111327880/LOC111325642/LOC111336934,3
GO:0003730,mRNA 3'-UTR binding,1/257,47/8488,0.02127659574468085,0.7027071777465022,-0.3611218483407585,0.7652062980369778,0.9065539757759863,0.7766111886546804,LOC111320938,1
GO:0016322,neuron remodeling,1/257,47/8488,0.02127659574468085,0.7027071777465022,-0.3611218483407585,0.7652062980369778,0.9065539757759863,0.7766111886546804,LOC111322288,1
GO:0051258,protein polymerization,1/257,47/8488,0.02127659574468085,0.7027071777465022,-0.3611218483407585,0.7652062980369778,0.9065539757759863,0.7766111886546804,LOC111327334,1
GO:0060179,male mating behavior,1/257,47/8488,0.02127659574468085,0.7027071777465022,-0.3611218483407585,0.7652062980369778,0.9065539757759863,0.7766111886546804,LOC111334761,1
GO:0061097,regulation of protein tyrosine kinase activity,1/257,47/8488,0.02127659574468085,0.7027071777465022,-0.3611218483407585,0.7652062980369778,0.9065539757759863,0.7766111886546804,LOC111322288,1
GO:0090068,positive regulation of cell cycle process,4/257,171/8488,0.023391812865497075,0.7725669556511252,-0.5308668798769028,0.766248679634498,0.907074391318603,0.7770570093602813,LOC111330205/LOC111322288/LOC111340883/LOC111333767,4
GO:0099513,polymeric cytoskeletal fiber,4/257,171/8488,0.023391812865497075,0.7725669556511252,-0.5308668798769028,0.766248679634498,0.907074391318603,0.7770570093602813,LOC111330205/LOC111323862/LOC111333478/LOC111340398,4
GO:0043279,response to alkaloid,2/257,91/8488,0.02197802197802198,0.7258733484414419,-0.46454441455510526,0.7675513583501843,0.9082590424537192,0.7780718560773743,LOC111332158/LOC111338776,2
GO:0000302,response to reactive oxygen species,3/257,132/8488,0.022727272727272728,0.7506190307746727,-0.5102328550267214,0.7681823933171308,0.908648304796669,0.7784053226981543,LOC111333170/LOC111323527/LOC111331303,3
GO:0005198,structural molecule activity,8/257,324/8488,0.024691358024691357,0.8154873420761877,-0.5983627286065335,0.7714803026514256,0.9107188414349383,0.780179074689505,LOC111336303/LOC111320871/LOC111320822/LOC111322400/LOC111321759/LOC111321489/LOC111320751/LOC111321680,8
GO:0004722,protein serine/threonine phosphatase activity,1/257,48/8488,0.020833333333333332,0.6880674448767833,-0.38293711403129266,0.7723549749004415,0.9107188414349383,0.780179074689505,LOC111324410,1
GO:0005905,clathrin-coated pit,1/257,48/8488,0.020833333333333332,0.6880674448767833,-0.38293711403129266,0.7723549749004415,0.9107188414349383,0.780179074689505,LOC111340596,1
GO:0030276,clathrin binding,1/257,48/8488,0.020833333333333332,0.6880674448767833,-0.38293711403129266,0.7723549749004415,0.9107188414349383,0.780179074689505,LOC111340596,1
GO:0032456,endocytic recycling,1/257,48/8488,0.020833333333333332,0.6880674448767833,-0.38293711403129266,0.7723549749004415,0.9107188414349383,0.780179074689505,LOC111340366,1
GO:0042633,hair cycle,1/257,48/8488,0.020833333333333332,0.6880674448767833,-0.38293711403129266,0.7723549749004415,0.9107188414349383,0.780179074689505,LOC111336974,1
GO:0043507,positive regulation of JUN kinase activity,1/257,48/8488,0.020833333333333332,0.6880674448767833,-0.38293711403129266,0.7723549749004415,0.9107188414349383,0.780179074689505,LOC111323862,1
GO:0046580,negative regulation of Ras protein signal transduction,1/257,48/8488,0.020833333333333332,0.6880674448767833,-0.38293711403129266,0.7723549749004415,0.9107188414349383,0.780179074689505,LOC111335693,1
GO:0061013,regulation of mRNA catabolic process,2/257,92/8488,0.021739130434782608,0.7179834207409914,-0.4805623039865479,0.7728081518671248,0.9108961288465169,0.7803309502436567,LOC111343122/LOC111320938,2
GO:0002764,immune response-regulating signaling pathway,3/257,134/8488,0.022388059701492536,0.7394157616586329,-0.537242880701541,0.7769647558556447,0.9138770971290439,0.7828846352785203,LOC111325671/LOC111334113/LOC111325968,3
GO:0009408,response to heat,3/257,134/8488,0.022388059701492536,0.7394157616586329,-0.537242880701541,0.7769647558556447,0.9138770971290439,0.7828846352785203,LOC111323527/LOC111331303/LOC111336999,3
GO:0002684,positive regulation of immune system process,8/257,326/8488,0.024539877300613498,0.8104843522474995,-0.6165565856124713,0.7772629582771716,0.9138770971290439,0.7828846352785203,LOC111323862/LOC111328749/LOC111325671/LOC111338418/LOC111323636/LOC111334113/LOC111333767/LOC111325968,8
GO:0002699,positive regulation of immune effector process,2/257,93/8488,0.021505376344086023,0.7102631689050668,-0.4964233395023742,0.7779613006113857,0.9138770971290439,0.7828846352785203,LOC111328749/LOC111323636,2
GO:0006486,protein glycosylation,2/257,93/8488,0.021505376344086023,0.7102631689050668,-0.4964233395023742,0.7779613006113857,0.9138770971290439,0.7828846352785203,LOC111342143/LOC111342147,2
GO:0019897,extrinsic component of plasma membrane,2/257,93/8488,0.021505376344086023,0.7102631689050668,-0.4964233395023742,0.7779613006113857,0.9138770971290439,0.7828846352785203,LOC111320952/LOC111324532,2
GO:0043413,macromolecule glycosylation,2/257,93/8488,0.021505376344086023,0.7102631689050668,-0.4964233395023742,0.7779613006113857,0.9138770971290439,0.7828846352785203,LOC111342143/LOC111342147,2
GO:0046620,regulation of organ growth,2/257,93/8488,0.021505376344086023,0.7102631689050668,-0.4964233395023742,0.7779613006113857,0.9138770971290439,0.7828846352785203,LOC111332158/LOC111334412,2
GO:0009308,amine metabolic process,1/257,49/8488,0.02040816326530612,0.6740252521241958,-0.40434666604425645,0.7792868198590417,0.9138770971290439,0.7828846352785203,LOC111334761,1
GO:0017053,transcription repressor complex,1/257,49/8488,0.02040816326530612,0.6740252521241958,-0.40434666604425645,0.7792868198590417,0.9138770971290439,0.7828846352785203,LOC111333767,1
GO:0051058,negative regulation of small GTPase mediated signal transduction,1/257,49/8488,0.02040816326530612,0.6740252521241958,-0.40434666604425645,0.7792868198590417,0.9138770971290439,0.7828846352785203,LOC111335693,1
GO:0051881,regulation of mitochondrial membrane potential,1/257,49/8488,0.02040816326530612,0.6740252521241958,-0.40434666604425645,0.7792868198590417,0.9138770971290439,0.7828846352785203,LOC111346891,1
GO:1902692,regulation of neuroblast proliferation,1/257,49/8488,0.02040816326530612,0.6740252521241958,-0.40434666604425645,0.7792868198590417,0.9138770971290439,0.7828846352785203,LOC111333767,1
GO:0019098,reproductive behavior,3/257,135/8488,0.022222222222222223,0.733938607868569,-0.5506109761648698,0.7812529617104386,0.9154689944779896,0.7842483547319844,LOC111324192/LOC111328517/LOC111334761,3
GO:0048515,spermatid differentiation,3/257,135/8488,0.022222222222222223,0.733938607868569,-0.5506109761648698,0.7812529617104386,0.9154689944779896,0.7842483547319844,LOC111331389/LOC111342143/LOC111342147,3
GO:0051224,negative regulation of protein transport,2/257,94/8488,0.02127659574468085,0.7027071777465022,-0.5121311946350249,0.7830122324061655,0.9164004735461663,0.7850463183234234,LOC111325642/LOC111333901,2
GO:0090316,positive regulation of intracellular protein transport,2/257,94/8488,0.02127659574468085,0.7027071777465022,-0.5121311946350249,0.7830122324061655,0.9164004735461663,0.7850463183234234,LOC111331301/LOC111333767,2
GO:0099536,synaptic signaling,6/257,253/8488,0.023715415019762844,0.7832546408083542,-0.6184372326854204,0.7840040615857817,0.9164004735461663,0.7850463183234234,LOC111324621/LOC111335321/LOC111331664/LOC111322311/LOC111325851/LOC111343646,6
GO:0022890,inorganic cation transmembrane transporter activity,5/257,215/8488,0.023255813953488372,0.7680752873043163,-0.6086282504736101,0.785268743514846,0.9164004735461663,0.7850463183234234,LOC111336828/LOC111330251/LOC111323527/LOC111334900/LOC111326058,5
GO:0005798,Golgi-associated vesicle,3/257,136/8488,0.022058823529411766,0.7285420004577707,-0.5638897723723916,0.7854732942319376,0.9164004735461663,0.7850463183234234,LOC111321489/LOC111326544/LOC111344752,3
GO:0005802,trans-Golgi network,4/257,176/8488,0.022727272727272728,0.7506190307746727,-0.5907234848459881,0.7854783614386748,0.9164004735461663,0.7850463183234234,LOC111323127/LOC111333613/LOC111326544/LOC111321502,4
GO:0001824,blastocyst development,1/257,50/8488,0.02,0.6605447470817121,-0.42536831524923646,0.7860083848899964,0.9164004735461663,0.7850463183234234,LOC111343122,1
GO:0031397,negative regulation of protein ubiquitination,1/257,50/8488,0.02,0.6605447470817121,-0.42536831524923646,0.7860083848899964,0.9164004735461663,0.7850463183234234,LOC111340883,1
GO:0032465,regulation of cytokinesis,1/257,50/8488,0.02,0.6605447470817121,-0.42536831524923646,0.7860083848899964,0.9164004735461663,0.7850463183234234,LOC111330205,1
GO:0034644,cellular response to UV,1/257,50/8488,0.02,0.6605447470817121,-0.42536831524923646,0.7860083848899964,0.9164004735461663,0.7850463183234234,LOC111336999,1
GO:0043525,positive regulation of neuron apoptotic process,1/257,50/8488,0.02,0.6605447470817121,-0.42536831524923646,0.7860083848899964,0.9164004735461663,0.7850463183234234,LOC111333767,1
GO:0046716,muscle cell cellular homeostasis,1/257,50/8488,0.02,0.6605447470817121,-0.42536831524923646,0.7860083848899964,0.9164004735461663,0.7850463183234234,LOC111324192,1
GO:0051453,regulation of intracellular pH,1/257,50/8488,0.02,0.6605447470817121,-0.42536831524923646,0.7860083848899964,0.9164004735461663,0.7850463183234234,LOC111333012,1
GO:0032874,positive regulation of stress-activated MAPK cascade,2/257,95/8488,0.021052631578947368,0.6953102600860127,-0.5276894154842906,0.7879623839282525,0.9179670220202105,0.7863883223353426,LOC111323862/LOC111333893,2
GO:0051494,negative regulation of cytoskeleton organization,2/257,95/8488,0.021052631578947368,0.6953102600860127,-0.5276894154842906,0.7879623839282525,0.9179670220202105,0.7863883223353426,LOC111321894/LOC111330877,2
GO:0006487,protein N-linked glycosylation,1/257,51/8488,0.0196078431372549,0.6475928892957962,-0.4460187212422888,0.7925260247434298,0.920106006652954,0.7882207111864611,LOC111334796,1
GO:0008170,N-methyltransferase activity,1/257,51/8488,0.0196078431372549,0.6475928892957962,-0.4460187212422888,0.7925260247434298,0.920106006652954,0.7882207111864611,LOC111321502,1
GO:0017124,SH3 domain binding,1/257,51/8488,0.0196078431372549,0.6475928892957962,-0.4460187212422888,0.7925260247434298,0.920106006652954,0.7882207111864611,LOC111328517,1
GO:0031234,extrinsic component of cytoplasmic side of plasma membrane,1/257,51/8488,0.0196078431372549,0.6475928892957962,-0.4460187212422888,0.7925260247434298,0.920106006652954,0.7882207111864611,LOC111324532,1
GO:0044773,mitotic DNA damage checkpoint signaling,1/257,51/8488,0.0196078431372549,0.6475928892957962,-0.4460187212422888,0.7925260247434298,0.920106006652954,0.7882207111864611,LOC111340883,1
GO:0044853,plasma membrane raft,1/257,51/8488,0.0196078431372549,0.6475928892957962,-0.4460187212422888,0.7925260247434298,0.920106006652954,0.7882207111864611,LOC111326058,1
GO:0060998,regulation of dendritic spine development,1/257,51/8488,0.0196078431372549,0.6475928892957962,-0.4460187212422888,0.7925260247434298,0.920106006652954,0.7882207111864611,LOC111342023,1
GO:1990782,protein tyrosine kinase binding,1/257,51/8488,0.0196078431372549,0.6475928892957962,-0.4460187212422888,0.7925260247434298,0.920106006652954,0.7882207111864611,LOC111336974,1
GO:0007269,neurotransmitter secretion,2/257,96/8488,0.020833333333333332,0.6880674448767833,-0.5431014264897603,0.7928131988718614,0.920106006652954,0.7882207111864611,LOC111335321/LOC111322311,2
GO:0048471,perinuclear region of cytoplasm,10/257,406/8488,0.024630541871921183,0.8134787525636848,-0.6805331212196609,0.792857303605205,0.920106006652954,0.7882207111864611,LOC111325642/LOC111329099/LOC111335693/LOC111331664/LOC111321759/LOC111342143/LOC111331303/LOC111333695/LOC111340596/LOC111342147,10
GO:0005096,GTPase activator activity,3/257,138/8488,0.021739130434782608,0.7179834207409914,-0.5901851908885766,0.7937127495794462,0.9207435213015712,0.7887668463557693,LOC111327252/LOC111333478/LOC111335732,3
GO:0005795,Golgi stack,2/257,97/8488,0.020618556701030927,0.6809739660636207,-0.5583705358829621,0.7975661262147318,0.9239819743915769,0.7915411090812502,LOC111328024/LOC111326544,2
GO:0022839,monoatomic ion-gated channel activity,2/257,97/8488,0.020618556701030927,0.6809739660636207,-0.5583705358829621,0.7975661262147318,0.9239819743915769,0.7915411090812502,LOC111343017/LOC111323527,2
GO:0046822,regulation of nucleocytoplasmic transport,2/257,97/8488,0.020618556701030927,0.6809739660636207,-0.5583705358829621,0.7975661262147318,0.9239819743915769,0.7915411090812502,LOC111331301/LOC111333767,2
GO:0005765,lysosomal membrane,3/257,139/8488,0.02158273381294964,0.7128180723903368,-0.6032045902275106,0.7977331075448555,0.9239819743915769,0.7915411090812502,LOC111342143/LOC111323527/LOC111342147,3
GO:0000139,Golgi membrane,7/257,296/8488,0.02364864864864865,0.7810495320222947,-0.6775075252594007,0.7987701957018885,0.92420325992026775,0.7917306761914948,LOC111332158/LOC111322288/LOC111323127/LOC111326544/LOC111334900/LOC111321502/LOC111328842,7
GO:0018022,peptidyl-lysine methylation,1/257,52/8488,0.019230769230769232,0.6351391798862616,-0.46631348872923645,0.7988459028566144,0.92420325992026775,0.7917306761914948,LOC111321502,1
GO:0019751,polyol metabolic process,1/257,52/8488,0.019230769230769232,0.6351391798862616,-0.46631348872923645,0.7988459028566144,0.92420325992026775,0.7917306761914948,LOC111323127,1
GO:0098791,Golgi apparatus subcompartment,9/257,372/8488,0.024193548387096774,0.7990460650182001,-0.7003487009382916,0.8006896920947766,0.9259729994991216,0.7932467464914087,LOC111328024/LOC111332158/LOC111322288/LOC111323127/LOC111333613/LOC111326544/LOC111334900/LOC111321502/LOC111328842,9
GO:0022803,passive transmembrane transporter activity,3/257,140/8488,0.02142857142857143,0.7077265147304058,-0.6161402464815322,0.8016880607447828,0.9259729994991216,0.7932467464914087,LOC111343017/LOC111323527/LOC111331589,3
GO:0051098,regulation of binding,5/257,220/8488,0.022727272727272728,0.7506190307746727,-0.662203965072868,0.8017151624823152,0.9259729994991216,0.7932467464914087,LOC111322288/LOC111333478/LOC111338776/LOC111325851/LOC111340596,5
GO:0043122,regulation of canonical NF-kappaB signal transduction,2/257,98/8488,0.02040816326530612,0.6740252521241958,-0.5734999408401404,0.8022226185820182,0.9259729994991216,0.7932467464914087,LOC111323862/LOC111334113,2
GO:0070085,glycosylation,2/257,98/8488,0.02040816326530612,0.6740252521241958,-0.5734999408401404,0.8022226185820182,0.9259729994991216,0.7932467464914087,LOC111342143/LOC111342147,2
GO:1904950,negative regulation of establishment of protein localization,2/257,98/8488,0.02040816326530612,0.6740252521241958,-0.5734999408401404,0.8022226185820182,0.9259729994991216,0.7932467464914087,LOC111325642/LOC111333901,2
GO:0001947,heart looping,1/257,53/8488,0.018867924528301886,0.6231554217752,-0.48626725410673743,0.804973997091542,0.9266596950828008,0.7938350131448406,LOC111344472,1
GO:0002573,myeloid leukocyte differentiation,1/257,53/8488,0.018867924528301886,0.6231554217752,-0.48626725410673743,0.804973997091542,0.9266596950828008,0.7938350131448406,LOC111326654,1
GO:0008276,protein methyltransferase activity,1/257,53/8488,0.018867924528301886,0.6231554217752,-0.48626725410673743,0.804973997091542,0.9266596950828008,0.7938350131448406,LOC111321502,1
GO:0030856,regulation of epithelial cell differentiation,1/257,53/8488,0.018867924528301886,0.6231554217752,-0.48626725410673743,0.804973997091542,0.9266596950828008,0.7938350131448406,LOC111333767,1
GO:0042113,B cell activation,1/257,53/8488,0.018867924528301886,0.6231554217752,-0.48626725410673743,0.804973997091542,0.9266596950828008,0.7938350131448406,LOC111326654,1
GO:0042826,histone deacetylase binding,1/257,53/8488,0.018867924528301886,0.6231554217752,-0.48626725410673743,0.804973997091542,0.9266596950828008,0.7938350131448406,LOC111333767,1
GO:0048771,tissue remodeling,1/257,53/8488,0.018867924528301886,0.6231554217752,-0.48626725410673743,0.804973997091542,0.9266596950828008,0.7938350131448406,LOC111344472,1
GO:0015267,channel activity,3/257,141/8488,0.02127659574468085,0.7027071777465022,-0.6289934679395812,0.8055782529352491,0.9270005297739975,0.7941269935913864,LOC111343017/LOC111323527/LOC111331589,3
GO:0005741,mitochondrial outer membrane,2/257,99/8488,0.020202020202020204,0.6672169162441537,-0.5884927323550321,0.8067841307036798,0.9276783888213566,0.7947076903116884,LOC111340887/LOC111346320,2
GO:0022836,gated channel activity,2/257,99/8488,0.020202020202020204,0.6672169162441537,-0.5884927323550321,0.8067841307036798,0.9276783888213566,0.7947076903116884,LOC111343017/LOC111323527,2
GO:0080135,regulation of cellular response to stress,10/257,412/8488,0.024271844660194174,0.8016319746137281,-0.7293558741118747,0.8073403729331909,0.9277732722794667,0.7947889734532946,LOC111328393/LOC111336303/LOC111323862/LOC111342023/LOC111322400/LOC111333901/LOC111338776/LOC111320751/LOC111323527/LOC111333893,10
GO:0043603,amide metabolic process,12/257,486/8488,0.024691358024691357,0.8154873420761877,-0.7402226808128007,0.8074835195570624,0.9277732722794667,0.7947889734532946,LOC111323911/LOC111346087/LOC111335819/LOC111326885/LOC111331664/LOC111323127/LOC111346320/LOC111325560/LOC111331622/LOC111326544/LOC111321502/LOC111341830,12
GO:0000932,P-body,1/257,54/8488,0.018518518518518517,0.6116155065571408,-0.5058937634058416,0.8109161053010825,0.931005971276968,0.7975583068610084,LOC111330060,1
GO:0007632,visual behavior,1/257,54/8488,0.018518518518518517,0.6116155065571408,-0.5058937634058416,0.8109161053010825,0.931005971276968,0.7975583068610084,LOC111345144,1
GO:0098562,cytoplasmic side of membrane,3/257,143/8488,0.02097902097902098,0.6928791053304673,-0.6544576888987799,0.8131669737094129,0.9332339782212568,0.7994669578267205,LOC111324532/LOC111334113/LOC111326058,3
GO:0006936,muscle contraction,2/257,101/8488,0.019801980198019802,0.6540047000809031,-0.6180803355391503,0.8156280350199744,0.9340558840274984,0.8001710540661101,LOC111328024/LOC111333735,2
GO:0007041,lysosomal transport,2/257,101/8488,0.019801980198019802,0.6540047000809031,-0.6180803355391503,0.8156280350199744,0.9340558840274984,0.8001710540661101,LOC111342143/LOC111342147,2
GO:0002761,regulation of myeloid leukocyte differentiation,1/257,55/8488,0.01818181818181818,0.6004952246197381,-0.5252059426052781,0.81667785072883,0.9340558840274984,0.8001710540661101,LOC111323862,1
GO:0010623,programmed cell death involved in cell development,1/257,55/8488,0.01818181818181818,0.6004952246197381,-0.5252059426052781,0.81667785072883,0.9340558840274984,0.8001710540661101,LOC111323127,1
GO:0030239,myofibril assembly,1/257,55/8488,0.01818181818181818,0.6004952246197381,-0.5252059426052781,0.81667785072883,0.9340558840274984,0.8001710540661101,LOC111330631,1
GO:0042770,signal transduction in response to DNA damage,1/257,55/8488,0.01818181818181818,0.6004952246197381,-0.5252059426052781,0.81667785072883,0.9340558840274984,0.8001710540661101,LOC111340883,1
GO:0044774,mitotic DNA integrity checkpoint signaling,1/257,55/8488,0.01818181818181818,0.6004952246197381,-0.5252059426052781,0.81667785072883,0.9340558840274984,0.8001710540661101,LOC111340883,1
GO:1901607,alpha-amino acid biosynthetic process,1/257,55/8488,0.01818181818181818,0.6004952246197381,-0.5252059426052781,0.81667785072883,0.9340558840274984,0.8001710540661101,LOC111327210,1
GO:1903313,positive regulation of mRNA metabolic process,1/257,55/8488,0.01818181818181818,0.6004952246197381,-0.5252059426052781,0.81667785072883,0.9340558840274984,0.8001710540661101,LOC111320938,1
GO:0006575,modified amino acid metabolic process,2/257,102/8488,0.0196078431372549,0.6475928892957962,-0.632680838567798,0.8199133345426672,0.9373999659081502,0.8030358050612934,LOC111325560/LOC111331303,2
GO:0004672,protein kinase activity,8/257,343/8488,0.023323615160349854,0.770314573856224,-0.7672772423421853,0.8221731844630844,0.93901753198206,0.8044215139599956,LOC111328393/LOC111324192/LOC111323862/LOC111333478/LOC111339275/LOC111321593/LOC111338817/LOC111327558,8
GO:0042176,regulation of protein catabolic process,6/257,266/8488,0.022556390977443608,0.7449752786635849,-0.7467095842869076,0.8221768128192037,0.93901753198206,0.8044215139599956,LOC111327625/LOC111326819/LOC111326544/LOC111325220/LOC111344752/LOC111340596,6
GO:1903426,regulation of reactive oxygen species biosynthetic process,1/257,56/8488,0.017857142857142856,0.5897720956086714,-0.544215961188001,0.8222646872475885,0.93901753198206,0.8044215139599956,LOC111326058,1
GO:0005875,microtubule associated complex,2/257,103/8488,0.019417475728155338,0.6413055796909825,-0.6471561189276388,0.8241094659813681,0.9400535736336576,0.8053090524409274,LOC111331389/LOC111331219,2
GO:0016747,"acyltransferase activity, transferring groups other than amino-acyl groups",2/257,103/8488,0.019417475728155338,0.6413055796909825,-0.6471561189276388,0.8241094659813681,0.9400535736336576,0.8053090524409274,LOC111335819/LOC111333875,2
GO:0070588,calcium ion transmembrane transport,2/257,103/8488,0.019417475728155338,0.6413055796909825,-0.6471561189276388,0.8241094659813681,0.9400535736336576,0.8053090524409274,LOC111323527/LOC111326058,2
GO:0000792,heterochromatin,1/257,57/8488,0.017543859649122806,0.5794252167383439,-0.562935289700635,0.8276819044412993,0.9429520690106777,0.8077920859945896,LOC111343122,1
GO:0016247,channel regulator activity,1/257,57/8488,0.017543859649122806,0.5794252167383439,-0.562935289700635,0.8276819044412993,0.9429520690106777,0.8077920859945896,LOC111320952,1
GO:0034440,lipid oxidation,1/257,57/8488,0.017543859649122806,0.5794252167383439,-0.562935289700635,0.8276819044412993,0.9429520690106777,0.8077920859945896,LOC111326885,1
GO:0050867,positive regulation of cell activation,2/257,104/8488,0.019230769230769232,0.6351391798862616,-0.6615088011758389,0.8282178744435541,0.9429520690106777,0.8077920859945896,LOC111322288/LOC111333767,2
GO:1902905,positive regulation of supramolecular fiber organization,2/257,104/8488,0.019230769230769232,0.6351391798862616,-0.6615088011758389,0.8282178744435541,0.9429520690106777,0.8077920859945896,LOC111333478/LOC111340622,2
GO:0045787,positive regulation of cell cycle,5/257,229/8488,0.021834061135371178,0.7211187195215197,-0.7559459312282226,0.8288083195406724,0.9432672815657747,0.8080621169068507,LOC111330205/LOC111322288/LOC111340883/LOC111321593/LOC111333767,5
GO:0034599,cellular response to oxidative stress,3/257,148/8488,0.02027027027027027,0.6694710274476812,-0.716761596125831,0.8310520760444641,0.9436788605143099,0.8084147013364469,LOC111333170/LOC111323527/LOC111336999,3
GO:0003015,heart process,1/257,58/8488,0.017241379310344827,0.5694351267945793,-0.5813747519781669,0.8329346325350707,0.9436788605143099,0.8084147013364469,LOC111335321,1
GO:0031490,chromatin DNA binding,1/257,58/8488,0.017241379310344827,0.5694351267945793,-0.5813747519781669,0.8329346325350707,0.9436788605143099,0.8084147013364469,LOC111331301,1
GO:0033135,regulation of peptidyl-serine phosphorylation,1/257,58/8488,0.017241379310344827,0.5694351267945793,-0.5813747519781669,0.8329346325350707,0.9436788605143099,0.8084147013364469,LOC111326058,1
GO:0042551,neuron maturation,1/257,58/8488,0.017241379310344827,0.5694351267945793,-0.5813747519781669,0.8329346325350707,0.9436788605143099,0.8084147013364469,LOC111322288,1
GO:0045580,regulation of T cell differentiation,1/257,58/8488,0.017241379310344827,0.5694351267945793,-0.5813747519781669,0.8329346325350707,0.9436788605143099,0.8084147013364469,LOC111333767,1
GO:0050660,flavin adenine dinucleotide binding,1/257,58/8488,0.017241379310344827,0.5694351267945793,-0.5813747519781669,0.8329346325350707,0.9436788605143099,0.8084147013364469,LOC111327626,1
GO:1902807,negative regulation of cell cycle G1/S phase transition,1/257,58/8488,0.017241379310344827,0.5694351267945793,-0.5813747519781669,0.8329346325350707,0.9436788605143099,0.8084147013364469,LOC111340883,1
GO:1903321,negative regulation of protein modification by small protein conjugation or removal,1/257,58/8488,0.017241379310344827,0.5694351267945793,-0.5813747519781669,0.8329346325350707,0.9436788605143099,0.8084147013364469,LOC111340883,1
GO:1903429,regulation of cell maturation,1/257,58/8488,0.017241379310344827,0.5694351267945793,-0.5813747519781669,0.8329346325350707,0.9436788605143099,0.8084147013364469,LOC111332158,1
GO:1905897,regulation of response to endoplasmic reticulum stress,1/257,58/8488,0.017241379310344827,0.5694351267945793,-0.5813747519781669,0.8329346325350707,0.9436788605143099,0.8084147013364469,LOC111338776,1
GO:2000134,negative regulation of G1/S transition of mitotic cell cycle,1/257,58/8488,0.017241379310344827,0.5694351267945793,-0.5813747519781669,0.8329346325350707,0.9436788605143099,0.8084147013364469,LOC111340883,1
GO:1903706,regulation of hemopoiesis,4/257,191/8488,0.020942408376963352,0.6916698922321592,-0.761534240702111,0.8356974512947628,0.9462416532698656,0.8106101508974772,LOC111329099/LOC111323862/LOC111333767/LOC111330060,4
GO:0006006,glucose metabolic process,1/257,59/8488,0.01694915254237288,0.5597836839675525,-0.5995445726128502,0.8380278471778331,0.9462416532698656,0.8106101508974772,LOC111338776,1
GO:0009055,electron transfer activity,1/257,59/8488,0.01694915254237288,0.5597836839675525,-0.5995445726128502,0.8380278471778331,0.9462416532698656,0.8106101508974772,LOC111324368,1
GO:0016051,carbohydrate biosynthetic process,1/257,59/8488,0.01694915254237288,0.5597836839675525,-0.5995445726128502,0.8380278471778331,0.9462416532698656,0.8106101508974772,LOC111324410,1
GO:0032091,negative regulation of protein binding,1/257,59/8488,0.01694915254237288,0.5597836839675525,-0.5995445726128502,0.8380278471778331,0.9462416532698656,0.8106101508974772,LOC111322288,1
GO:0042147,"retrograde transport, endosome to Golgi",1/257,59/8488,0.01694915254237288,0.5597836839675525,-0.5995445726128502,0.8380278471778331,0.9462416532698656,0.8106101508974772,LOC111333613,1
GO:0071347,cellular response to interleukin-1,1/257,59/8488,0.01694915254237288,0.5597836839675525,-0.5995445726128502,0.8380278471778331,0.9462416532698656,0.8106101508974772,LOC111325642,1
GO:0110020,regulation of actomyosin structure organization,1/257,59/8488,0.01694915254237288,0.5597836839675525,-0.5995445726128502,0.8380278471778331,0.9462416532698656,0.8106101508974772,LOC111333478,1
GO:0140029,exocytic process,1/257,59/8488,0.01694915254237288,0.5597836839675525,-0.5995445726128502,0.8380278471778331,0.9462416532698656,0.8106101508974772,LOC111335321,1
GO:0003714,transcription corepressor activity,2/257,107/8488,0.018691588785046728,0.6173315393287028,-0.7038562961208877,0.8400311260311251,0.9481477024771573,0.8122429926036118,LOC111326942/LOC111320928,2
GO:0009062,fatty acid catabolic process,1/257,60/8488,0.016666666666666666,0.5504539559014268,-0.6174544201746593,0.8429663740820087,0.9493238908973554,0.813250589626514,LOC111335819,1
GO:0038093,Fc receptor signaling pathway,1/257,60/8488,0.016666666666666666,0.5504539559014268,-0.6174544201746593,0.8429663740820087,0.9493238908973554,0.813250589626514,LOC111325968,1
GO:0046928,regulation of neurotransmitter secretion,1/257,60/8488,0.016666666666666666,0.5504539559014268,-0.6174544201746593,0.8429663740820087,0.9493238908973554,0.813250589626514,LOC111343646,1
GO:0050870,positive regulation of T cell activation,1/257,60/8488,0.016666666666666666,0.5504539559014268,-0.6174544201746593,0.8429663740820087,0.9493238908973554,0.813250589626514,LOC111333767,1
GO:1901606,alpha-amino acid catabolic process,1/257,60/8488,0.016666666666666666,0.5504539559014268,-0.6174544201746593,0.8429663740820087,0.9493238908973554,0.813250589626514,LOC111327210,1
GO:0006915,apoptotic process,8/257,352/8488,0.022727272727272728,0.7506190307746727,-0.8443967093860519,0.8429667927482833,0.9493238908973554,0.813250589626514,LOC111329099/LOC111324621/LOC111325851/LOC111344752/LOC111334113/LOC111333767/LOC111344472/LOC111338817,8
GO:0051493,regulation of cytoskeleton organization,7/257,314/8488,0.022292993630573247,0.7362759919700611,-0.841423305303891,0.8446735431548427,0.9508004174949872,0.8145154752336677,LOC111333478/LOC111323527/LOC111321894/LOC111333893/LOC111340596/LOC111330877/LOC111340622,7
GO:0008234,cysteine-type peptidase activity,2/257,109/8488,0.01834862385321101,0.6060043551208368,-0.7315195495435252,0.8474942184289004,0.9508004174949872,0.8145154752336677,LOC111333695/LOC111344752,2
GO:0045637,regulation of myeloid cell differentiation,2/257,109/8488,0.01834862385321101,0.6060043551208368,-0.7315195495435252,0.8474942184289004,0.9508004174949872,0.8145154752336677,LOC111323862/LOC111330060,2
GO:0001952,regulation of cell-matrix adhesion,1/257,61/8488,0.01639344262295082,0.5414301205587805,-0.6351134466288931,0.8477548935244534,0.9508004174949872,0.8145154752336677,LOC111333478,1
GO:0004497,monooxygenase activity,1/257,61/8488,0.01639344262295082,0.5414301205587805,-0.6351134466288931,0.8477548935244534,0.9508004174949872,0.8145154752336677,LOC111332887,1
GO:0006970,response to osmotic stress,1/257,61/8488,0.01639344262295082,0.5414301205587805,-0.6351134466288931,0.8477548935244534,0.9508004174949872,0.8145154752336677,LOC111336828,1
GO:0008366,axon ensheathment,1/257,61/8488,0.01639344262295082,0.5414301205587805,-0.6351134466288931,0.8477548935244534,0.9508004174949872,0.8145154752336677,LOC111335321,1
GO:0030660,Golgi-associated vesicle membrane,1/257,61/8488,0.01639344262295082,0.5414301205587805,-0.6351134466288931,0.8477548935244534,0.9508004174949872,0.8145154752336677,LOC111326544,1
GO:0043506,regulation of JUN kinase activity,1/257,61/8488,0.01639344262295082,0.5414301205587805,-0.6351134466288931,0.8477548935244534,0.9508004174949872,0.8145154752336677,LOC111323862,1
GO:0101005,deubiquitinase activity,1/257,61/8488,0.01639344262295082,0.5414301205587805,-0.6351134466288931,0.8477548935244534,0.9508004174949872,0.8145154752336677,LOC111330437,1
GO:1903039,positive regulation of leukocyte cell-cell adhesion,1/257,61/8488,0.01639344262295082,0.5414301205587805,-0.6351134466288931,0.8477548935244534,0.9508004174949872,0.8145154752336677,LOC111333767,1
GO:0045088,regulation of innate immune response,4/257,196/8488,0.02040816326530612,0.6740252521241958,-0.8158300707487797,0.8501050544098168,0.9528469847638231,0.8162686935546749,LOC111342023/LOC111327252/LOC111325671/LOC111334113,4
GO:0032774,RNA biosynthetic process,10/257,432/8488,0.023148148148148147,0.764519383196426,-0.8876763948593164,0.8502132005006986,0.9528469847638231,0.8162686935546749,LOC111330631/LOC111328662/LOC111341087/LOC111338776/LOC111340883/LOC111325851/LOC111331301/LOC111333767/LOC111344472/LOC111333334,10
GO:0007616,long-term memory,1/257,62/8488,0.016129032258064516,0.5326973766788,-0.6525303233432118,0.8523979447128023,0.9542288863774132,0.8174525174453764,LOC111330961,1
GO:0032588,trans-Golgi network membrane,1/257,62/8488,0.016129032258064516,0.5326973766788,-0.6525303233432118,0.8523979447128023,0.9542288863774132,0.8174525174453764,LOC111323127,1
GO:0050688,regulation of defense response to virus,1/257,62/8488,0.016129032258064516,0.5326973766788,-0.6525303233432118,0.8523979447128023,0.9542288863774132,0.8174525174453764,LOC111334113,1
GO:0098862,cluster of actin-based cell projections,2/257,111/8488,0.018018018018018018,0.5950853577312721,-0.758748901493884,0.8546405063473607,0.9563834237696656,0.8192982297690864,LOC111340398/LOC111330251,2
GO:0006351,DNA-templated transcription,10/257,435/8488,0.022988505747126436,0.7592468357261057,-0.9108673701745431,0.8559516334936372,0.9574869946151036,0.8202436180073396,LOC111330631/LOC111328662/LOC111341087/LOC111338776/LOC111340883/LOC111325851/LOC111331301/LOC111333767/LOC111344472/LOC111333334,10
GO:0005643,nuclear pore,1/257,63/8488,0.015873015873015872,0.5242418627632636,-0.6697132740302019,0.8568999300212297,0.9574869946151036,0.8202436180073396,LOC111330877,1
GO:0016079,synaptic vesicle exocytosis,1/257,63/8488,0.015873015873015872,0.5242418627632636,-0.6697132740302019,0.8568999300212297,0.9574869946151036,0.8202436180073396,LOC111335321,1
GO:2000278,regulation of DNA biosynthetic process,1/257,63/8488,0.015873015873015872,0.5242418627632636,-0.6697132740302019,0.8568999300212297,0.9574869946151036,0.8202436180073396,LOC111322288,1
GO:0018958,phenol-containing compound metabolic process,1/257,64/8488,0.015625,0.5160505836575876,-0.6866701049314681,0.8612651190995138,0.9590433032256832,0.8215768499077801,LOC111326058,1
GO:0022404,molting cycle process,1/257,64/8488,0.015625,0.5160505836575876,-0.6866701049314681,0.8612651190995138,0.9590433032256832,0.8215768499077801,LOC111336974,1
GO:0030866,cortical actin cytoskeleton organization,1/257,64/8488,0.015625,0.5160505836575876,-0.6866701049314681,0.8612651190995138,0.9590433032256832,0.8215768499077801,LOC111330877,1
GO:0032153,cell division site,1/257,64/8488,0.015625,0.5160505836575876,-0.6866701049314681,0.8612651190995138,0.9590433032256832,0.8215768499077801,LOC111330205,1
GO:0035821,modulation of process of another organism,1/257,64/8488,0.015625,0.5160505836575876,-0.6866701049314681,0.8612651190995138,0.9590433032256832,0.8215768499077801,LOC111327334,1
GO:0043648,dicarboxylic acid metabolic process,1/257,64/8488,0.015625,0.5160505836575876,-0.6866701049314681,0.8612651190995138,0.9590433032256832,0.8215768499077801,LOC111327210,1
GO:0051101,regulation of DNA binding,1/257,64/8488,0.015625,0.5160505836575876,-0.6866701049314681,0.8612651190995138,0.9590433032256832,0.8215768499077801,LOC111338776,1
GO:0072331,signal transduction by p53 class mediator,1/257,64/8488,0.015625,0.5160505836575876,-0.6866701049314681,0.8612651190995138,0.9590433032256832,0.8215768499077801,LOC111340883,1
GO:0016746,acyltransferase activity,2/257,113/8488,0.017699115044247787,0.5845528735236389,-0.7855610378372696,0.8614810522991343,0.9590433032256832,0.8215768499077801,LOC111335819/LOC111333875,2
GO:1902105,regulation of leukocyte differentiation,2/257,113/8488,0.017699115044247787,0.5845528735236389,-0.7855610378372696,0.8614810522991343,0.9590433032256832,0.8215768499077801,LOC111323862/LOC111333767,2
GO:0060090,molecular adaptor activity,2/257,114/8488,0.017543859649122806,0.5794252167383439,-0.7988156027765717,0.8647900784148624,0.9610250792914037,0.8232745640066336,LOC111320871/LOC111330877,2
GO:0007032,endosome organization,1/257,65/8488,0.015384615384615385,0.5081113439090094,-0.7034082325143542,0.8654976528591797,0.9610250792914037,0.8232745640066336,LOC111333613,1
GO:0031333,negative regulation of protein-containing complex assembly,1/257,65/8488,0.015384615384615385,0.5081113439090094,-0.7034082325143542,0.8654976528591797,0.9610250792914037,0.8232745640066336,LOC111321894,1
GO:0032182,ubiquitin-like protein binding,1/257,65/8488,0.015384615384615385,0.5081113439090094,-0.7034082325143542,0.8654976528591797,0.9610250792914037,0.8232745640066336,LOC111330877,1
GO:0043130,ubiquitin binding,1/257,65/8488,0.015384615384615385,0.5081113439090094,-0.7034082325143542,0.8654976528591797,0.9610250792914037,0.8232745640066336,LOC111330877,1
GO:0045619,regulation of lymphocyte differentiation,1/257,65/8488,0.015384615384615385,0.5081113439090094,-0.7034082325143542,0.8654976528591797,0.9610250792914037,0.8232745640066336,LOC111333767,1
GO:2001243,negative regulation of intrinsic apoptotic signaling pathway,1/257,65/8488,0.015384615384615385,0.5081113439090094,-0.7034082325143542,0.8654976528591797,0.9610250792914037,0.8232745640066336,LOC111338776,1
GO:0090150,establishment of protein localization to membrane,3/257,160/8488,0.01875,0.6192607003891051,-0.8590821624346945,0.8680914189860445,0.9634480495027172,0.825350232776684,LOC111336828/LOC111342143/LOC111342147,3
GO:0007006,mitochondrial membrane organization,1/257,66/8488,0.015151515151515152,0.5004126871831153,-0.7199347089219579,0.8696015473403848,0.9634480495027172,0.825350232776684,LOC111346891,1
GO:0007254,JNK cascade,1/257,66/8488,0.015151515151515152,0.5004126871831153,-0.7199347089219579,0.8696015473403848,0.9634480495027172,0.825350232776684,LOC111323862,1
GO:0016614,"oxidoreductase activity, acting on CH-OH group of donors",1/257,66/8488,0.015151515151515152,0.5004126871831153,-0.7199347089219579,0.8696015473403848,0.9634480495027172,0.825350232776684,LOC111331622,1
GO:0051092,positive regulation of NF-kappaB transcription factor activity,1/257,66/8488,0.015151515151515152,0.5004126871831153,-0.7199347089219579,0.8696015473403848,0.9634480495027172,0.825350232776684,LOC111323862,1
GO:0071805,potassium ion transmembrane transport,1/257,66/8488,0.015151515151515152,0.5004126871831153,-0.7199347089219579,0.8696015473403848,0.9634480495027172,0.825350232776684,LOC111336828,1
GO:0071695,anatomical structure maturation,2/257,116/8488,0.017241379310344827,0.5694351267945793,-0.8250311431761875,0.8711923397394237,0.9648551391517624,0.8265556343237381,LOC111322288/LOC111335321,2
GO:0009117,nucleotide metabolic process,7/257,327/8488,0.021406727828746176,0.7070050809743095,-0.9547279533699229,0.8723310935192747,0.9657607395310926,0.8273314286016639,LOC111346087/LOC111331664/LOC111346320/LOC111321593/LOC111331622/LOC111326058/LOC111341830,7
GO:0006813,potassium ion transport,1/257,67/8488,0.014925373134328358,0.49294384110575523,-0.7362562453904914,0.8735806974631015,0.9660774771944888,0.8276027660176751,LOC111336828,1
GO:0040018,positive regulation of multicellular organism growth,1/257,67/8488,0.014925373134328358,0.49294384110575523,-0.7362562453904914,0.8735806974631015,0.9660774771944888,0.8276027660176751,LOC111333901,1
GO:1990204,oxidoreductase complex,1/257,67/8488,0.014925373134328358,0.49294384110575523,-0.7362562453904914,0.8735806974631015,0.9660774771944888,0.8276027660176751,LOC111335366,1
GO:0016482,cytosolic transport,2/257,118/8488,0.01694915254237288,0.5597836839675525,-0.8508671788939706,0.877315660498657,0.9685637258875092,0.8297326431175189,LOC111331664/LOC111333613,2
GO:0016616,"oxidoreductase activity, acting on the CH-OH group of donors, NAD or NADP as acceptor",1/257,68/8488,0.014705882352941176,0.4856946669718471,-0.7523792338247315,0.8774388806660447,0.9685637258875092,0.8297326431175189,LOC111331622,1
GO:0016779,nucleotidyltransferase activity,1/257,68/8488,0.014705882352941176,0.4856946669718471,-0.7523792338247315,0.8774388806660447,0.9685637258875092,0.8297326431175189,LOC111329762,1
GO:0031985,Golgi cisterna,1/257,68/8488,0.014705882352941176,0.4856946669718471,-0.7523792338247315,0.8774388806660447,0.9685637258875092,0.8297326431175189,LOC111326544,1
GO:0071482,cellular response to light stimulus,1/257,68/8488,0.014705882352941176,0.4856946669718471,-0.7523792338247315,0.8774388806660447,0.9685637258875092,0.8297326431175189,LOC111336999,1
GO:0010921,regulation of phosphatase activity,1/257,69/8488,0.014492753623188406,0.4786556138273276,-0.7683097667018325,0.8811797604366891,0.9723362873784156,0.8329644567127524,LOC111324410,1
GO:0006753,nucleoside phosphate metabolic process,7/257,332/8488,0.02108433734939759,0.6963574140921662,-0.9972647686288502,0.8818346740230272,0.972702126681799,0.833277857683736,LOC111346087/LOC111331664/LOC111346320/LOC111321593/LOC111331622/LOC111326058/LOC111341830,7
GO:0016887,ATP hydrolysis activity,6/257,292/8488,0.02054794520547945,0.6786418634401151,-0.9874090722768681,0.8824287968114832,0.973000667451958,0.8335336064957983,LOC111331389/LOC111331219/LOC111334900/LOC111326058/LOC111334761/LOC111325968,6
GO:0072657,protein localization to membrane,6/257,293/8488,0.020477815699658702,0.6763256796058486,-0.9962880884103689,0.8843567479379816,0.9745511257139401,0.8348618266194447,LOC111336828/LOC111336974/LOC111342143/LOC111326544/LOC111328842/LOC111342147,6
GO:0061371,determination of heart left/right asymmetry,1/257,70/8488,0.014285714285714285,0.4718176764869372,-0.7840536554557734,0.8848068897356285,0.9745511257139401,0.8348618266194447,LOC111344472,1
GO:0097746,blood vessel diameter maintenance,1/257,70/8488,0.014285714285714285,0.4718176764869372,-0.7840536554557734,0.8848068897356285,0.9745511257139401,0.8348618266194447,LOC111322288,1
GO:0051495,positive regulation of cytoskeleton organization,2/257,121/8488,0.01652892561983471,0.5459047496543075,-0.8889393310581752,0.8860001805271511,0.9755082514735252,0.8356817607807915,LOC111333478/LOC111340622,2
GO:0004540,RNA nuclease activity,1/257,71/8488,0.014084507042253521,0.4651723570997972,-0.7996164474788395,0.8883237143184206,0.9760532805083848,0.8361486669528716,LOC111335313,1
GO:0009566,fertilization,1/257,71/8488,0.014084507042253521,0.4651723570997972,-0.7996164474788395,0.8883237143184206,0.9760532805083848,0.8361486669528716,LOC111325671,1
GO:0030018,Z disc,1/257,71/8488,0.014084507042253521,0.4651723570997972,-0.7996164474788395,0.8883237143184206,0.9760532805083848,0.8361486669528716,LOC111326058,1
GO:1990830,cellular response to leukemia inhibitory factor,1/257,71/8488,0.014084507042253521,0.4651723570997972,-0.7996164474788395,0.8883237143184206,0.9760532805083848,0.8361486669528716,LOC111338817,1
GO:0048193,Golgi vesicle transport,5/257,254/8488,0.01968503937007874,0.6501424676001103,-1.0002763888266621,0.8886395703129094,0.9760532805083848,0.8361486669528716,LOC111326934/LOC111321489/LOC111327334/LOC111344752/LOC111328207,5
GO:0005774,vacuolar membrane,3/257,168/8488,0.017857142857142856,0.5897720956086714,-0.9489329742714504,0.8886396970460702,0.9760532805083848,0.8361486669528716,LOC111342143/LOC111323527/LOC111342147,3
GO:0030016,myofibril,2/257,122/8488,0.01639344262295082,0.5414301205587805,-0.9014546273539029,0.8887666008352613,0.9760532805083848,0.8361486669528716,LOC111330205/LOC111326058,2
GO:0008021,synaptic vesicle,2/257,123/8488,0.016260162601626018,0.5370282496599286,-0.9138847640287168,0.8914708653262529,0.9771710733994907,0.8371062386904932,LOC111342023/LOC111343017,2
GO:0008593,regulation of Notch signaling pathway,2/257,123/8488,0.016260162601626018,0.5370282496599286,-0.9138847640287168,0.8914708653262529,0.9771710733994907,0.8371062386904932,LOC111329099/LOC111333893,2
GO:0016241,regulation of macroautophagy,2/257,123/8488,0.016260162601626018,0.5370282496599286,-0.9138847640287168,0.8914708653262529,0.9771710733994907,0.8371062386904932,LOC111342143/LOC111342147,2
GO:0007219,Notch signaling pathway,1/257,72/8488,0.013888888888888888,0.4587116299178556,-0.8150034418625269,0.8917335759579794,0.9771710733994907,0.8371062386904932,LOC111329099,1
GO:0071219,cellular response to molecule of bacterial origin,1/257,72/8488,0.013888888888888888,0.4587116299178556,-0.8150034418625269,0.8917335759579794,0.9771710733994907,0.8371062386904932,LOC111332158,1
GO:0097327,response to antineoplastic agent,1/257,72/8488,0.013888888888888888,0.4587116299178556,-0.8150034418625269,0.8917335759579794,0.9771710733994907,0.8371062386904932,LOC111322288,1
GO:0006839,mitochondrial transport,2/257,124/8488,0.016129032258064516,0.5326973766788,-0.9262312115229135,0.8941141829726708,0.9790664224178354,0.8387299139413706,LOC111346891/LOC111324621,2
GO:0046328,regulation of JNK cascade,2/257,124/8488,0.016129032258064516,0.5326973766788,-0.9262312115229135,0.8941141829726708,0.9790664224178354,0.8387299139413706,LOC111323862/LOC111333893,2
GO:0070555,response to interleukin-1,1/257,73/8488,0.0136986301369863,0.45242790896007673,-0.8302197039878603,0.8950397155704792,0.9793668477395422,0.8389872771788911,LOC111325642,1
GO:0072091,regulation of stem cell proliferation,1/257,73/8488,0.0136986301369863,0.45242790896007673,-0.8302197039878603,0.8950397155704792,0.9793668477395422,0.8389872771788911,LOC111333767,1
GO:0098796,membrane protein complex,11/257,498/8488,0.02208835341365462,0.729517290953698,-1.0992542442849738,0.8960498578082117,0.9800224123877147,0.8395488751137757,LOC111327082/LOC111333986/LOC111335366/LOC111328749/LOC111335693/LOC111333901/LOC111323636/LOC111342546/LOC111328517/LOC111334113/LOC111340596,11
GO:0007034,vacuolar transport,2/257,125/8488,0.016,0.5284357976653696,-0.9384954021335453,0.8966977468590863,0.9800224123877147,0.8395488751137757,LOC111342143/LOC111342147,2
GO:1903522,regulation of blood circulation,2/257,125/8488,0.016,0.5284357976653696,-0.9384954021335453,0.8966977468590863,0.9800224123877147,0.8395488751137757,LOC111322288/LOC111326058,2
GO:0016773,"phosphotransferase activity, alcohol group as acceptor",7/257,341/8488,0.020527859237536656,0.6779784794093818,-1.0724587321456842,0.8974627289679533,0.9800224123877147,0.8395488751137757,LOC111328393/LOC111324192/LOC111323862/LOC111322288/LOC111333478/LOC111339275/LOC111338817,7
GO:0003341,cilium movement,1/257,74/8488,0.013513513513513514,0.44631401829845413,-0.8452700790641209,0.8982452762476494,0.9800224123877147,0.8395488751137757,LOC111331389,1
GO:0003727,single-stranded RNA binding,1/257,74/8488,0.013513513513513514,0.44631401829845413,-0.8452700790641209,0.8982452762476494,0.9800224123877147,0.8395488751137757,LOC111343122,1
GO:0005903,brush border,1/257,74/8488,0.013513513513513514,0.44631401829845413,-0.8452700790641209,0.8982452762476494,0.9800224123877147,0.8395488751137757,LOC111330251,1
GO:1903561,extracellular vesicle,1/257,74/8488,0.013513513513513514,0.44631401829845413,-0.8452700790641209,0.8982452762476494,0.9800224123877147,0.8395488751137757,LOC111336828,1
GO:0000122,negative regulation of transcription by RNA polymerase II,8/257,383/8488,0.020887728459530026,0.689863965620587,-1.0974695231846456,0.9002572385451368,0.9812778664655579,0.840624376087516,LOC111322288/LOC111338776/LOC111325851/LOC111326942/LOC111333767/LOC111324368/LOC111320928/LOC111344472,8
GO:0030031,cell projection assembly,7/257,343/8488,0.02040816326530612,0.6740252521241958,-1.0889372034722524,0.9006891958766265,0.9812778664655579,0.840624376087516,LOC111322288/LOC111335693/LOC111331389/LOC111333478/LOC111340398/LOC111339275/LOC111328517,7
GO:0007617,mating behavior,1/257,75/8488,0.013333333333333334,0.4403631647211414,-0.8601592047052355,0.9013533061982502,0.9812778664655579,0.840624376087516,LOC111334761,1
GO:0009063,amino acid catabolic process,1/257,75/8488,0.013333333333333334,0.4403631647211414,-0.8601592047052355,0.9013533061982502,0.9812778664655579,0.840624376087516,LOC111327210,1
GO:0035082,axoneme assembly,1/257,75/8488,0.013333333333333334,0.4403631647211414,-0.8601592047052355,0.9013533061982502,0.9812778664655579,0.840624376087516,LOC111331389,1
GO:0070062,extracellular exosome,1/257,75/8488,0.013333333333333334,0.4403631647211414,-0.8601592047052355,0.9013533061982502,0.9812778664655579,0.840624376087516,LOC111336828,1
GO:0045089,positive regulation of innate immune response,2/257,128/8488,0.015625,0.5160505836575876,-0.9748082104641954,0.9041016055102092,0.983135243547935,0.8422155221883206,LOC111325671/LOC111334113,2
GO:0000077,DNA damage checkpoint signaling,1/257,76/8488,0.013157894736842105,0.4345689125537579,-0.8748915226243875,0.9043667616014416,0.983135243547935,0.8422155221883206,LOC111340883,1
GO:0005516,calmodulin binding,1/257,76/8488,0.013157894736842105,0.4345689125537579,-0.8748915226243875,0.9043667616014416,0.983135243547935,0.8422155221883206,LOC111326058,1
GO:0043467,regulation of generation of precursor metabolites and energy,1/257,76/8488,0.013157894736842105,0.4345689125537579,-0.8748915226243875,0.9043667616014416,0.983135243547935,0.8422155221883206,LOC111324410,1
GO:0044282,small molecule catabolic process,4/257,220/8488,0.01818181818181818,0.6004952246197381,-1.060841359082691,0.9052407642742696,0.9837298478818651,0.8427248976815531,LOC111335819/LOC111340366/LOC111327210/LOC111336425,4
GO:0003012,muscle system process,2/257,129/8488,0.015503875968992248,0.5120501915362109,-0.9867569781128317,0.9064577626983144,0.9839859076855032,0.8429442546241993,LOC111328024/LOC111333735,2
GO:0005874,microtubule,2/257,129/8488,0.015503875968992248,0.5120501915362109,-0.9867569781128317,0.9064577626983144,0.9839859076855032,0.8429442546241993,LOC111330205/LOC111323862,2
GO:0048872,homeostasis of number of cells,2/257,129/8488,0.015503875968992248,0.5120501915362109,-0.9867569781128317,0.9064577626983144,0.9839859076855032,0.8429442546241993,LOC111326654/LOC111339275,2
GO:0035264,multicellular organism growth,1/257,77/8488,0.012987012987012988,0.4289251604426702,-0.889471289519693,0.9072885093746738,0.9845324084412045,0.8434124215649735,LOC111336828,1
GO:0003018,vascular process in circulatory system,1/257,78/8488,0.01282051282051282,0.4234261199241744,-0.9039025872168853,0.9101213298586481,0.9867186682809449,0.8452853093336202,LOC111322288,1
GO:0003013,circulatory system process,3/257,178/8488,0.016853932584269662,0.5566388318104315,-1.0562932484742322,0.9102873352658318,0.9867186682809449,0.8452853093336202,LOC111320871/LOC111322288/LOC111335321,3
GO:0045732,positive regulation of protein catabolic process,3/257,178/8488,0.016853932584269662,0.5566388318104315,-1.0562932484742322,0.9102873352658318,0.9867186682809449,0.8452853093336202,LOC111326544/LOC111344752/LOC111340596,3
GO:0030695,GTPase regulator activity,2/257,131/8488,0.015267175572519083,0.5042326313600856,-1.0104288709494427,0.911009079202643,0.9871452846691462,0.8456507757803996,LOC111327252/LOC111333478,2
GO:0031570,DNA integrity checkpoint signaling,1/257,79/8488,0.012658227848101266,0.4180662956213368,-0.9181893321287842,0.9128679194218262,0.9884473367965635,0.8467661955760034,LOC111340883,1
GO:0031674,I band,1/257,79/8488,0.012658227848101266,0.4180662956213368,-0.9181893321287842,0.9128679194218262,0.9884473367965635,0.8467661955760034,LOC111326058,1
GO:0043547,positive regulation of GTPase activity,3/257,180/8488,0.016666666666666666,0.5504539559014268,-1.0771583461881185,0.9141317161179672,0.989140748393487,0.8473602155890454,LOC111327252/LOC111335693/LOC111333478,3
GO:1902532,negative regulation of intracellular signal transduction,7/257,352/8488,0.019886363636363636,0.6567916519278386,-1.1620934855061231,0.9141659842200445,0.989140748393487,0.8473602155890454,LOC111335693/LOC111327625/LOC111338776/LOC111323777/LOC111326819/LOC111325220/LOC111326058,7
GO:0006661,phosphatidylinositol biosynthetic process,1/257,80/8488,0.0125,0.41284046692607007,-0.932335284085817,0.9155308929868864,0.989509494646972,0.8476761068364318,LOC111338817,1
GO:0006766,vitamin metabolic process,1/257,80/8488,0.0125,0.41284046692607007,-0.932335284085817,0.9155308929868864,0.989509494646972,0.8476761068364318,LOC111330961,1
GO:0017156,calcium-ion regulated exocytosis,1/257,80/8488,0.0125,0.41284046692607007,-0.932335284085817,0.9155308929868864,0.989509494646972,0.8476761068364318,LOC111335321,1
GO:0006468,protein phosphorylation,10/257,474/8488,0.02109704641350211,0.6967771593688945,-1.2004491699397137,0.9158226173860273,0.989509494646972,0.8476761068364318,LOC111328393/LOC111332158/LOC111324192/LOC111323862/LOC111322288/LOC111333478/LOC111339275/LOC111321593/LOC111338817/LOC111327558,10
GO:0003713,transcription coactivator activity,3/257,182/8488,0.016483516483516484,0.5444050113310813,-1.0978323673275068,0.9178262710052993,0.9909161326645964,0.8488811214875882,LOC111340883/LOC111335313/LOC111336999,3
GO:0006479,protein methylation,1/257,81/8488,0.012345679012345678,0.40774367103809384,-0.9463440545869146,0.9181127864814594,0.9909161326645964,0.8488811214875882,LOC111321502,1
GO:1901796,regulation of signal transduction by p53 class mediator,1/257,81/8488,0.012345679012345678,0.40774367103809384,-0.9463440545869146,0.9181127864814594,0.9909161326645964,0.8488811214875882,LOC111336999,1
GO:0003682,chromatin binding,6/257,314/8488,0.01910828025477707,0.6310937074029096,-1.1770121134713294,0.9190838923868854,0.9916084463055062,0.8494742009224101,LOC111332739/LOC111333170/LOC111338776/LOC111325851/LOC111331301/LOC111333767,6
GO:0043292,contractile muscle fiber,2/257,136/8488,0.014705882352941176,0.4856946669718471,-1.0683476547392612,0.9214981808353164,0.9934703602776469,0.8510692336085104,LOC111330205/LOC111326058,2
GO:0003712,transcription coregulator activity,5/257,274/8488,0.01824817518248175,0.6026868130307591,-1.18126754973621,0.9226962489136267,0.9934703602776469,0.8510692336085104,LOC111340883/LOC111335313/LOC111336999/LOC111326942/LOC111320928,5
GO:0002429,immune response-activating cell surface receptor signaling pathway,1/257,83/8488,0.012048192771084338,0.39791852233838076,-0.9739638013626023,0.9230430961868095,0.9934703602776469,0.8510692336085104,LOC111325968,1
GO:0016705,"oxidoreductase activity, acting on paired donors, with incorporation or reduction of molecular oxygen",1/257,83/8488,0.012048192771084338,0.39791852233838076,-0.9739638013626023,0.9230430961868095,0.9934703602776469,0.8510692336085104,LOC111332887,1
GO:0032006,regulation of TOR signaling,1/257,83/8488,0.012048192771084338,0.39791852233838076,-0.9739638013626023,0.9230430961868095,0.9934703602776469,0.8510692336085104,LOC111333767,1
GO:0051403,stress-activated MAPK cascade,1/257,83/8488,0.012048192771084338,0.39791852233838076,-0.9739638013626023,0.9230430961868095,0.9934703602776469,0.8510692336085104,LOC111323862,1
GO:0009896,positive regulation of catabolic process,6/257,317/8488,0.01892744479495268,0.6251212117492544,-1.201988341240497,0.9232222705266897,0.9934703602776469,0.8510692336085104,LOC111346320/LOC111326544/LOC111320938/LOC111336999/LOC111344752/LOC111340596,6
GO:0009267,cellular response to starvation,2/257,137/8488,0.014598540145985401,0.48214945042460733,-1.0797242242357503,0.9234518375453127,0.9934703602776469,0.8510692336085104,LOC111325642/LOC111329755,2
GO:0048469,cell maturation,3/257,186/8488,0.016129032258064516,0.5326973766788,-1.1386249304365603,0.9247854372495443,0.9937850055834231,0.8513387785793043,LOC111327880/LOC111322288/LOC111336934,3
GO:0030667,secretory granule membrane,2/257,138/8488,0.014492753623188406,0.4786556138273276,-1.091034211110756,0.9253597653095167,0.9937850055834231,0.8513387785793043,LOC111323527/LOC111328842,2
GO:0007618,mating,1/257,84/8488,0.011904761904761904,0.3931813970724476,-0.9875813259910058,0.9253962103188724,0.9937850055834231,0.8513387785793043,LOC111334761,1
GO:0010508,positive regulation of autophagy,1/257,84/8488,0.011904761904761904,0.3931813970724476,-0.9875813259910058,0.9253962103188724,0.9937850055834231,0.8513387785793043,LOC111336999,1
GO:0061062,regulation of nematode larval development,1/257,84/8488,0.011904761904761904,0.3931813970724476,-0.9875813259910058,0.9253962103188724,0.9937850055834231,0.8513387785793043,LOC111326544,1
GO:0042391,regulation of membrane potential,3/257,188/8488,0.015957446808510637,0.5270303833098766,-1.158751963723716,0.9280595640537735,0.9962894963146862,0.8534842829571502,LOC111346891/LOC111323945/LOC111324532,3
GO:0042277,peptide binding,2/257,140/8488,0.014285714285714285,0.4718176764869372,-1.1134584674909698,0.9290422741016906,0.9964758958338252,0.8536439645160989,LOC111326544/LOC111333695,2
GO:0008016,regulation of heart contraction,1/257,86/8488,0.011627906976744186,0.38403764365215814,-1.0144471365773642,0.9298895743369506,0.9964758958338252,0.8536439645160989,LOC111326058,1
GO:0017148,negative regulation of translation,1/257,86/8488,0.011627906976744186,0.38403764365215814,-1.0144471365773642,0.9298895743369506,0.9964758958338252,0.8536439645160989,LOC111320938,1
GO:0019722,calcium-mediated signaling,1/257,86/8488,0.011627906976744186,0.38403764365215814,-1.0144471365773642,0.9298895743369506,0.9964758958338252,0.8536439645160989,LOC111323527,1
GO:1903037,regulation of leukocyte cell-cell adhesion,1/257,86/8488,0.011627906976744186,0.38403764365215814,-1.0144471365773642,0.9298895743369506,0.9964758958338252,0.8536439645160989,LOC111333767,1
GO:0018193,peptidyl-amino acid modification,9/257,448/8488,0.020089285714285716,0.6634936075597555,-1.293068890354132,0.9317783538975815,0.9975910251906084,0.8545992545025929,LOC111328393/LOC111324192/LOC111323862/LOC111322288/LOC111333478/LOC111339275/LOC111324368/LOC111321502/LOC111338817,9
GO:0009451,RNA modification,1/257,87/8488,0.011494252873563218,0.37962341786305287,-1.0277012662870808,0.9320341088996028,0.9975910251906084,0.8545992545025929,LOC111343122,1
GO:0071216,cellular response to biotic stimulus,1/257,87/8488,0.011494252873563218,0.37962341786305287,-1.0277012662870808,0.9320341088996028,0.9975910251906084,0.8545992545025929,LOC111332158,1
GO:0030133,transport vesicle,4/257,237/8488,0.016877637130801686,0.5574217274951155,-1.2210356124163544,0.9326346102747021,0.9975910251906084,0.8545992545025929,LOC111342023/LOC111343017/LOC111326544/LOC111321502,4
GO:0007093,mitotic cell cycle checkpoint signaling,1/257,88/8488,0.011363636363636364,0.37530951538733637,-1.0408399321234636,0.9341132939981389,0.9975910251906084,0.8545992545025929,LOC111340883,1
GO:0035303,regulation of dephosphorylation,1/257,88/8488,0.011363636363636364,0.37530951538733637,-1.0408399321234636,0.9341132939981389,0.9975910251906084,0.8545992545025929,LOC111324410,1
GO:0042752,regulation of circadian rhythm,1/257,88/8488,0.011363636363636364,0.37530951538733637,-1.0408399321234636,0.9341132939981389,0.9975910251906084,0.8545992545025929,LOC111343017,1
GO:0051251,positive regulation of lymphocyte activation,1/257,88/8488,0.011363636363636364,0.37530951538733637,-1.0408399321234636,0.9341132939981389,0.9975910251906084,0.8545992545025929,LOC111333767,1
GO:0046395,carboxylic acid catabolic process,2/257,143/8488,0.013986013986013986,0.46191940355364475,-1.146620076014297,0.9342466482586249,0.9975910251906084,0.8545992545025929,LOC111335819/LOC111327210,2
GO:0070382,exocytic vesicle,2/257,143/8488,0.013986013986013986,0.46191940355364475,-1.146620076014297,0.9342466482586249,0.9975910251906084,0.8545992545025929,LOC111342023/LOC111343017,2
GO:0043549,regulation of kinase activity,8/257,410/8488,0.01951219512195122,0.6444338995919142,-1.3040003698882503,0.9348065141538733,0.9978346325673708,0.8548079439126972,LOC111323862/LOC111322288/LOC111323945/LOC111328749/LOC111346320/LOC111327334/LOC111323636/LOC111326058,8
GO:0032388,positive regulation of intracellular transport,2/257,145/8488,0.013793103448275862,0.4555481014356635,-1.1684220865921742,0.9375138053606261,0.9998071796562638,0.8564977518891844,LOC111331301/LOC111333767,2
GO:0090575,RNA polymerase II transcription regulator complex,1/257,90/8488,0.011111111111111112,0.3669693039342845,-1.0667814401292792,0.9380834911007627,0.9998071796562638,0.8564977518891844,LOC111320928,1
GO:1903828,negative regulation of protein localization,1/257,90/8488,0.011111111111111112,0.3669693039342845,-1.0667814401292792,0.9380834911007627,0.9998071796562638,0.8564977518891844,LOC111326544,1
GO:0051650,establishment of vesicle localization,3/257,195/8488,0.015384615384615385,0.5081113439090094,-1.227850925450307,0.9385182039819551,0.9998071796562638,0.8564977518891844,LOC111335321/LOC111321489/LOC111344752,3
GO:0032872,regulation of stress-activated MAPK cascade,2/257,146/8488,0.0136986301369863,0.45242790896007673,-1.1792340252946187,0.9390892620936535,0.9998071796562638,0.8564977518891844,LOC111323862/LOC111333893,2
GO:0070302,regulation of stress-activated protein kinase signaling cascade,2/257,146/8488,0.0136986301369863,0.45242790896007673,-1.1792340252946187,0.9390892620936535,0.9998071796562638,0.8564977518891844,LOC111323862/LOC111333893,2
GO:0001933,negative regulation of protein phosphorylation,4/257,242/8488,0.01652892561983471,0.5459047496543075,-1.2663400403981664,0.9392094971940237,0.9998071796562638,0.8564977518891844,LOC111327625/LOC111323127/LOC111326819/LOC111325220,4
GO:0016301,kinase activity,7/257,373/8488,0.01876675603217158,0.6198141058407485,-1.326855152215585,0.93965325715093,0.9998071796562638,0.8564977518891844,LOC111328393/LOC111324192/LOC111323862/LOC111322288/LOC111333478/LOC111339275/LOC111338817,7
GO:0034249,negative regulation of amide metabolic process,1/257,91/8488,0.01098901098901099,0.36293667422072096,-1.0795893359002515,0.9399782925757691,0.9998071796562638,0.8564977518891844,LOC111320938,1
GO:0060359,response to ammonium ion,1/257,91/8488,0.01098901098901099,0.36293667422072096,-1.0795893359002515,0.9399782925757691,0.9998071796562638,0.8564977518891844,LOC111332158,1
GO:0045859,regulation of protein kinase activity,7/257,374/8488,0.01871657754010695,0.6181568488732598,-1.3345064177175079,0.9406811866792658,0.9999931182082122,0.8566570385546275,LOC111323862/LOC111322288/LOC111323945/LOC111328749/LOC111346320/LOC111323636/LOC111326058,7
GO:0021700,developmental maturation,4/257,244/8488,0.01639344262295082,0.5414301205587805,-1.284247736046026,0.9416726846226795,0.9999931182082122,0.8566570385546275,LOC111327880/LOC111322288/LOC111336934/LOC111335321,4
GO:0001578,microtubule bundle formation,1/257,92/8488,0.010869565217391304,0.3589917103704957,-1.092291883506317,0.941815327089051,0.9999931182082122,0.8566570385546275,LOC111331389,1
GO:0006892,post-Golgi vesicle-mediated transport,1/257,92/8488,0.010869565217391304,0.3589917103704957,-1.092291883506317,0.941815327089051,0.9999931182082122,0.8566570385546275,LOC111326934,1
GO:0051100,negative regulation of binding,1/257,92/8488,0.010869565217391304,0.3589917103704957,-1.092291883506317,0.941815327089051,0.9999931182082122,0.8566570385546275,LOC111322288,1
GO:0002768,immune response-regulating cell surface receptor signaling pathway,1/257,93/8488,0.010752688172043012,0.3551315844525334,-1.1048913980866562,0.9435963491159822,0.9999994515635655,0.8566624641054061,LOC111325968,1
GO:0006260,DNA replication,1/257,93/8488,0.010752688172043012,0.3551315844525334,-1.1048913980866562,0.9435963491159822,0.9999994515635655,0.8566624641054061,LOC111322288,1
GO:0045727,positive regulation of translation,1/257,93/8488,0.010752688172043012,0.3551315844525334,-1.1048913980866562,0.9435963491159822,0.9999994515635655,0.8566624641054061,LOC111340883,1
GO:0051648,vesicle localization,3/257,199/8488,0.01507537688442211,0.4978980505641046,-1.2664403463027387,0.9438472530915967,0.9999994515635655,0.8566624641054061,LOC111335321/LOC111321489/LOC111344752,3
GO:1901987,regulation of cell cycle phase transition,4/257,246/8488,0.016260162601626018,0.5370282496599286,-1.302036330258297,0.9440449847771653,0.9999994515635655,0.8566624641054061,LOC111340883/LOC111331303/LOC111326058/LOC111333767,4
GO:0002790,peptide secretion,1/257,94/8488,0.010638297872340425,0.3513535888732511,-1.1173901169494347,0.9453230600483458,0.9999994515635655,0.8566624641054061,LOC111338776,1
GO:0000287,magnesium ion binding,1/257,95/8488,0.010526315789473684,0.34765513004300636,-1.1297902030405025,0.9469971097943042,0.9999994515635655,0.8566624641054061,LOC111328207,1
GO:0009306,protein secretion,1/257,96/8488,0.010416666666666666,0.34403372243839164,-1.1420937482211904,0.9486200983303299,0.9999994515635655,0.8566624641054061,LOC111338776,1
GO:0043604,amide biosynthetic process,6/257,340/8488,0.01764705882352941,0.5828336003662165,-1.3872049552874675,0.9492504750235505,0.9999994515635655,0.8566624641054061,LOC111326885/LOC111331664/LOC111346320/LOC111331622/LOC111326544/LOC111341830,6
GO:0031400,negative regulation of protein modification process,6/257,341/8488,0.017595307917888565,0.5811244109223275,-1.3950209984882151,0.9501780167439493,0.9999994515635655,0.8566624641054061,LOC111327625/LOC111323127/LOC111340883/LOC111326819/LOC111325220/LOC111326058,6
GO:0017157,regulation of exocytosis,1/257,97/8488,0.010309278350515464,0.34048698303181035,-1.1543027763676323,0.9501935772065341,0.9999994515635655,0.8566624641054061,LOC111332158,1
GO:0031032,actomyosin structure organization,1/257,97/8488,0.010309278350515464,0.34048698303181035,-1.1543027763676323,0.9501935772065341,0.9999994515635655,0.8566624641054061,LOC111330631,1
GO:0040029,epigenetic regulation of gene expression,3/257,205/8488,0.014634146341463415,0.4833254246939357,-1.3231758109590925,0.9510447671111588,0.9999994515635655,0.8566624641054061,LOC111321403/LOC111320938/LOC111330060,3
GO:0008757,S-adenosylmethionine-dependent methyltransferase activity,1/257,98/8488,0.01020408163265306,0.3370126260620979,-1.166419246303126,0.9517190510067868,0.9999994515635655,0.8566624641054061,LOC111321502,1
GO:0022406,membrane docking,1/257,98/8488,0.01020408163265306,0.3370126260620979,-1.166419246303126,0.9517190510067868,0.9999994515635655,0.8566624641054061,LOC111335321,1
GO:0030496,midbody,1/257,98/8488,0.01020408163265306,0.3370126260620979,-1.166419246303126,0.9517190510067868,0.9999994515635655,0.8566624641054061,LOC111330205,1
GO:0045930,negative regulation of mitotic cell cycle,2/257,156/8488,0.01282051282051282,0.4234261199241744,-1.2842808137756334,0.9529052241857026,0.9999994515635655,0.8566624641054061,LOC111340883/LOC111344634,2
GO:0005700,polytene chromosome,1/257,99/8488,0.010101010101010102,0.33360845812207685,-1.1784450545741785,0.9531979787649818,0.9999994515635655,0.8566624641054061,LOC111321403,1
GO:0009411,response to UV,1/257,99/8488,0.010101010101010102,0.33360845812207685,-1.1784450545741785,0.9531979787649818,0.9999994515635655,0.8566624641054061,LOC111336999,1
GO:1901991,negative regulation of mitotic cell cycle phase transition,1/257,99/8488,0.010101010101010102,0.33360845812207685,-1.1784450545741785,0.9531979787649818,0.9999994515635655,0.8566624641054061,LOC111340883,1
GO:0043087,regulation of GTPase activity,3/257,208/8488,0.014423076923076924,0.4763543849146962,-1.3510497212005854,0.954313131636435,0.9999994515635655,0.8566624641054061,LOC111327252/LOC111335693/LOC111333478,3
GO:0043021,ribonucleoprotein complex binding,1/257,100/8488,0.01,0.33027237354085603,-1.190382038080107,0.954631775338757,0.9999994515635655,0.8566624641054061,LOC111327082,1
GO:0072659,protein localization to plasma membrane,1/257,100/8488,0.01,0.33027237354085603,-1.190382038080107,0.954631775338757,0.9999994515635655,0.8566624641054061,LOC111328842,1
GO:2001242,regulation of intrinsic apoptotic signaling pathway,1/257,100/8488,0.01,0.33027237354085603,-1.190382038080107,0.954631775338757,0.9999994515635655,0.8566624641054061,LOC111338776,1
GO:0055086,nucleobase-containing small molecule metabolic process,7/257,390/8488,0.017948717948717947,0.592796567893844,-1.4546958805642018,0.955152383063891,0.9999994515635655,0.8566624641054061,LOC111346087/LOC111331664/LOC111346320/LOC111321593/LOC111331622/LOC111326058/LOC111341830,7
GO:0018205,peptidyl-lysine modification,2/257,158/8488,0.012658227848101266,0.4180662956213368,-1.3046587040913205,0.9552845984886373,0.9999994515635655,0.8566624641054061,LOC111324368/LOC111321502,2
GO:0045862,positive regulation of proteolysis,4/257,257/8488,0.01556420233463035,0.5140426047328499,-1.3978347034196077,0.9555925669531441,0.9999994515635655,0.8566624641054061,LOC111328749/LOC111323636/LOC111326544/LOC111344752,4
GO:0019867,outer membrane,1/257,101/8488,0.009900990099009901,0.32700235004045153,-1.2022319765653509,0.9560218127419448,0.9999994515635655,0.8566624641054061,LOC111346320,1
GO:0033157,regulation of intracellular protein transport,2/257,159/8488,0.012578616352201259,0.41543694785013335,-1.3147732362629687,0.9564308811923644,0.9999994515635655,0.8566624641054061,LOC111331301/LOC111333767,2
GO:0031098,stress-activated protein kinase signaling cascade,1/257,102/8488,0.00980392156862745,0.3237964446478981,-1.2139965949829818,0.9573694214369871,0.9999994515635655,0.8566624641054061,LOC111323862,1
GO:0019901,protein kinase binding,7/257,393/8488,0.017811704834605598,0.5882714032534332,-1.4767814981699727,0.9574849098450795,0.9999994515635655,0.8566624641054061,LOC111323862/LOC111336828/LOC111336974/LOC111333478/LOC111331664/LOC111334113/LOC111326058,7
GO:0050863,regulation of T cell activation,1/257,103/8488,0.009708737864077669,0.3206527898454912,-1.225677565737307,0.9586758915885127,0.9999994515635655,0.8566624641054061,LOC111333767,1
GO:0002694,regulation of leukocyte activation,2/257,162/8488,0.012345679012345678,0.40774367103809384,-1.3448268651678008,0.9597039052301715,0.9999994515635655,0.8566624641054061,LOC111324532/LOC111333767,2
GO:0019898,extrinsic component of membrane,2/257,162/8488,0.012345679012345678,0.40774367103809384,-1.3448268651678008,0.9597039052301715,0.9999994515635655,0.8566624641054061,LOC111320952/LOC111324532,2
GO:0071478,cellular response to radiation,1/257,104/8488,0.009615384615384616,0.3175695899431308,-1.2372765108128898,0.9599424742792405,0.9999994515635655,0.8566624641054061,LOC111336999,1
GO:0010952,positive regulation of peptidase activity,1/257,105/8488,0.009523809523809525,0.3145451176579582,-1.248795003796818,0.9611703826893354,0.9999994515635655,0.8566624641054061,LOC111344752,1
GO:0018105,peptidyl-serine phosphorylation,1/257,105/8488,0.009523809523809525,0.3145451176579582,-1.248795003796818,0.9611703826893354,0.9999994515635655,0.8566624641054061,LOC111322288,1
GO:0022900,electron transport chain,1/257,106/8488,0.009433962264150943,0.3115777108876,-1.260234571800554,0.9623607932403124,0.9999994515635655,0.8566624641054061,LOC111324368,1
GO:0048489,synaptic vesicle transport,1/257,106/8488,0.009433962264150943,0.3115777108876,-1.260234571800554,0.9623607932403124,0.9999994515635655,0.8566624641054061,LOC111335321,1
GO:1901988,negative regulation of cell cycle phase transition,1/257,106/8488,0.009433962264150943,0.3115777108876,-1.260234571800554,0.9623607932403124,0.9999994515635655,0.8566624641054061,LOC111340883,1
GO:0042326,negative regulation of phosphorylation,4/257,265/8488,0.01509433962264151,0.49852433742016006,-1.4654635289578797,0.9625698306699485,0.9999994515635655,0.8566624641054061,LOC111327625/LOC111323127/LOC111326819/LOC111325220,4
GO:0045936,negative regulation of phosphate metabolic process,5/257,312/8488,0.016025641025641024,0.529282649905218,-1.4968711694340218,0.9630508222479301,0.9999994515635655,0.8566624641054061,LOC111322288/LOC111327625/LOC111323127/LOC111326819/LOC111325220,5
GO:0090257,regulation of muscle system process,1/257,107/8488,0.009345794392523364,0.3086657696643514,-1.2715966972872943,0.96351484670455,0.9999994515635655,0.8566624641054061,LOC111326058,1
GO:0097479,synaptic vesicle localization,1/257,107/8488,0.009345794392523364,0.3086657696643514,-1.2715966972872943,0.96351484670455,0.9999994515635655,0.8566624641054061,LOC111335321,1
GO:0007030,Golgi organization,1/257,108/8488,0.009259259259259259,0.3058077532785704,-1.2828828198103357,0.9646336492814419,0.9999994515635655,0.8566624641054061,LOC111321593,1
GO:0009615,response to virus,1/257,108/8488,0.009259259259259259,0.3058077532785704,-1.2828828198103357,0.9646336492814419,0.9999994515635655,0.8566624641054061,LOC111325671,1
GO:0010506,regulation of autophagy,3/257,220/8488,0.013636363636363636,0.45037141846480366,-1.4594787530925142,0.9654575862462218,0.9999994515635655,0.8566624641054061,LOC111342143/LOC111336999/LOC111342147,3
GO:0016236,macroautophagy,1/257,110/8488,0.00909090909090909,0.30024761230986907,-1.3052326094771236,0.9667697599371914,0.9999994515635655,0.8566624641054061,LOC111336999,1
GO:0016741,"transferase activity, transferring one-carbon groups",1/257,110/8488,0.00909090909090909,0.30024761230986907,-1.3052326094771236,0.9667697599371914,0.9999994515635655,0.8566624641054061,LOC111321502,1
GO:0030017,sarcomere,1/257,110/8488,0.00909090909090909,0.30024761230986907,-1.3052326094771236,0.9667697599371914,0.9999994515635655,0.8566624641054061,LOC111326058,1
GO:0030099,myeloid cell differentiation,1/257,110/8488,0.00909090909090909,0.30024761230986907,-1.3052326094771236,0.9667697599371914,0.9999994515635655,0.8566624641054061,LOC111326654,1
GO:0005770,late endosome,2/257,170/8488,0.011764705882352941,0.3885557335774777,-1.4229486943805627,0.9673224548954733,0.9999994515635655,0.8566624641054061,LOC111342143/LOC111342147,2
GO:0016579,protein deubiquitination,2/257,170/8488,0.011764705882352941,0.3885557335774777,-1.4229486943805627,0.9673224548954733,0.9999994515635655,0.8566624641054061,LOC111334113/LOC111330437,2
GO:0033218,amide binding,2/257,170/8488,0.011764705882352941,0.3885557335774777,-1.4229486943805627,0.9673224548954733,0.9999994515635655,0.8566624641054061,LOC111326544/LOC111333695,2
GO:0008168,methyltransferase activity,1/257,111/8488,0.009009009009009009,0.29754267886563607,-1.316298955677945,0.9677891167880079,0.9999994515635655,0.8566624641054061,LOC111321502,1
GO:0034250,positive regulation of amide metabolic process,1/257,111/8488,0.009009009009009009,0.29754267886563607,-1.316298955677945,0.9677891167880079,0.9999994515635655,0.8566624641054061,LOC111340883,1
GO:0016772,"transferase activity, transferring phosphorus-containing groups",8/257,453/8488,0.017660044150110375,0.5832624698293264,-1.6107796560493994,0.9685451874207107,0.9999994515635655,0.8566624641054061,LOC111328393/LOC111324192/LOC111323862/LOC111322288/LOC111333478/LOC111329762/LOC111339275/LOC111338817,8
GO:0043209,myelin sheath,1/257,112/8488,0.008928571428571428,0.2948860478043357,-1.327294659960668,0.9687773222297511,0.9999994515635655,0.8566624641054061,LOC111332158,1
GO:0005216,monoatomic ion channel activity,2/257,172/8488,0.011627906976744186,0.38403764365215814,-1.442044016078338,0.9689993337696564,0.9999994515635655,0.8566624641054061,LOC111343017/LOC111323527,2
GO:0006091,generation of precursor metabolites and energy,3/257,225/8488,0.013333333333333334,0.4403631647211414,-1.5033013123664267,0.9693014409846876,0.9999994515635655,0.8566624641054061,LOC111338776/LOC111324410/LOC111324368,3
GO:1901990,regulation of mitotic cell cycle phase transition,3/257,225/8488,0.013333333333333334,0.4403631647211414,-1.5033013123664267,0.9693014409846876,0.9999994515635655,0.8566624641054061,LOC111340883/LOC111331303/LOC111333767,3
GO:0008015,blood circulation,2/257,173/8488,0.011560693641618497,0.38181777287960234,-1.4515292825671091,0.9698064859736826,0.9999994515635655,0.8566624641054061,LOC111320871/LOC111322288,2
GO:0005261,monoatomic cation channel activity,1/257,114/8488,0.008771929824561403,0.28971260836917195,-1.3490791019136876,0.9706640436329873,0.9999994515635655,0.8566624641054061,LOC111323527,1
GO:1903052,positive regulation of proteolysis involved in protein catabolic process,1/257,114/8488,0.008771929824561403,0.28971260836917195,-1.3490791019136876,0.9706640436329873,0.9999994515635655,0.8566624641054061,LOC111344752,1
GO:0006338,chromatin remodeling,1/257,115/8488,0.008695652173913044,0.2871933682963965,-1.3598702351891505,0.9715643709301359,0.9999994515635655,0.8566624641054061,LOC111325851,1
GO:0007033,vacuole organization,1/257,116/8488,0.008620689655172414,0.28471756339728965,-1.3705955201845608,0.9724371712013595,0.9999994515635655,0.8566624641054061,LOC111336999,1
GO:0010927,cellular component assembly involved in morphogenesis,1/257,117/8488,0.008547008547008548,0.28228407994944965,-1.3812560761038513,0.9732832828833053,0.9999994515635655,0.8566624641054061,LOC111330631,1
GO:0017111,ribonucleoside triphosphate phosphatase activity,6/257,375/8488,0.016,0.5284357976653696,-1.65037671288776,0.9739277534521383,0.9999994515635655,0.8566624641054061,LOC111331389/LOC111331219/LOC111334900/LOC111326058/LOC111334761/LOC111325968,6
GO:0016197,endosomal transport,2/257,179/8488,0.0111731843575419,0.3690194117774928,-1.5075978052296597,0.9742414528313951,0.9999994515635655,0.8566624641054061,LOC111340366/LOC111333613,2
GO:0007088,regulation of mitotic nuclear division,1/257,119/8488,0.008403361344537815,0.27753980969819836,-1.402387331362747,0.9748986677921562,0.9999994515635655,0.8566624641054061,LOC111322288,1
GO:0120031,plasma membrane bounded cell projection assembly,5/257,331/8488,0.015105740181268883,0.49890086637591546,-1.6431975529912914,0.9749451199628456,0.9999994515635655,0.8566624641054061,LOC111335693/LOC111331389/LOC111333478/LOC111340398/LOC111328517,5
GO:0051259,protein complex oligomerization,4/257,284/8488,0.014084507042253521,0.4651723570997972,-1.6198602638407373,0.9752798607503506,0.9999994515635655,0.8566624641054061,LOC111320871/LOC111327252/LOC111336974/LOC111323527,4
GO:0019900,kinase binding,7/257,423/8488,0.016548463356973995,0.5465500271361684,-1.6904983062744465,0.9754741004165781,0.9999994515635655,0.8566624641054061,LOC111323862/LOC111336828/LOC111336974/LOC111333478/LOC111331664/LOC111334113/LOC111326058,7
GO:0040014,regulation of multicellular organism growth,1/257,120/8488,0.008333333333333333,0.2752269779507134,-1.4128601260021385,0.9756694937423791,0.9999994515635655,0.8566624641054061,LOC111333901,1
GO:0044089,positive regulation of cellular component biogenesis,5/257,335/8488,0.014925373134328358,0.49294384110575523,-1.673158586245706,0.9769472185257988,0.9999994515635655,0.8566624641054061,LOC111342023/LOC111333478/LOC111323777/LOC111326544/LOC111343646,5
GO:0071103,DNA conformation change,1/257,122/8488,0.00819672131147541,0.27071506027939024,-1.4336250875695051,0.9771411193182133,0.9999994515635655,0.8566624641054061,LOC111321403,1
GO:1903311,regulation of mRNA metabolic process,2/257,184/8488,0.010869565217391304,0.3589917103704957,-1.5532674777027846,0.9774517261897686,0.9999994515635655,0.8566624641054061,LOC111343122/LOC111320938,2
GO:0051338,regulation of transferase activity,8/257,474/8488,0.016877637130801686,0.5574217274951155,-1.7521527031276658,0.9784219694200974,0.9999994515635655,0.8566624641054061,LOC111323862/LOC111322288/LOC111323945/LOC111328749/LOC111346320/LOC111327334/LOC111323636/LOC111326058,8
GO:0034504,protein localization to nucleus,1/257,124/8488,0.008064516129032258,0.2663486883394,-1.4541556356033924,0.9785240593241549,0.9999994515635655,0.8566624641054061,LOC111330631,1
GO:2001252,positive regulation of chromosome organization,1/257,125/8488,0.008,0.2642178988326848,-1.464335323798971,0.9791839489408086,0.9999994515635655,0.8566624641054061,LOC111325851,1
GO:0031267,small GTPase binding,4/257,292/8488,0.0136986301369863,0.45242790896007673,-1.6824769280975729,0.9793148121762684,0.9999994515635655,0.8566624641054061,LOC111332158/LOC111322288/LOC111338817/LOC111327558,4
GO:0051054,positive regulation of DNA metabolic process,1/257,127/8488,0.007874015748031496,0.2600569870400441,-1.4845279691576858,0.9804437444797771,0.9999994515635655,0.8566624641054061,LOC111322288,1
GO:0008092,cytoskeletal protein binding,7/257,436/8488,0.016055045871559634,0.5302538107307322,-1.779393456158298,0.9808413800147946,0.9999994515635655,0.8566624641054061,LOC111332158/LOC111330205/LOC111340398/LOC111339304/LOC111321894/LOC111325968/LOC111322259,7
GO:0007265,Ras protein signal transduction,1/257,129/8488,0.007751937984496124,0.25602509576810545,-1.504503978806515,0.9816275754107145,0.9999994515635655,0.8566624641054061,LOC111320871,1
GO:0051345,positive regulation of hydrolase activity,5/257,347/8488,0.01440922190201729,0.47589679184561384,-1.7614083064551547,0.9820970002168736,0.9999994515635655,0.8566624641054061,LOC111327252/LOC111335693/LOC111333478/LOC111321403/LOC111344752,5
GO:0016462,pyrophosphatase activity,6/257,395/8488,0.015189873417721518,0.5016795547456041,-1.79213138452637,0.9824917741342118,0.9999994515635655,0.8566624641054061,LOC111331389/LOC111331219/LOC111334900/LOC111326058/LOC111334761/LOC111325968,6
GO:0016817,"hydrolase activity, acting on acid anhydrides",6/257,395/8488,0.015189873417721518,0.5016795547456041,-1.79213138452637,0.9824917741342118,0.9999994515635655,0.8566624641054061,LOC111331389/LOC111331219/LOC111334900/LOC111326058/LOC111334761/LOC111325968,6
GO:0030705,cytoskeleton-dependent intracellular transport,1/257,131/8488,0.007633587786259542,0.2521163156800428,-1.5242698784755866,0.9827400055214665,0.9999994515635655,0.8566624641054061,LOC111325968,1
GO:0016050,vesicle organization,3/257,249/8488,0.012048192771084338,0.39791852233838076,-1.703864485816909,0.9827642593442416,0.9999994515635655,0.8566624641054061,LOC111333613/LOC111321489/LOC111344752,3
GO:0016818,"hydrolase activity, acting on acid anhydrides, in phosphorus-containing anhydrides",6/257,396/8488,0.015151515151515152,0.5004126871831153,-1.7990714787950737,0.9828422903197588,0.9999994515635655,0.8566624641054061,LOC111331389/LOC111331219/LOC111334900/LOC111326058/LOC111334761/LOC111325968,6
GO:0051260,protein homooligomerization,2/257,196/8488,0.01020408163265306,0.3370126260620979,-1.6592850817738274,0.9836591178271995,0.9999994515635655,0.8566624641054061,LOC111327252/LOC111323527,2
GO:1990778,protein localization to cell periphery,1/257,133/8488,0.007518796992481203,0.24832509288786167,-1.5438318908124091,0.983785325428087,0.9999994515635655,0.8566624641054061,LOC111328842,1
GO:0002831,regulation of response to biotic stimulus,1/257,134/8488,0.007462686567164179,0.24647192055287762,-1.5535383055722072,0.9842840892060621,0.9999994515635655,0.8566624641054061,LOC111334113,1
GO:0042594,response to starvation,2/257,198/8488,0.010101010101010102,0.33360845812207685,-1.6764946349311352,0.9845180556575246,0.9999994515635655,0.8566624641054061,LOC111325642/LOC111329755,2
GO:1902275,regulation of chromatin organization,1/257,136/8488,0.007352941176470588,0.24284733348592355,-1.5728055371061307,0.9852362309989482,0.9999994515635655,0.8566624641054061,LOC111325851,1
GO:0006520,amino acid metabolic process,2/257,201/8488,0.009950248756218905,0.3286292274038368,-1.7020767993559909,0.9857249817475403,0.9999994515635655,0.8566624641054061,LOC111333875/LOC111327210,2
GO:0005635,nuclear envelope,3/257,259/8488,0.011583011583011582,0.3825548728272464,-1.7831672546801451,0.9865156838282518,0.9999994515635655,0.8566624641054061,LOC111342143/LOC111330877/LOC111342147,3
GO:0099003,vesicle-mediated transport in synapse,1/257,139/8488,0.007194244604316547,0.23760602413011228,-1.6013526673989913,0.9865577678906112,0.9999994515635655,0.8566624641054061,LOC111335321,1
GO:0051249,regulation of lymphocyte activation,1/257,140/8488,0.007142857142857143,0.2359088382434686,-1.6107766885004073,0.9869715484214667,0.9999994515635655,0.8566624641054061,LOC111333767,1
GO:0010638,positive regulation of organelle organization,5/257,363/8488,0.013774104683195593,0.45492062471192296,-1.8755072145868033,0.9873045286380102,0.9999994515635655,0.8566624641054061,LOC111322288/LOC111333478/LOC111331303/LOC111325851/LOC111340622,5
GO:0032386,regulation of intracellular transport,3/257,263/8488,0.011406844106463879,0.376736547765235,-1.8142575695050522,0.98778593075554455,0.9999994515635655,0.8566624641054061,LOC111344634/LOC111331301/LOC111333767,3
GO:0016604,nuclear body,6/257,413/8488,0.014527845036319613,0.47981458625790224,-1.915046362091581,0.9878868271549063,0.9999994515635655,0.8566624641054061,LOC111332158/LOC111338776/LOC111328517/LOC111336999/LOC111331301/LOC111333767,6
GO:0015980,energy derivation by oxidation of organic compounds,1/257,145/8488,0.006896551724137931,0.22777405071783174,-1.657237044007245,0.9888576941248761,0.9999994515635655,0.8566624641054061,LOC111324410,1
GO:1901605,alpha-amino acid metabolic process,1/257,146/8488,0.00684931506849315,0.22621395448003837,-1.6664012795874605,0.9892009246906087,0.9999994515635655,0.8566624641054061,LOC111327210,1
GO:0007346,regulation of mitotic cell cycle,6/257,420/8488,0.014285714285714285,0.4718176764869372,-1.9617466744925254,0.9895289819659321,0.9999994515635655,0.8566624641054061,LOC111322288/LOC111340883/LOC111321593/LOC111344634/LOC111331303/LOC111333767,6
GO:0036464,cytoplasmic ribonucleoprotein granule,1/257,147/8488,0.006802721088435374,0.22467508404139863,-1.6755242177341492,0.9895336221677742,0.9999994515635655,0.8566624641054061,LOC111330060,1
GO:0051020,GTPase binding,4/257,322/8488,0.012422360248447204,0.4102762404234236,-1.9062911670062057,0.989574497943885,0.9999994515635655,0.8566624641054061,LOC111332158/LOC111322288/LOC111338817/LOC111327558,4
GO:0010608,post-transcriptional regulation of gene expression,4/257,324/8488,0.012345679012345678,0.40774367103809384,-1.9206493311611434,0.990048865499867,0.9999994515635655,0.8566624641054061,LOC111343122/LOC111340883/LOC111320938/LOC111330060,4
GO:0043254,regulation of protein-containing complex assembly,3/257,273/8488,0.01098901098901099,0.36293667422072096,-1.8905035884169246,0.9904796166798311,0.9999994515635655,0.8566624641054061,LOC111332158/LOC111321894/LOC111330877,3
GO:0051783,regulation of nuclear division,1/257,151/8488,0.006622516556291391,0.21872342618599738,-1.711613633906241,0.990765376183997,0.9999994515635655,0.8566624641054061,LOC111322288,1
GO:0035770,ribonucleoprotein granule,1/257,152/8488,0.006578947368421052,0.21728445627687895,-1.7205379698854655,0.9910500467274433,0.9999994515635655,0.8566624641054061,LOC111330060,1
GO:0043414,macromolecule methylation,1/257,152/8488,0.006578947368421052,0.21728445627687895,-1.7205379698854655,0.9910500467274433,0.9999994515635655,0.8566624641054061,LOC111321502,1
GO:0032559,adenyl ribonucleotide binding,2/257,221/8488,0.00904977375565611,0.29888902582882904,-1.8660629702623965,0.9917311312983106,0.9999994515635655,0.8566624641054061,LOC111334900/LOC111326058,2
GO:0007005,mitochondrion organization,3/257,281/8488,0.010676156583629894,0.35260395751692813,-1.9500616673352917,0.9922140087063358,0.9999994515635655,0.8566624641054061,LOC111346891/LOC111324621/LOC111327210,3
GO:0051301,cell division,3/257,282/8488,0.010638297872340425,0.3513535888732511,-1.957420711533924,0.9924081178376676,0.9999994515635655,0.8566624641054061,LOC111323862/LOC111335662/LOC111333893,3
GO:0006417,regulation of translation,2/257,225/8488,0.008888888888888889,0.29357544314742756,-1.8976037609732757,0.9925937285226382,0.9999994515635655,0.8566624641054061,LOC111340883/LOC111320938,2
GO:0030554,adenyl nucleotide binding,2/257,225/8488,0.008888888888888889,0.29357544314742756,-1.8976037609732757,0.9925937285226382,0.9999994515635655,0.8566624641054061,LOC111334900/LOC111326058,2
GO:0008017,microtubule binding,1/257,163/8488,0.006134969325153374,0.20262108806187487,-1.816284132401016,0.9936594276531894,0.9999994515635655,0.8566624641054061,LOC111339304,1
GO:0003729,mRNA binding,2/257,231/8488,0.008658008658008658,0.28595010696178014,-1.9441992353741826,0.9937254372193238,0.9999994515635655,0.8566624641054061,LOC111343122/LOC111320938,2
GO:0007264,small GTPase-mediated signal transduction,1/257,165/8488,0.006060606060606061,0.20016507487324608,-1.8332417977536433,0.9940448857895179,0.9999994515635655,0.8566624641054061,LOC111320871,1
GO:0031396,regulation of protein ubiquitination,1/257,165/8488,0.006060606060606061,0.20016507487324608,-1.8332417977536433,0.9940448857895179,0.9999994515635655,0.8566624641054061,LOC111340883,1
GO:0010564,regulation of cell cycle process,6/257,447/8488,0.013422818791946308,0.4433186222024913,-2.136597844260788,0.9941014731916689,0.9999994515635655,0.8566624641054061,LOC111330205/LOC111322288/LOC111340883/LOC111331303/LOC111326058/LOC111333767,6
GO:0015631,tubulin binding,1/257,167/8488,0.005988023952095809,0.197767888347818,-1.8500687965832376,0.9944069966642789,0.9999994515635655,0.8566624641054061,LOC111339304,1
GO:0032259,methylation,1/257,168/8488,0.005952380952380952,0.1965906985362238,-1.858434226034783,0.9945797405481006,0.9999994515635655,0.8566624641054061,LOC111321502,1
GO:0016607,nuclear speck,2/257,237/8488,0.008438818565400843,0.27871086374755777,-1.989975055098405,0.9946877205978151,0.9999994515635655,0.8566624641054061,LOC111338776/LOC111333767,2
GO:0015931,nucleobase-containing compound transport,1/257,170/8488,0.0058823529411764705,0.19427786678873885,-1.8750707471582155,0.9949094456517102,0.9999994515635655,0.8566624641054061,LOC111334761,1
GO:0098687,chromosomal region,1/257,171/8488,0.005847953216374269,0.1931417389127813,-1.8833425406258224,0.9950667277468666,0.9999994515635655,0.8566624641054061,LOC111321403,1
GO:0010639,negative regulation of organelle organization,2/257,245/8488,0.00816326530612245,0.2696101008496784,-2.049804832710132,0.9957494126591606,0.9999994515635655,0.8566624641054061,LOC111321894/LOC111330877,2
GO:0031966,mitochondrial membrane,4/257,362/8488,0.011049723756906077,0.3649418492164155,-2.181959737952894,0.9959697858427402,0.9999994515635655,0.8566624641054061,LOC111331664/LOC111333875/LOC111346320/LOC111331303,4
GO:0045786,negative regulation of cell cycle,3/257,307/8488,0.009771986970684038,0.3227417331018137,-2.1356873153970386,0.9959909822825306,0.9999994515635655,0.8566624641054061,LOC111340883/LOC111344634/LOC111336999,3
GO:0007018,microtubule-based movement,2/257,251/8488,0.00796812749003984,0.2631652378811602,-2.0938221815029863,0.9964065187314413,0.9999994515635655,0.8566624641054061,LOC111331389/LOC111331219,2
GO:0010948,negative regulation of cell cycle process,1/257,182/8488,0.005494505494505495,0.18146833711036048,-1.9723890199671947,0.9965078316379969,0.9999994515635655,0.8566624641054061,LOC111340883,1
GO:0000209,protein polyubiquitination,1/257,183/8488,0.00546448087431694,0.18047670685292677,-1.9803155164412916,0.9966158845237464,0.9999994515635655,0.8566624641054061,LOC111338573,1
GO:0061630,ubiquitin protein ligase activity,1/257,184/8488,0.005434782608695652,0.17949585518524785,-1.9882151667612842,0.9967206067004348,0.9999994515635655,0.8566624641054061,LOC111338573,1
GO:0000785,chromatin,3/257,319/8488,0.009404388714733543,0.3106009782515888,-2.217680195995399,0.9970632226906766,0.9999994515635655,0.8566624641054061,LOC111343122/LOC111324368/LOC111344472,3
GO:0006403,RNA localization,1/257,191/8488,0.005235602094240838,0.1729174730580398,-2.0427835241668317,0.9973686111161538,0.9999994515635655,0.8566624641054061,LOC111343122,1
GO:0005929,cilium,4/257,392/8488,0.01020408163265306,0.3370126260620979,-2.3748183901697595,0.9980710607003423,0.9999994515635655,0.8566624641054061,LOC111331389/LOC111331219/LOC111326058/LOC111333767,4
GO:0005740,mitochondrial envelope,4/257,393/8488,0.010178117048346057,0.3361550875733904,-2.381068237845341,0.9981184694504182,0.9999994515635655,0.8566624641054061,LOC111331664/LOC111333875/LOC111346320/LOC111331303,4
GO:0008340,determination of adult lifespan,1/257,208/8488,0.004807692307692308,0.1587847949715654,-2.170405968239066,0.9984595362795878,0.9999994515635655,0.8566624641054061,LOC111329762,1
GO:0044782,cilium organization,2/257,282/8488,0.0070921985815602835,0.2342357259155007,-2.3108473654267114,0.9985045147435891,0.9999994515635655,0.8566624641054061,LOC111331389/LOC111331301,2
GO:0006325,chromatin organization,3/257,346/8488,0.008670520231213872,0.28636332965970174,-2.394787709071462,0.9985568458553136,0.9999994515635655,0.8566624641054061,LOC111321403/LOC111325851/LOC111324368,3
GO:0005743,mitochondrial inner membrane,2/257,284/8488,0.007042253521126761,0.2325861785498986,-2.3243061045764777,0.9985874373106425,0.9999994515635655,0.8566624641054061,LOC111331303/LOC111334900,2
GO:0004842,ubiquitin-protein transferase activity,2/257,287/8488,0.006968641114982578,0.23015496413996936,-2.344381135086311,0.9987034155262351,0.9999994515635655,0.8566624641054061,LOC111330113/LOC111334113,2
GO:0035639,purine ribonucleoside triphosphate binding,2/257,289/8488,0.006920415224913495,0.2285621962220457,-2.3576903038602466,0.9987754787839391,0.9999994515635655,0.8566624641054061,LOC111334900/LOC111326058,2
GO:0006605,protein targeting,1/257,216/8488,0.004629629629629629,0.1529038766392852,-2.228289782337905,0.9988031050221744,0.9999994515635655,0.8566624641054061,LOC111324410,1
GO:0006518,peptide metabolic process,3/257,354/8488,0.00847457627118644,0.27989184198377626,-2.44548295369012,0.9988337694473683,0.9999994515635655,0.8566624641054061,LOC111323911/LOC111326544/LOC111321502,3
GO:0031625,ubiquitin protein ligase binding,1/257,218/8488,0.0045871559633027525,0.1515010887802092,-2.2425603709083877,0.9988763259203459,0.9999994515635655,0.8566624641054061,LOC111334113,1
GO:0051656,establishment of organelle localization,3/257,358/8488,0.008379888268156424,0.27676455883311957,-2.4705480356466563,0.998952049667829,0.9999994515635655,0.8566624641054061,LOC111335321/LOC111321489/LOC111344752,3
GO:0051052,regulation of DNA metabolic process,1/257,222/8488,0.0045045045045045045,0.14877133943281803,-2.2708705931151028,0.9990096498150729,0.9999994515635655,0.8566624641054061,LOC111322288,1
GO:0044389,ubiquitin-like protein ligase binding,1/257,223/8488,0.004484304932735426,0.14810420338154978,-2.2779009716894887,0.9990404410076118,0.9999994515635655,0.8566624641054061,LOC111334113,1
GO:0043161,proteasome-mediated ubiquitin-dependent protein catabolic process,1/257,228/8488,0.0043859649122807015,0.14485630418458598,-2.312777534865671,0.9991806662537176,0.9999994515635655,0.8566624641054061,LOC111338573,1
GO:0010256,endomembrane system organization,2/257,314/8488,0.006369426751592357,0.2103645691343032,-2.5193673461410833,0.9994035132180412,0.9999994515635655,0.8566624641054061,LOC111333613/LOC111321593,2
GO:0030163,protein catabolic process,3/257,389/8488,0.007712082262210797,0.2547087713682694,-2.658902871951925,0.9995465255024997,0.9999994515635655,0.8566624641054061,LOC111325671/LOC111333695/LOC111344752,3
GO:0008134,transcription factor binding,3/257,394/8488,0.007614213197969543,0.2514764265539513,-2.6883719477543417,0.9996043888851398,0.9999994515635655,0.8566624641054061,LOC111338776/LOC111336999/LOC111326942,3
GO:0033044,regulation of chromosome organization,1/257,252/8488,0.003968253968253968,0.1310604656908159,-2.4742809998838977,0.9996166986011842,0.9999994515635655,0.8566624641054061,LOC111325851,1
GO:0032555,purine ribonucleotide binding,2/257,331/8488,0.006042296072507553,0.1995603465503662,-2.6247909677136563,0.9996358645872737,0.9999994515635655,0.8566624641054061,LOC111334900/LOC111326058,2
GO:0019787,ubiquitin-like protein transferase activity,1/257,256/8488,0.00390625,0.1290126459143969,-2.500325287346323,0.9996623562469062,0.9999994515635655,0.8566624641054061,LOC111334113,1
GO:0051603,proteolysis involved in protein catabolic process,2/257,336/8488,0.005952380952380952,0.1965906985362238,-2.655166564746993,0.999685266978059,0.9999994515635655,0.8566624641054061,LOC111333695/LOC111344752,2
GO:0032553,ribonucleotide binding,2/257,338/8488,0.005917159763313609,0.19542743996500356,-2.667240178066493,0.9997031210327074,0.9999994515635655,0.8566624641054061,LOC111334900/LOC111326058,2
GO:0017076,purine nucleotide binding,2/257,339/8488,0.0058997050147492625,0.194850957841213,-2.6732608164179927,0.9997116694666244,0.9999994515635655,0.8566624641054061,LOC111334900/LOC111326058,2
GO:0005759,mitochondrial matrix,1/257,267/8488,0.003745318352059925,0.1236975181800959,-2.5707788020127222,0.9997618537424999,0.9999994515635655,0.8566624641054061,LOC111333875,1
GO:0016567,protein ubiquitination,2/257,359/8488,0.005571030640668524,0.18399575127624293,-2.7915052209094413,0.9998396345244944,0.9999994515635655,0.8566624641054061,LOC111330113/LOC111334113,2
GO:0060271,cilium assembly,1/257,280/8488,0.0035714285714285713,0.1179544191217343,-2.651970765021003,0.9998424579494201,0.9999994515635655,0.8566624641054061,LOC111331389,1
GO:0000228,nuclear chromosome,1/257,283/8488,0.0035335689045936395,0.1167040189190304,-2.670407514375879,0.9998567994851959,0.9999994515635655,0.8566624641054061,LOC111343122,1
GO:0043043,peptide biosynthetic process,1/257,285/8488,0.0035087719298245615,0.11588504334766879,-2.6826386277222114,0.9998656302795527,0.9999994515635655,0.8566624641054061,LOC111326544,1
GO:0000166,nucleotide binding,3/257,456/8488,0.006578947368421052,0.21728445627687895,-3.035930965007053,0.9999292879902654,0.9999994515635655,0.8566624641054061,LOC111340822/LOC111334900/LOC111326058,3
GO:0000226,microtubule cytoskeleton organization,2/257,391/8488,0.005115089514066497,0.1689372754684686,-2.972880650979477,0.9999378132958079,0.9999994515635655,0.8566624641054061,LOC111331389/LOC111334412,2
GO:0006259,DNA metabolic process,2/257,398/8488,0.005025125628140704,0.16596601685470153,-3.0113995674978047,0.9999495202232541,0.9999994515635655,0.8566624641054061,LOC111322288/LOC111321403,2
GO:0051640,organelle localization,3/257,475/8488,0.00631578947368421,0.2085930780258038,-3.1366527354081235,0.9999586929120621,0.9999994515635655,0.8566624641054061,LOC111335321/LOC111321489/LOC111344752,3
GO:0005813,centrosome,1/257,325/8488,0.003076923076923077,0.10162226878180185,-2.918052641961293,0.999962503100124,0.9999994515635655,0.8566624641054061,LOC111344752,1
GO:0032446,protein modification by small protein conjugation,1/257,363/8488,0.0027548209366391185,0.09098412494238459,-3.1277386544729637,0.9999889122795476,0.9999994515635655,0.8566624641054061,LOC111334113,1
GO:0016071,mRNA metabolic process,2/257,451/8488,0.004434589800443459,0.14646224990725323,-3.2914054388373692,0.9999897432879239,0.9999994515635655,0.8566624641054061,LOC111343122/LOC111330060,2
GO:0006974,DNA damage response,1/257,403/8488,0.0024813895781637717,0.08195344256596925,-3.336526505473974,0.9999969442684749,0.9999994515635655,0.8566624641054061,LOC111340883,1
GO:0005815,microtubule organizing center,1/257,420/8488,0.002380952380952381,0.07863627941448954,-3.4220800931668887,0.999998236487684,0.9999994515635655,0.8566624641054061,LOC111344752,1
GO:1903047,mitotic cell cycle process,1/257,456/8488,0.0021929824561403508,0.07242815209229299,-3.597787367217498,0.9999994515635655,0.9999994515635655,0.8566624641054061,LOC111340883,1
